lon;lat;depth;slip;strike;dip;rake;width;length;rupture
35.25497288;33.76740604;70.711;0;25;45;90;200;1000;12.077
35.25953576;33.77557682;70.711;0;25;45;90;200;1000;11.851
35.2640995;33.78374742;70.711;0;25;45;90;200;1000;11.668
35.26866411;33.79191785;70.711;0;25;45;90;200;1000;11.555
35.27322959;33.80008809;70.711;0;25;45;90;200;1000;11.508
35.27779593;33.80825815;70.711;0;25;45;90;200;1000;11.283
35.28236315;33.81642804;70.711;0;25;45;90;200;1000;11.119
35.28693123;33.82459774;70.711;0;25;45;90;200;1000;11.006
35.29150018;33.83276727;70.711;0;25;45;90;200;1000;10.69
35.29607;33.84093661;70.711;0;25;45;90;200;1000;10.444
35.30064069;33.84910578;70.711;0;25;45;90;200;1000;10.176
35.30521225;33.85727476;70.711;0;25;45;90;200;1000;9.998
35.30978468;33.86544356;70.711;0;25;45;90;200;1000;9.713
35.31435798;33.87361219;70.711;0;25;45;90;200;1000;9.512
35.31893216;33.88178063;70.711;0;25;45;90;200;1000;9.135
35.3235072;33.88994889;70.711;0;25;45;90;200;1000;8.614
35.32808312;33.89811697;70.711;0;25;45;90;200;1000;8.269
35.33265991;33.90628487;70.711;0;25;45;90;200;1000;8.051
35.33723757;33.91445259;70.711;0;25;45;90;200;1000;7.806
35.34181611;33.92262013;70.711;0;25;45;90;200;1000;7.545
35.34639552;33.93078748;70.711;0;25;45;90;200;1000;7.42
35.3509758;33.93895466;70.711;0;25;45;90;200;1000;7.392
35.35555696;33.94712165;70.711;0;25;45;90;200;1000;7.193
35.360139;33.95528847;70.711;0.12734;25;45;90;200;1000;6.81
35.36472191;33.9634551;70.711;0.20734;25;45;90;200;1000;6.482
35.36930569;33.97162155;70.711;0;25;45;90;200;1000;6.182
35.37389036;33.97978782;70.711;0;25;45;90;200;1000;5.966
35.3784759;33.9879539;70.711;0;25;45;90;200;1000;5.754
35.38306231;33.99611981;70.711;0;25;45;90;200;1000;5.473
35.38764961;34.00428553;70.711;0;25;45;90;200;1000;5.342
35.39223778;34.01245107;70.711;0;25;45;90;200;1000;5.204
35.39682683;34.02061643;70.711;0;25;45;90;200;1000;4.952
35.40141676;34.02878161;70.711;0;25;45;90;200;1000;4.696
35.40600757;34.0369466;70.711;0;25;45;90;200;1000;4.499
35.41059926;34.04511141;70.711;0;25;45;90;200;1000;4.445
35.41519183;34.05327604;70.711;0;25;45;90;200;1000;4.353
35.41978528;34.06144049;70.711;0;25;45;90;200;1000;3.797
35.42437961;34.06960476;70.711;0;25;45;90;200;1000;3.701
35.42897483;34.07776884;70.711;0.023149;25;45;90;200;1000;3.596
35.43357092;34.08593274;70.711;0;25;45;90;200;1000;3.415
35.4381679;34.09409646;70.711;0;25;45;90;200;1000;3.38
35.44276576;34.10225999;70.711;0;25;45;90;200;1000;3.521
35.4473645;34.11042334;70.711;0;25;45;90;200;1000;3.582
35.45196413;34.11858651;70.711;0;25;45;90;200;1000;3.798
35.45656464;34.12674949;70.711;0;25;45;90;200;1000;3.958
35.46116604;34.1349123;70.711;0;25;45;90;200;1000;4.125
35.46576832;34.14307491;70.711;0;25;45;90;200;1000;4.253
35.47037148;34.15123735;70.711;0;25;45;90;200;1000;4.521
35.47497553;34.1593996;70.711;0.20734;25;45;90;200;1000;4.767
35.47958047;34.16756167;70.711;0;25;45;90;200;1000;5.076
35.48418629;34.17572355;70.711;0.21374;25;45;90;200;1000;5.262
35.488793;34.18388525;70.711;0;25;45;90;200;1000;5.519
35.4934006;34.19204677;70.711;0;25;45;90;200;1000;5.777
35.49800909;34.2002081;70.711;0;25;45;90;200;1000;6.059
35.50261846;34.20836925;70.711;0;25;45;90;200;1000;6.209
35.50722873;34.21653021;70.711;0;25;45;90;200;1000;6.352
35.51183988;34.22469099;70.711;0;25;45;90;200;1000;6.462
35.51645192;34.23285159;70.711;0;25;45;90;200;1000;6.672
35.52106485;34.241012;70.711;0;25;45;90;200;1000;6.801
35.52567867;34.24917223;70.711;0;25;45;90;200;1000;6.992
35.53029338;34.25733227;70.711;0;25;45;90;200;1000;7.209
35.53490899;34.26549213;70.711;0;25;45;90;200;1000;7.457
35.53952548;34.2736518;70.711;0;25;45;90;200;1000;7.686
35.54414287;34.28181129;70.711;0;25;45;90;200;1000;7.788
35.54876115;34.28997059;70.711;0;25;45;90;200;1000;7.953
35.55338032;34.29812971;70.711;0;25;45;90;200;1000;8.113
35.55800039;34.30628865;70.711;0;25;45;90;200;1000;8.33
35.56262135;34.31444739;70.711;0;25;45;90;200;1000;8.589
35.56724321;34.32260596;70.711;0;25;45;90;200;1000;8.833
35.57186595;34.33076433;70.711;0;25;45;90;200;1000;9.031
35.5764896;34.33892253;70.711;0;25;45;90;200;1000;9.211
35.58111414;34.34708053;70.711;0;25;45;90;200;1000;9.381
35.58573957;34.35523835;70.711;0;25;45;90;200;1000;9.595
35.5903659;34.36339599;70.711;0.12734;25;45;90;200;1000;9.857
35.59499313;34.37155344;70.711;0;25;45;90;200;1000;10.042
35.59962126;34.3797107;70.711;0;25;45;90;200;1000;10.233
35.60425028;34.38786778;70.711;0;25;45;90;200;1000;10.429
35.6088802;34.39602467;70.711;0;25;45;90;200;1000;10.676
35.61351102;34.40418138;70.711;0;25;45;90;200;1000;10.875
35.61814274;34.4123379;70.711;0;25;45;90;200;1000;11.072
35.62277536;34.42049423;70.711;0;25;45;90;200;1000;11.336
35.62740888;34.42865038;70.711;0;25;45;90;200;1000;11.585
35.6320433;34.43680634;70.711;0;25;45;90;200;1000;11.778
35.63667861;34.44496211;70.711;0;25;45;90;200;1000;12.037
35.64131483;34.4531177;70.711;0;25;45;90;200;1000;12.336
35.64595196;34.4612731;70.711;0;25;45;90;200;1000;12.633
35.65058998;34.46942831;70.711;0;25;45;90;200;1000;12.893
35.6552289;34.47758334;70.711;0;25;45;90;200;1000;13.231
35.65986873;34.48573818;70.711;0;25;45;90;200;1000;13.521
35.66450946;34.49389283;70.711;0;25;45;90;200;1000;13.734
35.6691511;34.5020473;70.711;0;25;45;90;200;1000;13.978
35.67379364;34.51020158;70.711;0;25;45;90;200;1000;14.415
35.67843708;34.51835567;70.711;0;25;45;90;200;1000;14.798
35.68308143;34.52650957;70.711;0;25;45;90;200;1000;15.071
35.68772668;34.53466329;70.711;0;25;45;90;200;1000;15.322
35.69237284;34.54281681;70.711;0;25;45;90;200;1000;15.691
35.69701991;34.55097015;70.711;0;25;45;90;200;1000;15.963
35.70166788;34.55912331;70.711;0;25;45;90;200;1000;16.239
35.70631676;34.56727627;70.711;0;25;45;90;200;1000;16.508
35.71096655;34.57542905;70.711;0;25;45;90;200;1000;16.732
35.25635647;33.76686718;212.132;0.16375;25;45;90;200;1000;12.04
35.26091948;33.77503796;212.132;0;25;45;90;200;1000;11.825
35.26548336;33.78320857;212.132;0;25;45;90;200;1000;11.61
35.2700481;33.79137899;212.132;0;25;45;90;200;1000;11.483
35.27461371;33.79954924;212.132;0;25;45;90;200;1000;11.448
35.27918018;33.8077193;212.132;0;25;45;90;200;1000;11.256
35.28374753;33.81588919;212.132;0.55772;25;45;90;200;1000;11.04
35.28831574;33.82405889;212.132;0.36712;25;45;90;200;1000;10.91
35.29288482;33.83222842;212.132;0;25;45;90;200;1000;10.611
35.29745478;33.84039776;212.132;0;25;45;90;200;1000;10.31
35.3020256;33.84856693;212.132;0.25759;25;45;90;200;1000;10.044
35.30659729;33.85673591;212.132;0;25;45;90;200;1000;9.811
35.31116985;33.86490471;212.132;0;25;45;90;200;1000;9.616
35.31574328;33.87307334;212.132;0;25;45;90;200;1000;9.359
35.32031759;33.88124178;212.132;0;25;45;90;200;1000;9.087
35.32489277;33.88941004;212.132;0;25;45;90;200;1000;8.583
35.32946882;33.89757812;212.132;0.21374;25;45;90;200;1000;8.226
35.33404574;33.90574603;212.132;0;25;45;90;200;1000;8.001
35.33862353;33.91391374;212.132;0.12022;25;45;90;200;1000;7.742
35.3432022;33.92208128;212.132;0;25;45;90;200;1000;7.499
35.34778174;33.93024864;212.132;0.26552;25;45;90;200;1000;7.365
35.35236216;33.93841582;212.132;0;25;45;90;200;1000;7.32
35.35694345;33.94658281;212.132;0;25;45;90;200;1000;7.077
35.36152562;33.95474963;212.132;0.27078;25;45;90;200;1000;6.8
35.36610866;33.96291626;212.132;0.53907;25;45;90;200;1000;6.464
35.37069258;33.97108271;212.132;0.1608;25;45;90;200;1000;6.144
35.37527738;33.97924898;212.132;0;25;45;90;200;1000;5.904
35.37986305;33.98741507;212.132;0;25;45;90;200;1000;5.681
35.3844496;33.99558097;212.132;0.15224;25;45;90;200;1000;5.407
35.38903703;34.00374669;212.132;0.088611;25;45;90;200;1000;5.279
35.39362533;34.01191224;212.132;0.15224;25;45;90;200;1000;5.121
35.39821452;34.0200776;212.132;0.12022;25;45;90;200;1000;4.895
35.40280458;34.02824277;212.132;0.087964;25;45;90;200;1000;4.61
35.40739552;34.03640777;212.132;0.3536;25;45;90;200;1000;4.386
35.41198735;34.04457258;212.132;0.40697;25;45;90;200;1000;4.354
35.41658005;34.05273721;212.132;0;25;45;90;200;1000;4.2
35.42117363;34.06090166;212.132;0;25;45;90;200;1000;3.698
35.4257681;34.06906593;212.132;0.15224;25;45;90;200;1000;3.602
35.43036345;34.07723001;212.132;0.18654;25;45;90;200;1000;3.486
35.43495967;34.08539391;212.132;0;25;45;90;200;1000;3.352
35.43955678;34.09355763;212.132;0.73499;25;45;90;200;1000;3.279
35.44415478;34.10172116;212.132;0.41304;25;45;90;200;1000;3.426
35.44875365;34.10988452;212.132;0;25;45;90;200;1000;3.467
35.45335341;34.11804768;212.132;0;25;45;90;200;1000;3.716
35.45795406;34.12621067;212.132;0.23338;25;45;90;200;1000;3.861
35.46255559;34.13437347;212.132;0.36368;25;45;90;200;1000;4.016
35.467158;34.14253609;212.132;0.088611;25;45;90;200;1000;4.186
35.4717613;34.15069853;212.132;0.1608;25;45;90;200;1000;4.441
35.47636548;34.15886078;212.132;0.41063;25;45;90;200;1000;4.707
35.48097056;34.16702285;212.132;0.37784;25;45;90;200;1000;5.02
35.48557651;34.17518473;212.132;0.53434;25;45;90;200;1000;5.189
35.49018336;34.18334643;212.132;0.088611;25;45;90;200;1000;5.499
35.49479109;34.19150795;212.132;0;25;45;90;200;1000;5.734
35.49939971;34.19966928;212.132;0.12734;25;45;90;200;1000;6.046
35.50400922;34.20783043;212.132;0;25;45;90;200;1000;6.161
35.50861962;34.2159914;212.132;0.26552;25;45;90;200;1000;6.299
35.5132309;34.22415218;212.132;0.41989;25;45;90;200;1000;6.41
35.51784308;34.23231277;212.132;0.35214;25;45;90;200;1000;6.656
35.52245614;34.24047319;212.132;0;25;45;90;200;1000;6.763
35.5270701;34.24863341;212.132;0.23049;25;45;90;200;1000;6.939
35.53168495;34.25679346;212.132;0.27331;25;45;90;200;1000;7.198
35.53630068;34.26495332;212.132;0;25;45;90;200;1000;7.393
35.54091731;34.27311299;212.132;0.087964;25;45;90;200;1000;7.619
35.54553484;34.28127248;212.132;0.13608;25;45;90;200;1000;7.728
35.55015325;34.28943178;212.132;0.51737;25;45;90;200;1000;7.899
35.55477256;34.2975909;212.132;0.55979;25;45;90;200;1000;8.078
35.55939276;34.30574984;212.132;0;25;45;90;200;1000;8.3
35.56401385;34.31390858;212.132;0;25;45;90;200;1000;8.56
35.56863584;34.32206715;212.132;0;25;45;90;200;1000;8.806
35.57325873;34.33022553;212.132;0;25;45;90;200;1000;8.991
35.5778825;34.33838372;212.132;0;25;45;90;200;1000;9.156
35.58250718;34.34654173;212.132;0;25;45;90;200;1000;9.342
35.58713275;34.35469955;212.132;0;25;45;90;200;1000;9.564
35.59175922;34.36285719;212.132;0.39922;25;45;90;200;1000;9.807
35.59638658;34.37101464;212.132;0;25;45;90;200;1000;9.974
35.60101484;34.3791719;212.132;0;25;45;90;200;1000;10.187
35.605644;34.38732898;212.132;0;25;45;90;200;1000;10.387
35.61027406;34.39548587;212.132;0.18316;25;45;90;200;1000;10.628
35.61490501;34.40364258;212.132;0.41989;25;45;90;200;1000;10.828
35.61953686;34.4117991;212.132;0.28675;25;45;90;200;1000;11.044
35.62416962;34.41995543;212.132;0;25;45;90;200;1000;11.28
35.62880327;34.42811158;212.132;0;25;45;90;200;1000;11.558
35.63343782;34.43626754;212.132;0;25;45;90;200;1000;11.756
35.63807328;34.44442332;212.132;0;25;45;90;200;1000;12.022
35.64270963;34.4525789;212.132;0;25;45;90;200;1000;12.289
35.64734689;34.4607343;212.132;0;25;45;90;200;1000;12.588
35.65198505;34.46888952;212.132;0;25;45;90;200;1000;12.846
35.65662411;34.47704455;212.132;0;25;45;90;200;1000;13.174
35.66126407;34.48519939;212.132;0;25;45;90;200;1000;13.43
35.66590494;34.49335404;212.132;0;25;45;90;200;1000;13.653
35.67054671;34.50150851;212.132;0;25;45;90;200;1000;13.953
35.67518939;34.50966278;212.132;0;25;45;90;200;1000;14.325
35.67983297;34.51781688;212.132;0;25;45;90;200;1000;14.769
35.68447745;34.52597078;212.132;0;25;45;90;200;1000;14.978
35.68912284;34.5341245;212.132;0;25;45;90;200;1000;15.257
35.69376914;34.54227803;212.132;0;25;45;90;200;1000;15.618
35.69841634;34.55043137;212.132;0;25;45;90;200;1000;15.93
35.70306445;34.55858452;212.132;0;25;45;90;200;1000;16.172
35.70771347;34.56673749;212.132;0;25;45;90;200;1000;16.445
35.71236339;34.57489026;212.132;0;25;45;90;200;1000;16.687
35.25774005;33.76632831;353.553;0.24713;25;45;90;200;1000;11.987
35.26230319;33.77449909;353.553;0;25;45;90;200;1000;11.792
35.26686719;33.7826697;353.553;0.19814;25;45;90;200;1000;11.555
35.27143207;33.79084012;353.553;0;25;45;90;200;1000;11.43
35.27599781;33.79901037;353.553;0;25;45;90;200;1000;11.38
35.28056441;33.80718043;353.553;0.22455;25;45;90;200;1000;11.209
35.28513189;33.81535032;353.553;0.86779;25;45;90;200;1000;10.965
35.28970023;33.82352003;353.553;0.63189;25;45;90;200;1000;10.85
35.29426945;33.83168955;353.553;0;25;45;90;200;1000;10.526
35.29883953;33.8398589;353.553;0;25;45;90;200;1000;10.255
35.30341049;33.84802806;353.553;0.40515;25;45;90;200;1000;9.964
35.30798231;33.85619705;353.553;0;25;45;90;200;1000;9.715
35.312555;33.86436585;353.553;0;25;45;90;200;1000;9.533
35.31712857;33.87253448;353.553;0;25;45;90;200;1000;9.244
35.32170301;33.88070292;353.553;0.18316;25;45;90;200;1000;9.114
35.32627832;33.88887118;353.553;0.58364;25;45;90;200;1000;8.575
35.3308545;33.89703926;353.553;0.53435;25;45;90;200;1000;8.208
35.33543155;33.90520717;353.553;0.50628;25;45;90;200;1000;7.919
35.34000948;33.91337489;353.553;0.16085;25;45;90;200;1000;7.671
35.34458828;33.92154242;353.553;0;25;45;90;200;1000;7.467
35.34916795;33.92970978;353.553;0.35722;25;45;90;200;1000;7.299
35.3537485;33.93787696;353.553;0;25;45;90;200;1000;7.217
35.35832993;33.94604396;353.553;0;25;45;90;200;1000;7.003
35.36291223;33.95421077;353.553;0.328;25;45;90;200;1000;6.847
35.3674954;33.9623774;353.553;0.74627;25;45;90;200;1000;6.484
35.37207946;33.97054385;353.553;0.35867;25;45;90;200;1000;6.131
35.37666438;33.97871012;353.553;0.12022;25;45;90;200;1000;5.859
35.38125019;33.98687621;353.553;0.088611;25;45;90;200;1000;5.613
35.38583687;33.99504212;353.553;0.18601;25;45;90;200;1000;5.365
35.39042443;34.00320784;353.553;0.20522;25;45;90;200;1000;5.202
35.39501287;34.01137339;353.553;0.18601;25;45;90;200;1000;5.03
35.39960219;34.01953875;353.553;0.16085;25;45;90;200;1000;4.867
35.40419238;34.02770392;353.553;0.13841;25;45;90;200;1000;4.538
35.40878346;34.03586892;353.553;0.48188;25;45;90;200;1000;4.288
35.41337541;34.04403373;353.553;0.63722;25;45;90;200;1000;4.142
35.41796825;34.05219837;353.553;0;25;45;90;200;1000;4.066
35.42256197;34.06036282;353.553;0;25;45;90;200;1000;3.623
35.42715657;34.06852708;353.553;0.30623;25;45;90;200;1000;3.521
35.43175204;34.07669117;353.553;0.34343;25;45;90;200;1000;3.414
35.43634841;34.08485507;353.553;0.43982;25;45;90;200;1000;3.271
35.44094565;34.09301879;353.553;1.1211;25;45;90;200;1000;3.207
35.44554378;34.10118232;353.553;0.69207;25;45;90;200;1000;3.343
35.45014279;34.10934567;353.553;0;25;45;90;200;1000;3.414
35.45474268;34.11750884;353.553;0.13608;25;45;90;200;1000;3.626
35.45934346;34.12567183;353.553;0.29788;25;45;90;200;1000;3.765
35.46394512;34.13383463;353.553;0.55871;25;45;90;200;1000;3.927
35.46854767;34.14199725;353.553;0.20522;25;45;90;200;1000;4.112
35.4731511;34.15015969;353.553;0.47889;25;45;90;200;1000;4.397
35.47775542;34.15832194;353.553;0.52097;25;45;90;200;1000;4.652
35.48236062;34.16648401;353.553;0.5998;25;45;90;200;1000;4.951
35.48696672;34.17464589;353.553;1.107;25;45;90;200;1000;5.141
35.49157369;34.1828076;353.553;0.47768;25;45;90;200;1000;5.463
35.49618156;34.19096911;353.553;0.10433;25;45;90;200;1000;5.696
35.50079031;34.19913045;353.553;0.37511;25;45;90;200;1000;6.033
35.50539996;34.2072916;353.553;0;25;45;90;200;1000;6.098
35.51001049;34.21545256;353.553;0.52097;25;45;90;200;1000;6.24
35.51462191;34.22361335;353.553;0.5896;25;45;90;200;1000;6.346
35.51923422;34.23177394;353.553;0.65255;25;45;90;200;1000;6.626
35.52384742;34.23993436;353.553;0.1608;25;45;90;200;1000;6.697
35.52846151;34.24809458;353.553;0.59718;25;45;90;200;1000;6.91
35.53307649;34.25625463;353.553;0.34929;25;45;90;200;1000;7.186
35.53769236;34.26441449;353.553;0;25;45;90;200;1000;7.336
35.54230912;34.27257416;353.553;0.13841;25;45;90;200;1000;7.547
35.54692678;34.28073365;353.553;0.17303;25;45;90;200;1000;7.66
35.55154533;34.28889296;353.553;0.84143;25;45;90;200;1000;7.817
35.55616477;34.29705208;353.553;0.7885;25;45;90;200;1000;8.033
35.56078511;34.30521101;353.553;0.43982;25;45;90;200;1000;8.271
35.56540634;34.31336976;353.553;0;25;45;90;200;1000;8.535
35.57002846;34.32152832;353.553;0;25;45;90;200;1000;8.764
35.57465148;34.3296867;353.553;0.10433;25;45;90;200;1000;8.93
35.57927539;34.3378449;353.553;0.15224;25;45;90;200;1000;9.102
35.5839002;34.34600291;353.553;0.1752;25;45;90;200;1000;9.319
35.58852591;34.35416073;353.553;0.023149;25;45;90;200;1000;9.555
35.59315251;34.36231837;353.553;0.5533;25;45;90;200;1000;9.751
35.59778001;34.37047582;353.553;0;25;45;90;200;1000;9.937
35.6024084;34.37863308;353.553;0;25;45;90;200;1000;10.14
35.6070377;34.38679016;353.553;0;25;45;90;200;1000;10.352
35.61166789;34.39494705;353.553;0.45262;25;45;90;200;1000;10.595
35.61629898;34.40310376;353.553;0.74184;25;45;90;200;1000;10.793
35.62093097;34.41126028;353.553;0.72503;25;45;90;200;1000;11.009
35.62556386;34.41941662;353.553;0;25;45;90;200;1000;11.25
35.63019765;34.42757276;353.553;0;25;45;90;200;1000;11.508
35.63483234;34.43572873;353.553;0;25;45;90;200;1000;11.745
35.63946792;34.4438845;353.553;0;25;45;90;200;1000;12.017
35.64410442;34.45204009;353.553;0;25;45;90;200;1000;12.285
35.64874181;34.46019549;353.553;0;25;45;90;200;1000;12.548
35.6533801;34.46835071;353.553;0;25;45;90;200;1000;12.821
35.6580193;34.47650574;353.553;0;25;45;90;200;1000;13.112
35.6626594;34.48466058;353.553;0;25;45;90;200;1000;13.354
35.6673004;34.49281523;353.553;0;25;45;90;200;1000;13.61
35.67194231;34.5009697;353.553;0;25;45;90;200;1000;13.868
35.67658512;34.50912398;353.553;0;25;45;90;200;1000;14.258
35.68122884;34.51727807;353.553;0;25;45;90;200;1000;14.627
35.68587346;34.52543197;353.553;0;25;45;90;200;1000;14.838
35.69051898;34.53358569;353.553;0;25;45;90;200;1000;15.199
35.69516542;34.54173922;353.553;0;25;45;90;200;1000;15.531
35.69981275;34.54989256;353.553;0;25;45;90;200;1000;15.858
35.704461;34.55804572;353.553;0;25;45;90;200;1000;16.149
35.70911015;34.56619868;353.553;0;25;45;90;200;1000;16.404
35.71376021;34.57435146;353.553;0;25;45;90;200;1000;16.658
35.2591236;33.76578942;494.975;0.26925;25;45;90;200;1000;11.936
35.26368687;33.77396021;494.975;0;25;45;90;200;1000;11.743
35.26825101;33.78213081;494.975;0.27115;25;45;90;200;1000;11.504
35.27281602;33.79030124;494.975;0.087964;25;45;90;200;1000;11.385
35.27738189;33.79847148;494.975;0;25;45;90;200;1000;11.302
35.28194863;33.80664155;494.975;0.50835;25;45;90;200;1000;11.134
35.28651623;33.81481144;494.975;1.1336;25;45;90;200;1000;10.889
35.29108471;33.82298114;494.975;0.8191;25;45;90;200;1000;10.753
35.29565406;33.83115067;494.975;0;25;45;90;200;1000;10.465
35.30022427;33.83932002;494.975;0.29145;25;45;90;200;1000;10.238
35.30479536;33.84748918;494.975;0.40035;25;45;90;200;1000;9.938
35.30936731;33.85565817;494.975;0.088611;25;45;90;200;1000;9.649
35.31394014;33.86382697;494.975;0;25;45;90;200;1000;9.431
35.31851384;33.8719956;494.975;0;25;45;90;200;1000;9.136
35.32308841;33.88016404;494.975;0.79953;25;45;90;200;1000;8.965
35.32766385;33.8883323;494.975;1.5291;25;45;90;200;1000;8.673
35.33224016;33.89650039;494.975;0.70889;25;45;90;200;1000;8.2
35.33681735;33.90466829;494.975;1.216;25;45;90;200;1000;7.859
35.34139541;33.91283601;494.975;0.12022;25;45;90;200;1000;7.604
35.34597434;33.92100355;494.975;0;25;45;90;200;1000;7.451
35.35055415;33.92917091;494.975;0.52967;25;45;90;200;1000;7.234
35.35513483;33.93733809;494.975;0.13823;25;45;90;200;1000;7.125
35.35971639;33.94550508;494.975;0;25;45;90;200;1000;6.974
35.36429882;33.9536719;494.975;0.34497;25;45;90;200;1000;6.759
35.36888213;33.96183853;494.975;0.84211;25;45;90;200;1000;6.465
35.37346631;33.97000498;494.975;0.45672;25;45;90;200;1000;6.111
35.37805137;33.97817126;494.975;0.16085;25;45;90;200;1000;5.822
35.38263731;33.98633734;494.975;0.20522;25;45;90;200;1000;5.602
35.38722412;33.99450325;494.975;0.15224;25;45;90;200;1000;5.33
35.39181182;34.00266898;494.975;0.23138;25;45;90;200;1000;5.126
35.39640039;34.01083452;494.975;0.15224;25;45;90;200;1000;4.953
35.40098984;34.01899988;494.975;0.38574;25;45;90;200;1000;4.812
35.40558017;34.02716506;494.975;0.087964;25;45;90;200;1000;4.485
35.41017138;34.03533006;494.975;0.62323;25;45;90;200;1000;4.192
35.41476346;34.04349487;494.975;0.64305;25;45;90;200;1000;3.997
35.41935643;34.0516595;494.975;0;25;45;90;200;1000;3.92
35.42395028;34.05982395;494.975;0;25;45;90;200;1000;3.593
35.42854501;34.06798822;494.975;0.31309;25;45;90;200;1000;3.494
35.43314063;34.0761523;494.975;0.96782;25;45;90;200;1000;3.318
35.43773712;34.08431621;494.975;0.87524;25;45;90;200;1000;3.162
35.4423345;34.09247993;494.975;1.3621;25;45;90;200;1000;3.132
35.44693276;34.10064346;494.975;1.0324;25;45;90;200;1000;3.271
35.4515319;34.10880681;494.975;0.22512;25;45;90;200;1000;3.345
35.45613193;34.11696998;494.975;0.17303;25;45;90;200;1000;3.495
35.46073284;34.12513297;494.975;0.31647;25;45;90;200;1000;3.657
35.46533464;34.13329578;494.975;0.63166;25;45;90;200;1000;3.857
35.46993732;34.1414584;494.975;0.23138;25;45;90;200;1000;4.082
35.47454088;34.14962083;494.975;0.61757;25;45;90;200;1000;4.347
35.47914534;34.15778309;494.975;0.59275;25;45;90;200;1000;4.633
35.48375067;34.16594516;494.975;0.74426;25;45;90;200;1000;4.886
35.4883569;34.17410704;494.975;1.4174;25;45;90;200;1000;5.1
35.49296401;34.18226874;494.975;0.74944;25;45;90;200;1000;5.38
35.49757201;34.19043026;494.975;0.52444;25;45;90;200;1000;5.65
35.5021809;34.1985916;494.975;0.47735;25;45;90;200;1000;6.017
35.50679068;34.20675275;494.975;0.13823;25;45;90;200;1000;6.027
35.51140134;34.21491371;494.975;1.0621;25;45;90;200;1000;6.196
35.51601289;34.2230745;494.975;0.80868;25;45;90;200;1000;6.274
35.52062534;34.23123509;494.975;0.7634;25;45;90;200;1000;6.505
35.52523867;34.23939551;494.975;0.35867;25;45;90;200;1000;6.612
35.5298529;34.24755574;494.975;0.73596;25;45;90;200;1000;6.843
35.53446801;34.25571578;494.975;0.27331;25;45;90;200;1000;7.12
35.53908402;34.26387564;494.975;0;25;45;90;200;1000;7.25
35.54370092;34.27203532;494.975;0.087964;25;45;90;200;1000;7.46
35.54831871;34.28019481;494.975;0.3612;25;45;90;200;1000;7.625
35.55293739;34.28835411;494.975;1.1071;25;45;90;200;1000;7.77
35.55755697;34.29651323;494.975;0.9525;25;45;90;200;1000;8.014
35.56217744;34.30467217;494.975;0.69207;25;45;90;200;1000;8.251
35.5667988;34.31283092;494.975;0;25;45;90;200;1000;8.52
35.57142106;34.32098949;494.975;0.25487;25;45;90;200;1000;8.705
35.57604422;34.32914786;494.975;0.14935;25;45;90;200;1000;8.872
35.58066826;34.33730606;494.975;0.18601;25;45;90;200;1000;9.067
35.58529321;34.34546407;494.975;0.50782;25;45;90;200;1000;9.3
35.58991905;34.35362189;494.975;0.40028;25;45;90;200;1000;9.495
35.59454579;34.36177953;494.975;0.59433;25;45;90;200;1000;9.682
35.59917342;34.36993698;494.975;0;25;45;90;200;1000;9.904
35.60380195;34.37809425;494.975;0;25;45;90;200;1000;10.115
35.60843138;34.38625133;494.975;0.16897;25;45;90;200;1000;10.334
35.61306171;34.39440822;494.975;0.59442;25;45;90;200;1000;10.555
35.61769293;34.40256493;494.975;0.89035;25;45;90;200;1000;10.753
35.62232506;34.41072145;494.975;1.1694;25;45;90;200;1000;10.972
35.62695808;34.41887779;494.975;0;25;45;90;200;1000;11.214
35.631592;34.42703393;494.975;0;25;45;90;200;1000;11.451
35.63622683;34.4351899;494.975;0;25;45;90;200;1000;11.749
35.64086255;34.44334567;494.975;0;25;45;90;200;1000;12.031
35.64549918;34.45150126;494.975;0;25;45;90;200;1000;12.282
35.65013671;34.45965666;494.975;0;25;45;90;200;1000;12.521
35.65477514;34.46781188;494.975;0;25;45;90;200;1000;12.797
35.65941447;34.47596691;494.975;0;25;45;90;200;1000;13.06
35.66405471;34.48412175;494.975;0;25;45;90;200;1000;13.289
35.66869584;34.49227641;494.975;0;25;45;90;200;1000;13.571
35.67333789;34.50043087;494.975;0;25;45;90;200;1000;13.839
35.67798083;34.50858515;494.975;0;25;45;90;200;1000;14.163
35.68262469;34.51673925;494.975;0;25;45;90;200;1000;14.479
35.68726944;34.52489315;494.975;0;25;45;90;200;1000;14.782
35.69191511;34.53304687;494.975;0;25;45;90;200;1000;15.176
35.69656167;34.5412004;494.975;0;25;45;90;200;1000;15.519
35.70120915;34.54935374;494.975;0;25;45;90;200;1000;15.85
35.70585753;34.5575069;494.975;0;25;45;90;200;1000;16.135
35.71050682;34.56565986;494.975;0;25;45;90;200;1000;16.354
35.71515701;34.57381264;494.975;0;25;45;90;200;1000;16.622
35.26050714;33.76525052;636.396;0.24713;25;45;90;200;1000;11.913
35.26507054;33.7734213;636.396;0;25;45;90;200;1000;11.705
35.26963481;33.78159191;636.396;0.29145;25;45;90;200;1000;11.483
35.27419995;33.78976234;636.396;0.13841;25;45;90;200;1000;11.326
35.27876595;33.79793258;636.396;0;25;45;90;200;1000;11.224
35.28333282;33.80610265;636.396;0.49571;25;45;90;200;1000;11.052
35.28790056;33.81427254;636.396;1.0638;25;45;90;200;1000;10.807
35.29246917;33.82244224;636.396;0.72787;25;45;90;200;1000;10.667
35.29703865;33.83061177;636.396;0.40569;25;45;90;200;1000;10.424
35.30160899;33.83878112;636.396;0.40607;25;45;90;200;1000;10.223
35.30618021;33.84695029;636.396;0.32544;25;45;90;200;1000;9.923
35.3107523;33.85511927;636.396;0.20522;25;45;90;200;1000;9.585
35.31532526;33.86328808;636.396;0;25;45;90;200;1000;9.341
35.31989909;33.8714567;636.396;0;25;45;90;200;1000;9.044
35.32447379;33.87962515;636.396;1.2942;25;45;90;200;1000;8.813
35.32904936;33.88779341;636.396;2.0813;25;45;90;200;1000;8.636
35.33362581;33.8959615;636.396;1.4974;25;45;90;200;1000;8.173
35.33820312;33.9041294;636.396;1.6286;25;45;90;200;1000;7.788
35.34278132;33.91229712;636.396;0.37017;25;45;90;200;1000;7.551
35.34736038;33.92046466;636.396;0.16375;25;45;90;200;1000;7.409
35.35194032;33.92863202;636.396;0.8852;25;45;90;200;1000;7.178
35.35652114;33.9367992;636.396;0.17472;25;45;90;200;1000;7.063
35.36110282;33.9449662;636.396;0.29145;25;45;90;200;1000;6.912
35.36568539;33.95313301;636.396;0.328;25;45;90;200;1000;6.676
35.37026883;33.96129965;636.396;0.86441;25;45;90;200;1000;6.454
35.37485315;33.9694661;636.396;0.51546;25;45;90;200;1000;6.096
35.37943834;33.97763237;636.396;0.12022;25;45;90;200;1000;5.8
35.38402441;33.98579846;636.396;0.23138;25;45;90;200;1000;5.588
35.38861136;33.99396437;636.396;0;25;45;90;200;1000;5.304
35.39319918;34.00213009;636.396;0.33256;25;45;90;200;1000;5.04
35.39778789;34.01029564;636.396;0;25;45;90;200;1000;4.871
35.40237747;34.018461;636.396;0.35722;25;45;90;200;1000;4.755
35.40696793;34.02662618;636.396;0;25;45;90;200;1000;4.42
35.41155927;34.03479118;636.396;0.51287;25;45;90;200;1000;4.155
35.4161515;34.04295599;636.396;0.47637;25;45;90;200;1000;3.921
35.4207446;34.05112062;636.396;0;25;45;90;200;1000;3.831
35.42533858;34.05928508;636.396;0;25;45;90;200;1000;3.568
35.42993344;34.06744934;636.396;0.12022;25;45;90;200;1000;3.402
35.43452919;34.07561343;636.396;1.0351;25;45;90;200;1000;3.227
35.43912582;34.08377733;636.396;1.3138;25;45;90;200;1000;3.081
35.44372333;34.09194105;636.396;1.7001;25;45;90;200;1000;3.048
35.44832172;34.10010459;636.396;1.2569;25;45;90;200;1000;3.188
35.452921;34.10826794;636.396;0.55979;25;45;90;200;1000;3.215
35.45752116;34.11643111;636.396;0.13608;25;45;90;200;1000;3.377
35.4621222;34.1245941;636.396;0.29788;25;45;90;200;1000;3.567
35.46672413;34.1327569;636.396;0.62497;25;45;90;200;1000;3.785
35.47132695;34.14091952;636.396;0.20522;25;45;90;200;1000;4.038
35.47593065;34.14908196;636.396;0.79943;25;45;90;200;1000;4.328
35.48053523;34.15724422;636.396;1.316;25;45;90;200;1000;4.621
35.48514071;34.16540629;636.396;0.98769;25;45;90;200;1000;4.831
35.48974707;34.17356817;636.396;1.5855;25;45;90;200;1000;5.077
35.49435431;34.18172988;636.396;0.86832;25;45;90;200;1000;5.317
35.49896245;34.1898914;636.396;0.968;25;45;90;200;1000;5.621
35.50357147;34.19805273;636.396;0.71514;25;45;90;200;1000;6.02
35.50818138;34.20621388;636.396;0.30316;25;45;90;200;1000;5.923
35.51279218;34.21437485;636.396;1.3114;25;45;90;200;1000;6.131
35.51740387;34.22253563;636.396;1.0581;25;45;90;200;1000;6.194
35.52201644;34.23069623;636.396;0.69207;25;45;90;200;1000;6.404
35.52662991;34.23885665;636.396;0.45672;25;45;90;200;1000;6.515
35.53124427;34.24701688;636.396;0.91538;25;45;90;200;1000;6.779
35.53585952;34.25517692;636.396;0;25;45;90;200;1000;7.056
35.54047566;34.26333678;636.396;0;25;45;90;200;1000;7.186
35.54509269;34.27149646;636.396;0.19993;25;45;90;200;1000;7.398
35.54971062;34.27965595;636.396;0.55979;25;45;90;200;1000;7.593
35.55432944;34.28781526;636.396;1.2388;25;45;90;200;1000;7.739
35.55894915;34.29597438;636.396;1.0816;25;45;90;200;1000;7.989
35.56356975;34.30413331;636.396;0.86119;25;45;90;200;1000;8.232
35.56819125;34.31229206;636.396;0.30247;25;45;90;200;1000;8.488
35.57281365;34.32045063;636.396;0.46198;25;45;90;200;1000;8.652
35.57743693;34.32860901;636.396;0.37017;25;45;90;200;1000;8.825
35.58206112;34.33676721;636.396;0.3103;25;45;90;200;1000;9.045
35.5866862;34.34492521;636.396;1.12;25;45;90;200;1000;9.281
35.59131217;34.35308304;636.396;0.74933;25;45;90;200;1000;9.435
35.59593904;34.36124068;636.396;0.5533;25;45;90;200;1000;9.641
35.60056681;34.36939813;636.396;0;25;45;90;200;1000;9.874
35.60519548;34.3775554;636.396;0;25;45;90;200;1000;10.097
35.60982504;34.38571248;636.396;0.19993;25;45;90;200;1000;10.304
35.6144555;34.39386937;636.396;0.69207;25;45;90;200;1000;10.531
35.61908686;34.40202608;636.396;0.94074;25;45;90;200;1000;10.73
35.62371912;34.4101826;636.396;1.2858;25;45;90;200;1000;10.938
35.62835228;34.41833894;636.396;0;25;45;90;200;1000;11.178
35.63298634;34.42649509;636.396;0;25;45;90;200;1000;11.414
35.6376213;34.43465105;636.396;0;25;45;90;200;1000;11.731
35.64225716;34.44280683;636.396;0;25;45;90;200;1000;11.996
35.64689393;34.45096242;636.396;0;25;45;90;200;1000;12.227
35.65153159;34.45911782;636.396;0;25;45;90;200;1000;12.492
35.65617015;34.46727304;636.396;0;25;45;90;200;1000;12.778
35.66080962;34.47542807;636.396;0;25;45;90;200;1000;13.012
35.66544999;34.48358291;636.396;0;25;45;90;200;1000;13.261
35.67009127;34.49173756;636.396;0;25;45;90;200;1000;13.515
35.67473345;34.49989203;636.396;0;25;45;90;200;1000;13.792
35.67937653;34.50804631;636.396;0;25;45;90;200;1000;14.12
35.68402052;34.51620041;636.396;0;25;45;90;200;1000;14.431
35.68866541;34.52435431;636.396;0;25;45;90;200;1000;14.757
35.69331121;34.53250803;636.396;0;25;45;90;200;1000;15.137
35.69795791;34.54066156;636.396;0;25;45;90;200;1000;15.516
35.70260552;34.54881491;636.396;0;25;45;90;200;1000;15.877
35.70725404;34.55696806;636.396;0;25;45;90;200;1000;16.093
35.71190347;34.56512103;636.396;0;25;45;90;200;1000;16.343
35.7165538;34.57327381;636.396;0;25;45;90;200;1000;16.615
35.26189066;33.7647116;777.817;0.16375;25;45;90;200;1000;11.891
35.2664542;33.77288239;777.817;0.12022;25;45;90;200;1000;11.67
35.2710186;33.78105299;777.817;0.6167;25;45;90;200;1000;11.445
35.27558386;33.78922342;777.817;0.2861;25;45;90;200;1000;11.28
35.28015;33.79739367;777.817;0.32015;25;45;90;200;1000;11.157
35.284717;33.80556374;777.817;0.29145;25;45;90;200;1000;11.016
35.28928487;33.81373362;777.817;1.0062;25;45;90;200;1000;10.765
35.29385361;33.82190333;777.817;0.7136;25;45;90;200;1000;10.615
35.29842322;33.83007286;777.817;0.61983;25;45;90;200;1000;10.372
35.3029937;33.83824221;777.817;0.59138;25;45;90;200;1000;10.227
35.30756505;33.84641137;777.817;0.24946;25;45;90;200;1000;9.919
35.31213727;33.85458036;777.817;0.23138;25;45;90;200;1000;9.558
35.31671036;33.86274917;777.817;0;25;45;90;200;1000;9.206
35.32128432;33.87091779;777.817;0;25;45;90;200;1000;9.002
35.32585915;33.87908624;777.817;1.5557;25;45;90;200;1000;8.685
35.33043486;33.8872545;777.817;2.603;25;45;90;200;1000;8.523
35.33501143;33.89542259;777.817;2.4219;25;45;90;200;1000;8.117
35.33958889;33.90359049;777.817;1.9314;25;45;90;200;1000;7.744
35.34416721;33.91175821;777.817;0.69928;25;45;90;200;1000;7.494
35.34874641;33.91992576;777.817;0.51094;25;45;90;200;1000;7.354
35.35332648;33.92809312;777.817;1.0894;25;45;90;200;1000;7.118
35.35790743;33.93626029;777.817;0.28699;25;45;90;200;1000;7.005
35.36248925;33.94442729;777.817;0.57504;25;45;90;200;1000;6.887
35.36707194;33.95259411;777.817;0.39093;25;45;90;200;1000;6.601
35.37165552;33.96076074;777.817;0.79381;25;45;90;200;1000;6.439
35.37623997;33.9689272;777.817;0.54769;25;45;90;200;1000;6.095
35.38082529;33.97709347;777.817;0;25;45;90;200;1000;5.782
35.38541149;33.98525956;777.817;0.20522;25;45;90;200;1000;5.538
35.38999858;33.99342547;777.817;0;25;45;90;200;1000;5.251
35.39458653;34.00159119;777.817;0.35939;25;45;90;200;1000;4.977
35.39917537;34.00975674;777.817;0.13823;25;45;90;200;1000;4.783
35.40376509;34.0179221;777.817;0.40233;25;45;90;200;1000;4.65
35.40835568;34.02608728;777.817;0;25;45;90;200;1000;4.357
35.41294716;34.03425228;777.817;0.41993;25;45;90;200;1000;4.085
35.41753951;34.0424171;777.817;0.28675;25;45;90;200;1000;3.851
35.42213275;34.05058173;777.817;0;25;45;90;200;1000;3.751
35.42672686;34.05874618;777.817;0.15224;25;45;90;200;1000;3.49
35.43132186;34.06691045;777.817;0.39649;25;45;90;200;1000;3.331
35.43591774;34.07507454;777.817;1.0657;25;45;90;200;1000;3.144
35.4405145;34.08323844;777.817;1.7053;25;45;90;200;1000;3.006
35.44511214;34.09140216;777.817;1.8493;25;45;90;200;1000;2.935
35.44971067;34.0995657;777.817;1.4801;25;45;90;200;1000;3.064
35.45431008;34.10772905;777.817;0.74378;25;45;90;200;1000;3.084
35.45891037;34.11589222;777.817;0.15224;25;45;90;200;1000;3.3
35.46351155;34.12405521;777.817;0.43152;25;45;90;200;1000;3.494
35.46811361;34.13221802;777.817;0.52616;25;45;90;200;1000;3.709
35.47271656;34.14038064;777.817;0.088611;25;45;90;200;1000;4.019
35.4773204;34.14854308;777.817;0.79482;25;45;90;200;1000;4.315
35.48192512;34.15670533;777.817;2.0809;25;45;90;200;1000;4.616
35.48653072;34.1648674;777.817;1.2279;25;45;90;200;1000;4.772
35.49113721;34.17302929;777.817;1.6572;25;45;90;200;1000;5.033
35.49574459;34.18119099;777.817;0.94415;25;45;90;200;1000;5.254
35.50035286;34.18935251;777.817;1.1035;25;45;90;200;1000;5.57
35.50496202;34.19751385;777.817;1.1052;25;45;90;200;1000;5.912
35.50957206;34.205675;777.817;0.36353;25;45;90;200;1000;5.845
35.514183;34.21383597;777.817;1.346;25;45;90;200;1000;6.069
35.51879482;34.22199675;777.817;1.2448;25;45;90;200;1000;6.114
35.52340753;34.23015735;777.817;0.88295;25;45;90;200;1000;6.311
35.52802113;34.23831777;777.817;0.51546;25;45;90;200;1000;6.474
35.53263563;34.246478;777.817;1.0839;25;45;90;200;1000;6.726
35.53725101;34.25463804;777.817;0;25;45;90;200;1000;6.976
35.54186729;34.26279791;777.817;0;25;45;90;200;1000;7.123
35.54648445;34.27095758;777.817;0.48055;25;45;90;200;1000;7.34
35.55110251;34.27911707;777.817;0.91275;25;45;90;200;1000;7.552
35.55572147;34.28727638;777.817;1.375;25;45;90;200;1000;7.705
35.56034131;34.2954355;777.817;1.1873;25;45;90;200;1000;7.945
35.56496205;34.30359444;777.817;0.9907;25;45;90;200;1000;8.21
35.56958368;34.31175319;777.817;0.57274;25;45;90;200;1000;8.444
35.57420621;34.31991176;777.817;0.70251;25;45;90;200;1000;8.605
35.57882963;34.32807014;777.817;0.44306;25;45;90;200;1000;8.8
35.58345395;34.33622833;777.817;0.40147;25;45;90;200;1000;8.994
35.58807917;34.34438635;777.817;1.642;25;45;90;200;1000;9.232
35.59270528;34.35254417;777.817;1.3153;25;45;90;200;1000;9.405
35.59733228;34.36070181;777.817;1.0096;25;45;90;200;1000;9.618
35.60196019;34.36885926;777.817;0.20734;25;45;90;200;1000;9.848
35.60658899;34.37701653;777.817;0.16897;25;45;90;200;1000;10.074
35.61121869;34.38517361;777.817;0.16897;25;45;90;200;1000;10.294
35.61584928;34.39333051;777.817;0.76273;25;45;90;200;1000;10.525
35.62048078;34.40148722;777.817;0.85119;25;45;90;200;1000;10.707
35.62511318;34.40964374;777.817;1.2563;25;45;90;200;1000;10.925
35.62974647;34.41780008;777.817;0;25;45;90;200;1000;11.151
35.63438066;34.42595623;777.817;0;25;45;90;200;1000;11.386
35.63901576;34.43411219;777.817;0;25;45;90;200;1000;11.705
35.64365176;34.44226797;777.817;0;25;45;90;200;1000;11.962
35.64828865;34.45042356;777.817;0;25;45;90;200;1000;12.209
35.65292645;34.45857896;777.817;0;25;45;90;200;1000;12.48
35.65756515;34.46673418;777.817;0;25;45;90;200;1000;12.771
35.66220476;34.47488921;777.817;0;25;45;90;200;1000;12.989
35.66684527;34.48304405;777.817;0;25;45;90;200;1000;13.237
35.67148668;34.49119871;777.817;0;25;45;90;200;1000;13.473
35.67612899;34.49935318;777.817;0;25;45;90;200;1000;13.776
35.68077221;34.50750746;777.817;0;25;45;90;200;1000;14.071
35.68541633;34.51566155;777.817;0;25;45;90;200;1000;14.402
35.69006136;34.52381546;777.817;0;25;45;90;200;1000;14.702
35.6947073;34.53196918;777.817;0;25;45;90;200;1000;15.111
35.69935414;34.54012271;777.817;0;25;45;90;200;1000;15.466
35.70400188;34.54827605;777.817;0;25;45;90;200;1000;15.873
35.70865054;34.55642921;777.817;0;25;45;90;200;1000;16.058
35.7133001;34.56458218;777.817;0;25;45;90;200;1000;16.356
35.71795057;34.57273496;777.817;0;25;45;90;200;1000;16.639
35.26327417;33.76417266;919.239;0;25;45;90;200;1000;11.83
35.26783783;33.77234345;919.239;0.16085;25;45;90;200;1000;11.607
35.27240236;33.78051406;919.239;0.87015;25;45;90;200;1000;11.422
35.27696776;33.78868449;919.239;0.44635;25;45;90;200;1000;11.235
35.28153403;33.79685474;919.239;0.67236;25;45;90;200;1000;11.105
35.28610116;33.8050248;919.239;0.3913;25;45;90;200;1000;10.993
35.29066917;33.81319469;919.239;0.84057;25;45;90;200;1000;10.726
35.29523804;33.8213644;919.239;0.65202;25;45;90;200;1000;10.587
35.29980778;33.82953393;919.239;0.59383;25;45;90;200;1000;10.333
35.30437839;33.83770328;919.239;0.66707;25;45;90;200;1000;10.135
35.30894987;33.84587245;919.239;0.12022;25;45;90;200;1000;9.94
35.31352222;33.85404143;919.239;0.20522;25;45;90;200;1000;9.564
35.31809544;33.86221024;919.239;0;25;45;90;200;1000;9.131
35.32266953;33.87037887;919.239;0;25;45;90;200;1000;8.894
35.3272445;33.87854731;919.239;1.7019;25;45;90;200;1000;8.589
35.33182034;33.88671558;919.239;2.8819;25;45;90;200;1000;8.476
35.33639705;33.89488367;919.239;3.0666;25;45;90;200;1000;8.085
35.34097463;33.90305157;919.239;1.9009;25;45;90;200;1000;7.728
35.34555308;33.91121929;919.239;1.0511;25;45;90;200;1000;7.45
35.35013241;33.91938683;919.239;0.98229;25;45;90;200;1000;7.294
35.35471262;33.9275542;919.239;1.2594;25;45;90;200;1000;7.045
35.3592937;33.93572138;919.239;0.28148;25;45;90;200;1000;6.936
35.36387565;33.94388837;919.239;0.6711;25;45;90;200;1000;6.827
35.36845848;33.95205519;919.239;0.55366;25;45;90;200;1000;6.516
35.37304219;33.96022183;919.239;0.89846;25;45;90;200;1000;6.398
35.37762677;33.96838828;919.239;0.55802;25;45;90;200;1000;6.125
35.38221223;33.97655455;919.239;0;25;45;90;200;1000;5.779
35.38679856;33.98472064;919.239;0.19295;25;45;90;200;1000;5.466
35.39138577;33.99288655;919.239;0;25;45;90;200;1000;5.174
35.39597387;34.00105228;919.239;0.87432;25;45;90;200;1000;4.92
35.40056284;34.00921783;919.239;0.17472;25;45;90;200;1000;4.751
35.40515268;34.01738319;919.239;0.41628;25;45;90;200;1000;4.581
35.40974341;34.02554837;919.239;0;25;45;90;200;1000;4.293
35.41433502;34.03371337;919.239;0.22308;25;45;90;200;1000;4.048
35.41892751;34.04187819;919.239;0.46212;25;45;90;200;1000;3.788
35.42352087;34.05004282;919.239;0.19814;25;45;90;200;1000;3.674
35.42811512;34.05820727;919.239;0.18601;25;45;90;200;1000;3.457
35.43271025;34.06637154;919.239;0.61285;25;45;90;200;1000;3.257
35.43730627;34.07453563;919.239;1.5322;25;45;90;200;1000;3.054
35.44190316;34.08269953;919.239;2.1406;25;45;90;200;1000;2.916
35.44650094;34.09086325;919.239;2.1853;25;45;90;200;1000;2.845
35.4510996;34.09902679;919.239;1.6668;25;45;90;200;1000;2.996
35.45569914;34.10719015;919.239;0.87761;25;45;90;200;1000;2.989
35.46029957;34.11535332;919.239;0.32209;25;45;90;200;1000;3.224
35.46490088;34.12351631;919.239;0.27115;25;45;90;200;1000;3.412
35.46950308;34.13167911;919.239;0.31157;25;45;90;200;1000;3.647
35.47410616;34.13984174;919.239;0;25;45;90;200;1000;4.019
35.47871013;34.14800417;919.239;0.82727;25;45;90;200;1000;4.314
35.48331498;34.15616643;919.239;2.2714;25;45;90;200;1000;4.563
35.48792072;34.1643285;919.239;1.4168;25;45;90;200;1000;4.709
35.49252735;34.17249039;919.239;1.6292;25;45;90;200;1000;4.998
35.49713486;34.18065209;919.239;1.1666;25;45;90;200;1000;5.231
35.50174326;34.18881362;919.239;1.1554;25;45;90;200;1000;5.559
35.50635255;34.19697495;919.239;1.4422;25;45;90;200;1000;5.827
35.51096273;34.2051361;919.239;0.24936;25;45;90;200;1000;5.779
35.5155738;34.21329707;919.239;1.1343;25;45;90;200;1000;5.991
35.52018575;34.22145786;919.239;1.2424;25;45;90;200;1000;6.039
35.5247986;34.22961846;919.239;0.97431;25;45;90;200;1000;6.247
35.52941234;34.23777887;919.239;0.54769;25;45;90;200;1000;6.447
35.53402696;34.2459391;919.239;1.1876;25;45;90;200;1000;6.685
35.53864248;34.25409915;919.239;0.25623;25;45;90;200;1000;6.903
35.54325889;34.26225901;919.239;0;25;45;90;200;1000;7.075
35.54787619;34.27041869;919.239;0.56234;25;45;90;200;1000;7.294
35.55249439;34.27857818;919.239;1.2049;25;45;90;200;1000;7.499
35.55711347;34.28673749;919.239;1.4435;25;45;90;200;1000;7.671
35.56173345;34.29489661;919.239;1.3634;25;45;90;200;1000;7.914
35.56635433;34.30305555;919.239;1.0948;25;45;90;200;1000;8.191
35.5709761;34.3112143;919.239;1.1445;25;45;90;200;1000;8.393
35.57559876;34.31937287;919.239;0.82557;25;45;90;200;1000;8.568
35.58022232;34.32753125;919.239;0.76219;25;45;90;200;1000;8.768
35.58484677;34.33568945;919.239;0.50924;25;45;90;200;1000;8.971
35.58947212;34.34384746;919.239;2.1083;25;45;90;200;1000;9.177
35.59409836;34.35200529;919.239;1.4474;25;45;90;200;1000;9.376
35.59872551;34.36016292;919.239;1.2061;25;45;90;200;1000;9.606
35.60335354;34.36832038;919.239;0.9789;25;45;90;200;1000;9.841
35.60798248;34.37647765;919.239;0.19993;25;45;90;200;1000;10.069
35.61261231;34.38463473;919.239;0;25;45;90;200;1000;10.309
35.61724305;34.39279163;919.239;0.81345;25;45;90;200;1000;10.482
35.62187468;34.40094833;919.239;0.89692;25;45;90;200;1000;10.683
35.62650721;34.40910486;919.239;1.0533;25;45;90;200;1000;10.917
35.63114064;34.4172612;919.239;0;25;45;90;200;1000;11.139
35.63577497;34.42541735;919.239;0;25;45;90;200;1000;11.379
35.6404102;34.43357331;919.239;0;25;45;90;200;1000;11.685
35.64504633;34.44172909;919.239;0;25;45;90;200;1000;11.949
35.64968336;34.44988468;919.239;0;25;45;90;200;1000;12.202
35.6543213;34.45804009;919.239;0;25;45;90;200;1000;12.483
35.65896014;34.4661953;919.239;0;25;45;90;200;1000;12.752
35.66359988;34.47435033;919.239;0;25;45;90;200;1000;12.957
35.66824052;34.48250518;919.239;0;25;45;90;200;1000;13.196
35.67288206;34.49065984;919.239;0;25;45;90;200;1000;13.445
35.67752451;34.4988143;919.239;0;25;45;90;200;1000;13.759
35.68216787;34.50696859;919.239;0;25;45;90;200;1000;14.06
35.68681213;34.51512268;919.239;0;25;45;90;200;1000;14.372
35.69145729;34.52327659;919.239;0;25;45;90;200;1000;14.69
35.69610336;34.53143031;919.239;0;25;45;90;200;1000;15.047
35.70075034;34.53958384;919.239;0;25;45;90;200;1000;15.434
35.70539822;34.54773719;919.239;0;25;45;90;200;1000;15.805
35.71004701;34.55589034;919.239;0;25;45;90;200;1000;16.032
35.71469671;34.56404331;919.239;0;25;45;90;200;1000;16.334
35.71934732;34.57219609;919.239;0;25;45;90;200;1000;16.697
35.26465765;33.76363372;1060.66;0;25;45;90;200;1000;11.781
35.26922145;33.7718045;1060.66;0.12022;25;45;90;200;1000;11.551
35.27378611;33.77997511;1060.66;0.71362;25;45;90;200;1000;11.352
35.27835164;33.78814554;1060.66;0.62408;25;45;90;200;1000;11.16
35.28291804;33.79631579;1060.66;0.7942;25;45;90;200;1000;11.044
35.28748531;33.80448586;1060.66;0.35894;25;45;90;200;1000;10.975
35.29205344;33.81265575;1060.66;1.135;25;45;90;200;1000;10.688
35.29662244;33.82082546;1060.66;0.70737;25;45;90;200;1000;10.54
35.30119232;33.82899499;1060.66;0.37659;25;45;90;200;1000;10.261
35.30576306;33.83716433;1060.66;1.0489;25;45;90;200;1000;10.056
35.31033467;33.8453335;1060.66;0;25;45;90;200;1000;9.9
35.31490715;33.85350249;1060.66;0.088611;25;45;90;200;1000;9.503
35.31948051;33.8616713;1060.66;0;25;45;90;200;1000;9.105
35.32405473;33.86983993;1060.66;0.29983;25;45;90;200;1000;8.776
35.32862983;33.87800837;1060.66;1.8601;25;45;90;200;1000;8.504
35.3332058;33.88617664;1060.66;3.2809;25;45;90;200;1000;8.347
35.33778264;33.89434473;1060.66;3.3486;25;45;90;200;1000;8.041
35.34236035;33.90251263;1060.66;1.8581;25;45;90;200;1000;7.725
35.34693894;33.91068035;1060.66;1.3908;25;45;90;200;1000;7.423
35.3515184;33.9188479;1060.66;1.2207;25;45;90;200;1000;7.242
35.35609874;33.92701526;1060.66;1.5452;25;45;90;200;1000;6.998
35.36067995;33.93518244;1060.66;0.58555;25;45;90;200;1000;6.856
35.36526204;33.94334944;1060.66;0.67519;25;45;90;200;1000;6.742
35.369845;33.95151626;1060.66;0.47737;25;45;90;200;1000;6.449
35.37442884;33.95968289;1060.66;0.97558;25;45;90;200;1000;6.32
35.37901355;33.96784935;1060.66;0.78107;25;45;90;200;1000;6.096
35.38359914;33.97601562;1060.66;0;25;45;90;200;1000;5.768
35.38818561;33.98418171;1060.66;0.14935;25;45;90;200;1000;5.391
35.39277296;33.99234762;1060.66;0.24083;25;45;90;200;1000;5.129
35.39736118;34.00051335;1060.66;1.213;25;45;90;200;1000;4.854
35.40195028;34.0086789;1060.66;0.64143;25;45;90;200;1000;4.656
35.40654026;34.01684426;1060.66;0.40233;25;45;90;200;1000;4.49
35.41113113;34.02500944;1060.66;0;25;45;90;200;1000;4.193
35.41572287;34.03317444;1060.66;0.48055;25;45;90;200;1000;4.016
35.42031549;34.04133926;1060.66;0.85868;25;45;90;200;1000;3.735
35.42490899;34.04950389;1060.66;0.4054;25;45;90;200;1000;3.608
35.42950337;34.05766835;1060.66;0.2402;25;45;90;200;1000;3.437
35.43409863;34.06583262;1060.66;0.68035;25;45;90;200;1000;3.145
35.43869478;34.0739967;1060.66;1.6783;25;45;90;200;1000;2.972
35.44329181;34.08216061;1060.66;2.6158;25;45;90;200;1000;2.834
35.44788972;34.09032433;1060.66;2.1651;25;45;90;200;1000;2.78
35.45248851;34.09848787;1060.66;1.8336;25;45;90;200;1000;2.932
35.45708819;34.10665123;1060.66;1.1094;25;45;90;200;1000;2.925
35.46168875;34.1148144;1060.66;0.32527;25;45;90;200;1000;3.201
35.46629019;34.12297739;1060.66;0.29145;25;45;90;200;1000;3.364
35.47089252;34.13114019;1060.66;0.19993;25;45;90;200;1000;3.621
35.47549574;34.13930282;1060.66;0;25;45;90;200;1000;3.988
35.48009984;34.14746526;1060.66;0.79482;25;45;90;200;1000;4.379
35.48470483;34.15562751;1060.66;2.2848;25;45;90;200;1000;4.496
35.4893107;34.16378959;1060.66;1.3308;25;45;90;200;1000;4.676
35.49391746;34.17195147;1060.66;1.9283;25;45;90;200;1000;4.958
35.49852511;34.18011318;1060.66;2.0006;25;45;90;200;1000;5.209
35.50313364;34.1882747;1060.66;1.2681;25;45;90;200;1000;5.537
35.50774307;34.19643604;1060.66;1.4992;25;45;90;200;1000;5.753
35.51235338;34.20459719;1060.66;0.2253;25;45;90;200;1000;5.715
35.51696458;34.21275816;1060.66;0.92377;25;45;90;200;1000;5.878
35.52157667;34.22091895;1060.66;1.5051;25;45;90;200;1000;5.973
35.52618965;34.22907955;1060.66;0.96805;25;45;90;200;1000;6.188
35.53080352;34.23723996;1060.66;0.79245;25;45;90;200;1000;6.404
35.53541828;34.2454002;1060.66;1.0435;25;45;90;200;1000;6.652
35.54003394;34.25356024;1060.66;0.48607;25;45;90;200;1000;6.823
35.54465048;34.26172011;1060.66;0;25;45;90;200;1000;7.037
35.54926792;34.26987978;1060.66;0.74495;25;45;90;200;1000;7.245
35.55388624;34.27803928;1060.66;1.4218;25;45;90;200;1000;7.437
35.55850547;34.28619858;1060.66;1.4239;25;45;90;200;1000;7.654
35.56312558;34.29435771;1060.66;1.6401;25;45;90;200;1000;7.906
35.56774659;34.30251665;1060.66;1.2844;25;45;90;200;1000;8.189
35.57236849;34.3106754;1060.66;1.6219;25;45;90;200;1000;8.356
35.57699129;34.31883397;1060.66;0.84258;25;45;90;200;1000;8.54
35.58161498;34.32699235;1060.66;1.0248;25;45;90;200;1000;8.751
35.58623957;34.33515055;1060.66;0.61611;25;45;90;200;1000;8.95
35.59086505;34.34330856;1060.66;2.3575;25;45;90;200;1000;9.14
35.59549143;34.35146638;1060.66;1.636;25;45;90;200;1000;9.349
35.60011871;34.35962403;1060.66;1.6201;25;45;90;200;1000;9.6
35.60474688;34.36778148;1060.66;2.0604;25;45;90;200;1000;9.86
35.60937595;34.37593875;1060.66;0.48639;25;45;90;200;1000;10.094
35.61400592;34.38409583;1060.66;0.093836;25;45;90;200;1000;10.307
35.61863679;34.39225273;1060.66;1.1393;25;45;90;200;1000;10.458
35.62326856;34.40040944;1060.66;0.92821;25;45;90;200;1000;10.658
35.62790122;34.40856596;1060.66;1.0207;25;45;90;200;1000;10.883
35.63253479;34.4167223;1060.66;0;25;45;90;200;1000;11.124
35.63716925;34.42487845;1060.66;0;25;45;90;200;1000;11.404
35.64180462;34.43303442;1060.66;0;25;45;90;200;1000;11.668
35.64644089;34.4411902;1060.66;0;25;45;90;200;1000;11.932
35.65107806;34.44934579;1060.66;0;25;45;90;200;1000;12.218
35.65571613;34.45750119;1060.66;0;25;45;90;200;1000;12.483
35.6603551;34.46565641;1060.66;0;25;45;90;200;1000;12.716
35.66499497;34.47381144;1060.66;0;25;45;90;200;1000;12.929
35.66963575;34.48196629;1060.66;0;25;45;90;200;1000;13.182
35.67427743;34.49012095;1060.66;0;25;45;90;200;1000;13.437
35.67892002;34.49827542;1060.66;0;25;45;90;200;1000;13.751
35.68356351;34.5064297;1060.66;0;25;45;90;200;1000;14.075
35.68820791;34.5145838;1060.66;0;25;45;90;200;1000;14.386
35.69285321;34.5227377;1060.66;0;25;45;90;200;1000;14.727
35.69749941;34.53089142;1060.66;0;25;45;90;200;1000;15.061
35.70214653;34.53904496;1060.66;0;25;45;90;200;1000;15.423
35.70679455;34.5471983;1060.66;0;25;45;90;200;1000;15.725
35.71144347;34.55535146;1060.66;0;25;45;90;200;1000;15.996
35.71609331;34.56350443;1060.66;0;25;45;90;200;1000;16.305
35.72074405;34.57165721;1060.66;0;25;45;90;200;1000;16.634
35.26604112;33.76309475;1202.082;0;25;45;90;200;1000;11.742
35.27060505;33.77126554;1202.082;0.12022;25;45;90;200;1000;11.486
35.27516985;33.77943615;1202.082;0.7201;25;45;90;200;1000;11.269
35.27973551;33.78760658;1202.082;0.68072;25;45;90;200;1000;11.086
35.28430204;33.79577683;1202.082;0.89831;25;45;90;200;1000;10.968
35.28886943;33.8039469;1202.082;0.39843;25;45;90;200;1000;10.92
35.2934377;33.81211679;1202.082;1.6797;25;45;90;200;1000;10.663
35.29800683;33.8202865;1202.082;0.65202;25;45;90;200;1000;10.472
35.30257684;33.82845603;1202.082;0.52344;25;45;90;200;1000;10.209
35.30714771;33.83662538;1202.082;1.185;25;45;90;200;1000;9.972
35.31171945;33.84479455;1202.082;0;25;45;90;200;1000;9.822
35.31629207;33.85296353;1202.082;0;25;45;90;200;1000;9.489
35.32086555;33.86113234;1202.082;0.13608;25;45;90;200;1000;9.069
35.32543991;33.86930097;1202.082;0.67401;25;45;90;200;1000;8.692
35.33001514;33.87746942;1202.082;2.242;25;45;90;200;1000;8.421
35.33459124;33.88563769;1202.082;3.6486;25;45;90;200;1000;8.23
35.33916822;33.89380577;1202.082;3.5044;25;45;90;200;1000;7.965
35.34374606;33.90197368;1202.082;1.8107;25;45;90;200;1000;7.665
35.34832478;33.9101414;1202.082;1.8426;25;45;90;200;1000;7.395
35.35290438;33.91830895;1202.082;1.3622;25;45;90;200;1000;7.164
35.35748485;33.92647631;1202.082;1.2875;25;45;90;200;1000;6.921
35.36206619;33.93464349;1202.082;0.73959;25;45;90;200;1000;6.795
35.36664841;33.94281049;1202.082;0.65561;25;45;90;200;1000;6.644
35.3712315;33.95097731;1202.082;0.40233;25;45;90;200;1000;6.413
35.37581547;33.95914394;1202.082;0.86366;25;45;90;200;1000;6.2
35.38040032;33.9673104;1202.082;0.81334;25;45;90;200;1000;6.041
35.38498604;33.97547667;1202.082;0;25;45;90;200;1000;5.747
35.38957264;33.98364277;1202.082;0.23859;25;45;90;200;1000;5.36
35.39416012;33.99180868;1202.082;0.40098;25;45;90;200;1000;5.096
35.39874848;33.99997441;1202.082;1.3815;25;45;90;200;1000;4.812
35.40333771;34.00813995;1202.082;0.92976;25;45;90;200;1000;4.605
35.40792783;34.01630532;1202.082;0.55536;25;45;90;200;1000;4.463
35.41251882;34.0244705;1202.082;0.26552;25;45;90;200;1000;4.122
35.41711069;34.0326355;1202.082;0.79573;25;45;90;200;1000;3.915
35.42170345;34.04080032;1202.082;0.99708;25;45;90;200;1000;3.658
35.42629708;34.04896495;1202.082;0.80439;25;45;90;200;1000;3.494
35.4308916;34.05712941;1202.082;0.13841;25;45;90;200;1000;3.335
35.43548699;34.06529368;1202.082;0.61333;25;45;90;200;1000;3.008
35.44008327;34.07345776;1202.082;1.8173;25;45;90;200;1000;2.86
35.44468043;34.08162167;1202.082;2.6709;25;45;90;200;1000;2.774
35.44927848;34.08978539;1202.082;2.2153;25;45;90;200;1000;2.721
35.4538774;34.09794893;1202.082;1.8467;25;45;90;200;1000;2.851
35.45847721;34.10611229;1202.082;1.3365;25;45;90;200;1000;2.871
35.46307791;34.11427546;1202.082;0.13608;25;45;90;200;1000;3.136
35.46767949;34.12243845;1202.082;0.44635;25;45;90;200;1000;3.321
35.47228195;34.13060126;1202.082;0.23338;25;45;90;200;1000;3.6
35.4768853;34.13876388;1202.082;0.023149;25;45;90;200;1000;3.979
35.48148953;34.14692632;1202.082;0.92676;25;45;90;200;1000;4.309
35.48609465;34.15508858;1202.082;2.2916;25;45;90;200;1000;4.414
35.49070066;34.16325065;1202.082;1.2306;25;45;90;200;1000;4.639
35.49530755;34.17141254;1202.082;2.1814;25;45;90;200;1000;4.91
35.49991534;34.17957425;1202.082;2.5921;25;45;90;200;1000;5.159
35.50452401;34.18773577;1202.082;2.1619;25;45;90;200;1000;5.521
35.50913356;34.19589711;1202.082;1.4734;25;45;90;200;1000;5.652
35.51374401;34.20405826;1202.082;0.24866;25;45;90;200;1000;5.649
35.51835534;34.21221923;1202.082;1.0861;25;45;90;200;1000;5.762
35.52296757;34.22038002;1202.082;1.6661;25;45;90;200;1000;5.908
35.52758068;34.22854062;1202.082;0.95576;25;45;90;200;1000;6.122
35.53219469;34.23670104;1202.082;0.99296;25;45;90;200;1000;6.345
35.53680958;34.24486127;1202.082;0.89067;25;45;90;200;1000;6.63
35.54142537;34.25302132;1202.082;0.73143;25;45;90;200;1000;6.765
35.54604205;34.26118118;1202.082;0;25;45;90;200;1000;6.967
35.55065962;34.26934086;1202.082;0.63356;25;45;90;200;1000;7.205
35.55527808;34.27750035;1202.082;1.3937;25;45;90;200;1000;7.377
35.55989744;34.28565966;1202.082;1.36;25;45;90;200;1000;7.628
35.56451769;34.29381879;1202.082;1.6854;25;45;90;200;1000;7.896
35.56913883;34.30197773;1202.082;1.3999;25;45;90;200;1000;8.134
35.57376087;34.31013648;1202.082;1.8233;25;45;90;200;1000;8.32
35.5783838;34.31829505;1202.082;0.76086;25;45;90;200;1000;8.506
35.58300763;34.32645343;1202.082;1.0764;25;45;90;200;1000;8.738
35.58763235;34.33461163;1202.082;0.80133;25;45;90;200;1000;8.917
35.59225797;34.34276964;1202.082;2.4858;25;45;90;200;1000;9.129
35.59688448;34.35092747;1202.082;1.7967;25;45;90;200;1000;9.343
35.6015119;34.35908511;1202.082;1.9549;25;45;90;200;1000;9.594
35.6061402;34.36724256;1202.082;2.6986;25;45;90;200;1000;9.825
35.61076941;34.37539983;1202.082;0.92368;25;45;90;200;1000;10.05
35.61539952;34.38355692;1202.082;0.38468;25;45;90;200;1000;10.26
35.62003052;34.39171382;1202.082;1.2739;25;45;90;200;1000;10.419
35.62466242;34.39987053;1202.082;1.0952;25;45;90;200;1000;10.64
35.62929522;34.40802705;1202.082;1.0616;25;45;90;200;1000;10.869
35.63392892;34.41618339;1202.082;0;25;45;90;200;1000;11.109
35.63856352;34.42433954;1202.082;0;25;45;90;200;1000;11.386
35.64319902;34.43249551;1202.082;0;25;45;90;200;1000;11.653
35.64783543;34.44065129;1202.082;0;25;45;90;200;1000;11.923
35.65247273;34.44880688;1202.082;0;25;45;90;200;1000;12.201
35.65711094;34.45696229;1202.082;0;25;45;90;200;1000;12.46
35.66175004;34.46511751;1202.082;0;25;45;90;200;1000;12.696
35.66639006;34.47327254;1202.082;0;25;45;90;200;1000;12.92
35.67103097;34.48142738;1202.082;0;25;45;90;200;1000;13.179
35.67567279;34.48958204;1202.082;0;25;45;90;200;1000;13.467
35.68031551;34.49773651;1202.082;0;25;45;90;200;1000;13.781
35.68495914;34.5058908;1202.082;0;25;45;90;200;1000;14.099
35.68960367;34.51404489;1202.082;0;25;45;90;200;1000;14.472
35.6942491;34.5221988;1202.082;0;25;45;90;200;1000;14.786
35.69889545;34.53035252;1202.082;0;25;45;90;200;1000;15.096
35.70354269;34.53850606;1202.082;0;25;45;90;200;1000;15.439
35.70819085;34.5466594;1202.082;0;25;45;90;200;1000;15.651
35.71283991;34.55481256;1202.082;0;25;45;90;200;1000;15.933
35.71748988;34.56296553;1202.082;0;25;45;90;200;1000;16.247
35.72214076;34.57111831;1202.082;0;25;45;90;200;1000;16.557
35.26742458;33.76255577;1343.503;0.087964;25;45;90;200;1000;11.688
35.27198863;33.77072656;1343.503;0.16085;25;45;90;200;1000;11.42
35.27655356;33.77889717;1343.503;0.84652;25;45;90;200;1000;11.218
35.28111935;33.7870676;1343.503;0.64759;25;45;90;200;1000;11.03
35.28568601;33.79523785;1343.503;0.98365;25;45;90;200;1000;10.894
35.29025354;33.80340792;1343.503;0.55302;25;45;90;200;1000;10.855
35.29482194;33.81157781;1343.503;1.8824;25;45;90;200;1000;10.608
35.29939121;33.81974752;1343.503;0.51546;25;45;90;200;1000;10.388
35.30396134;33.82791705;1343.503;0.49647;25;45;90;200;1000;10.121
35.30853235;33.8360864;1343.503;1.1886;25;45;90;200;1000;9.864
35.31310422;33.84425557;1343.503;0;25;45;90;200;1000;9.743
35.31767697;33.85242456;1343.503;0.15224;25;45;90;200;1000;9.508
35.32225059;33.86059337;1343.503;0.17303;25;45;90;200;1000;9.038
35.32682507;33.868762;1343.503;1.1268;25;45;90;200;1000;8.616
35.33140044;33.87693045;1343.503;2.4254;25;45;90;200;1000;8.34
35.33597667;33.88509872;1343.503;3.9964;25;45;90;200;1000;8.145
35.34055377;33.8932668;1343.503;3.4017;25;45;90;200;1000;7.888
35.34513175;33.90143471;1343.503;2.0766;25;45;90;200;1000;7.56
35.34971061;33.90960243;1343.503;2.9983;25;45;90;200;1000;7.364
35.35429033;33.91776998;1343.503;1.482;25;45;90;200;1000;7.094
35.35887093;33.92593734;1343.503;1.0074;25;45;90;200;1000;6.859
35.36345241;33.93410452;1343.503;1.0425;25;45;90;200;1000;6.736
35.36803476;33.94227152;1343.503;0.68094;25;45;90;200;1000;6.565
35.37261799;33.95043834;1343.503;0.41628;25;45;90;200;1000;6.342
35.37720209;33.95860498;1343.503;0.59275;25;45;90;200;1000;6.12
35.38178707;33.96677144;1343.503;0.77319;25;45;90;200;1000;5.986
35.38637292;33.97493771;1343.503;0.19814;25;45;90;200;1000;5.724
35.39095966;33.9831038;1343.503;0.313;25;45;90;200;1000;5.34
35.39554727;33.99126971;1343.503;0.6071;25;45;90;200;1000;5.024
35.40013576;33.99943544;1343.503;1.6751;25;45;90;200;1000;4.754
35.40472513;34.00760099;1343.503;1.4073;25;45;90;200;1000;4.5
35.40931537;34.01576636;1343.503;0.53667;25;45;90;200;1000;4.356
35.4139065;34.02393154;1343.503;0.35722;25;45;90;200;1000;4.03
35.41849851;34.03209654;1343.503;0.93266;25;45;90;200;1000;3.8
35.42309139;34.04026136;1343.503;1.0034;25;45;90;200;1000;3.553
35.42768516;34.048426;1343.503;0.97652;25;45;90;200;1000;3.385
35.43227981;34.05659045;1343.503;0.087964;25;45;90;200;1000;3.181
35.43687534;34.06475472;1343.503;0.85818;25;45;90;200;1000;2.897
35.44147175;34.07291881;1343.503;1.9249;25;45;90;200;1000;2.792
35.44606904;34.08108272;1343.503;2.6531;25;45;90;200;1000;2.708
35.45066722;34.08924644;1343.503;2.2152;25;45;90;200;1000;2.653
35.45526628;34.09740998;1343.503;1.839;25;45;90;200;1000;2.76
35.45986622;34.10557334;1343.503;1.4612;25;45;90;200;1000;2.817
35.46446705;34.11373651;1343.503;0;25;45;90;200;1000;3.049
35.46906876;34.1218995;1343.503;0.53077;25;45;90;200;1000;3.243
35.47367136;34.13006231;1343.503;0.29788;25;45;90;200;1000;3.589
35.47827484;34.13822493;1343.503;0.18654;25;45;90;200;1000;4.007
35.48287921;34.14638737;1343.503;0.88835;25;45;90;200;1000;4.242
35.48748446;34.15454963;1343.503;1.8631;25;45;90;200;1000;4.323
35.4920906;34.16271171;1343.503;1.5249;25;45;90;200;1000;4.581
35.49669763;34.1708736;1343.503;2.274;25;45;90;200;1000;4.862
35.50130555;34.1790353;1343.503;2.8914;25;45;90;200;1000;5.137
35.50591435;34.18719683;1343.503;3.0752;25;45;90;200;1000;5.519
35.51052404;34.19535816;1343.503;1.9279;25;45;90;200;1000;5.554
35.51513462;34.20351932;1343.503;0.16085;25;45;90;200;1000;5.579
35.51974609;34.21168029;1343.503;1.1899;25;45;90;200;1000;5.689
35.52435845;34.21984108;1343.503;1.6194;25;45;90;200;1000;5.845
35.5289717;34.22800168;1343.503;1.0128;25;45;90;200;1000;6.064
35.53358584;34.2361621;1343.503;1.0098;25;45;90;200;1000;6.313
35.53820087;34.24432233;1343.503;0.76755;25;45;90;200;1000;6.587
35.54281679;34.25248238;1343.503;0.51303;25;45;90;200;1000;6.706
35.5474336;34.26064224;1343.503;0.12022;25;45;90;200;1000;6.913
35.55205131;34.26880192;1343.503;0.7391;25;45;90;200;1000;7.158
35.55666991;34.27696142;1343.503;1.8898;25;45;90;200;1000;7.345
35.5612894;34.28512073;1343.503;1.4135;25;45;90;200;1000;7.587
35.56590978;34.29327985;1343.503;1.6154;25;45;90;200;1000;7.841
35.57053106;34.30143879;1343.503;1.7034;25;45;90;200;1000;8.078
35.57515323;34.30959754;1343.503;1.9021;25;45;90;200;1000;8.283
35.5797763;34.31775611;1343.503;0.78305;25;45;90;200;1000;8.483
35.58440026;34.3259145;1343.503;1.4641;25;45;90;200;1000;8.711
35.58902512;34.3340727;1343.503;0.69241;25;45;90;200;1000;8.89
35.59365087;34.34223071;1343.503;2.5046;25;45;90;200;1000;9.139
35.59827752;34.35038854;1343.503;1.9199;25;45;90;200;1000;9.363
35.60290506;34.35854618;1343.503;2.5711;25;45;90;200;1000;9.569
35.60753351;34.36670363;1343.503;3.0358;25;45;90;200;1000;9.79
35.61216285;34.3748609;1343.503;1.2316;25;45;90;200;1000;10.009
35.61679309;34.38301799;1343.503;0.64004;25;45;90;200;1000;10.214
35.62142423;34.39117489;1343.503;1.3455;25;45;90;200;1000;10.39
35.62605626;34.3993316;1343.503;1.3862;25;45;90;200;1000;10.615
35.6306892;34.40748812;1343.503;1.0545;25;45;90;200;1000;10.851
35.63532304;34.41564446;1343.503;0;25;45;90;200;1000;11.099
35.63995777;34.42380062;1343.503;0;25;45;90;200;1000;11.387
35.64459341;34.43195658;1343.503;0;25;45;90;200;1000;11.655
35.64922995;34.44011236;1343.503;0;25;45;90;200;1000;11.934
35.65386739;34.44826796;1343.503;0;25;45;90;200;1000;12.201
35.65850573;34.45642336;1343.503;0;25;45;90;200;1000;12.45
35.66314497;34.46457858;1343.503;0;25;45;90;200;1000;12.689
35.66778512;34.47273362;1343.503;0;25;45;90;200;1000;12.944
35.67242617;34.48088846;1343.503;0;25;45;90;200;1000;13.195
35.67706812;34.48904312;1343.503;0;25;45;90;200;1000;13.472
35.68171098;34.49719759;1343.503;0;25;45;90;200;1000;13.794
35.68635474;34.50535188;1343.503;0;25;45;90;200;1000;14.111
35.69099941;34.51350597;1343.503;0;25;45;90;200;1000;14.427
35.69564498;34.52165988;1343.503;0;25;45;90;200;1000;14.759
35.70029146;34.52981361;1343.503;0;25;45;90;200;1000;15.068
35.70493884;34.53796714;1343.503;0;25;45;90;200;1000;15.375
35.70958714;34.54612049;1343.503;0;25;45;90;200;1000;15.632
35.71423633;34.55427365;1343.503;0;25;45;90;200;1000;15.922
35.71888644;34.56242662;1343.503;0;25;45;90;200;1000;16.214
35.72353746;34.5705794;1343.503;0;25;45;90;200;1000;16.493
35.26880801;33.76201677;1484.924;0.24275;25;45;90;200;1000;11.634
35.2733722;33.77018756;1484.924;0.42743;25;45;90;200;1000;11.395
35.27793726;33.77835817;1484.924;1.1367;25;45;90;200;1000;11.171
35.28250318;33.7865286;1484.924;0.46198;25;45;90;200;1000;10.976
35.28706997;33.79469885;1484.924;0.93982;25;45;90;200;1000;10.844
35.29163763;33.80286893;1484.924;0.66754;25;45;90;200;1000;10.793
35.29620616;33.81103882;1484.924;1.8392;25;45;90;200;1000;10.54
35.30077556;33.81920853;1484.924;0.45672;25;45;90;200;1000;10.297
35.30534583;33.82737806;1484.924;0.3353;25;45;90;200;1000;10.085
35.30991696;33.83554741;1484.924;0.99817;25;45;90;200;1000;9.766
35.31448897;33.84371658;1484.924;0;25;45;90;200;1000;9.632
35.31906185;33.85188557;1484.924;0.18601;25;45;90;200;1000;9.392
35.3236356;33.86005438;1484.924;0.13608;25;45;90;200;1000;8.947
35.32821022;33.86822301;1484.924;1.3528;25;45;90;200;1000;8.519
35.33278571;33.87639146;1484.924;2.5987;25;45;90;200;1000;8.266
35.33736208;33.88455973;1484.924;4.4182;25;45;90;200;1000;8.068
35.34193932;33.89272782;1484.924;3.2095;25;45;90;200;1000;7.813
35.34651743;33.90089572;1484.924;2.6769;25;45;90;200;1000;7.485
35.35109641;33.90906345;1484.924;3.519;25;45;90;200;1000;7.261
35.35567627;33.91723099;1484.924;1.6336;25;45;90;200;1000;7.039
35.360257;33.92539836;1484.924;0.81854;25;45;90;200;1000;6.832
35.36483861;33.93356554;1484.924;0.99138;25;45;90;200;1000;6.63
35.36942109;33.94173254;1484.924;0.60939;25;45;90;200;1000;6.454
35.37400445;33.94989936;1484.924;0.53841;25;45;90;200;1000;6.206
35.37858869;33.958066;1484.924;0.52097;25;45;90;200;1000;6.017
35.3831738;33.96623246;1484.924;0.65655;25;45;90;200;1000;5.917
35.38775979;33.97439873;1484.924;0.27115;25;45;90;200;1000;5.669
35.39234665;33.98256483;1484.924;0.3938;25;45;90;200;1000;5.348
35.3969344;33.99073074;1484.924;0.85154;25;45;90;200;1000;4.962
35.40152302;33.99889647;1484.924;1.6649;25;45;90;200;1000;4.658
35.40611252;34.00706202;1484.924;1.6699;25;45;90;200;1000;4.419
35.4107029;34.01522738;1484.924;0.29145;25;45;90;200;1000;4.25
35.41529416;34.02339256;1484.924;0.40233;25;45;90;200;1000;3.948
35.4198863;34.03155757;1484.924;0.95552;25;45;90;200;1000;3.712
35.42447932;34.03972239;1484.924;0.79757;25;45;90;200;1000;3.469
35.42907322;34.04788702;1484.924;0.99568;25;45;90;200;1000;3.312
35.433668;34.05605148;1484.924;0;25;45;90;200;1000;3.052
35.43826366;34.06421575;1484.924;0.99535;25;45;90;200;1000;2.82
35.44286021;34.07237984;1484.924;2.2235;25;45;90;200;1000;2.696
35.44745763;34.08054375;1484.924;2.5833;25;45;90;200;1000;2.635
35.45205594;34.08870747;1484.924;2.221;25;45;90;200;1000;2.581
35.45665514;34.09687101;1484.924;1.915;25;45;90;200;1000;2.693
35.46125521;34.10503437;1484.924;1.6961;25;45;90;200;1000;2.744
35.46585618;34.11319754;1484.924;0.35344;25;45;90;200;1000;2.951
35.47045802;34.12136053;1484.924;0.40957;25;45;90;200;1000;3.117
35.47506075;34.12952334;1484.924;0.47453;25;45;90;200;1000;3.539
35.47966437;34.13768597;1484.924;0.21499;25;45;90;200;1000;3.915
35.48426887;34.14584841;1484.924;0.80689;25;45;90;200;1000;4.116
35.48887426;34.15401067;1484.924;1.4124;25;45;90;200;1000;4.269
35.49348053;34.16217274;1484.924;2.0555;25;45;90;200;1000;4.561
35.49808769;34.17033463;1484.924;2.4968;25;45;90;200;1000;4.808
35.50269574;34.17849634;1484.924;2.9827;25;45;90;200;1000;5.09
35.50730468;34.18665786;1484.924;3.7029;25;45;90;200;1000;5.425
35.5119145;34.1948192;1484.924;2.0099;25;45;90;200;1000;5.46
35.51652522;34.20298036;1484.924;0.12022;25;45;90;200;1000;5.503
35.52113682;34.21114133;1484.924;1.1692;25;45;90;200;1000;5.618
35.52574931;34.21930212;1484.924;1.7322;25;45;90;200;1000;5.781
35.5303627;34.22746272;1484.924;0.95576;25;45;90;200;1000;6.032
35.53497697;34.23562314;1484.924;0.90199;25;45;90;200;1000;6.288
35.53959214;34.24378337;1484.924;0.59275;25;45;90;200;1000;6.538
35.54420819;34.25194342;1484.924;0.37716;25;45;90;200;1000;6.655
35.54882514;34.26010329;1484.924;0.3246;25;45;90;200;1000;6.885
35.55344298;34.26826297;1484.924;0.99755;25;45;90;200;1000;7.098
35.55806171;34.27642246;1484.924;2.0823;25;45;90;200;1000;7.316
35.56268133;34.28458177;1484.924;1.775;25;45;90;200;1000;7.555
35.56730185;34.2927409;1484.924;1.7969;25;45;90;200;1000;7.817
35.57192327;34.30089984;1484.924;1.7165;25;45;90;200;1000;8.052
35.57654557;34.30905859;1484.924;2.0245;25;45;90;200;1000;8.25
35.58116877;34.31721716;1484.924;0.79031;25;45;90;200;1000;8.435
35.58579287;34.32537555;1484.924;1.6316;25;45;90;200;1000;8.659
35.59041786;34.33353375;1484.924;0.62315;25;45;90;200;1000;8.86
35.59504375;34.34169176;1484.924;2.3711;25;45;90;200;1000;9.115
35.59967053;34.34984959;1484.924;2.1411;25;45;90;200;1000;9.356
35.60429822;34.35800723;1484.924;2.9757;25;45;90;200;1000;9.546
35.60892679;34.36616469;1484.924;3.3037;25;45;90;200;1000;9.745
35.61355627;34.37432196;1484.924;1.5132;25;45;90;200;1000;9.976
35.61818664;34.38247904;1484.924;0.69626;25;45;90;200;1000;10.186
35.62281792;34.39063594;1484.924;1.4784;25;45;90;200;1000;10.365
35.62745009;34.39879265;1484.924;1.7605;25;45;90;200;1000;10.605
35.63208316;34.40694918;1484.924;0.99535;25;45;90;200;1000;10.846
35.63671713;34.41510552;1484.924;0;25;45;90;200;1000;11.104
35.641352;34.42326167;1484.924;0;25;45;90;200;1000;11.394
35.64598778;34.43141764;1484.924;0;25;45;90;200;1000;11.693
35.65062445;34.43957342;1484.924;0;25;45;90;200;1000;11.956
35.65526202;34.44772902;1484.924;0;25;45;90;200;1000;12.201
35.6599005;34.45588442;1484.924;0;25;45;90;200;1000;12.411
35.66453988;34.46403964;1484.924;0;25;45;90;200;1000;12.676
35.66918016;34.47219468;1484.924;0;25;45;90;200;1000;12.989
35.67382135;34.48034952;1484.924;0;25;45;90;200;1000;13.229
35.67846344;34.48850418;1484.924;0;25;45;90;200;1000;13.487
35.68310643;34.49665866;1484.924;0;25;45;90;200;1000;13.786
35.68775033;34.50481294;1484.924;0;25;45;90;200;1000;14.097
35.69239513;34.51296704;1484.924;0;25;45;90;200;1000;14.4
35.69704084;34.52112095;1484.924;0;25;45;90;200;1000;14.743
35.70168746;34.52927467;1484.924;0;25;45;90;200;1000;15.054
35.70633498;34.53742821;1484.924;0;25;45;90;200;1000;15.337
35.7109834;34.54558155;1484.924;0;25;45;90;200;1000;15.626
35.71563274;34.55373471;1484.924;0;25;45;90;200;1000;15.91
35.72028298;34.56188769;1484.924;0;25;45;90;200;1000;16.206
35.72493413;34.57004047;1484.924;0;25;45;90;200;1000;16.448
35.27019143;33.76147776;1626.346;0.23732;25;45;90;200;1000;11.594
35.27475575;33.76964855;1626.346;0.60804;25;45;90;200;1000;11.345
35.27932094;33.77781916;1626.346;1.4636;25;45;90;200;1000;11.106
35.28388699;33.78598959;1626.346;0.55379;25;45;90;200;1000;10.918
35.28845392;33.79415985;1626.346;0.96865;25;45;90;200;1000;10.783
35.29302171;33.80232992;1626.346;0.5803;25;45;90;200;1000;10.711
35.29759037;33.81049981;1626.346;1.9586;25;45;90;200;1000;10.491
35.3021599;33.81866952;1626.346;0.35867;25;45;90;200;1000;10.226
35.3067303;33.82683905;1626.346;0.023148;25;45;90;200;1000;10.041
35.31130157;33.8350084;1626.346;0.78319;25;45;90;200;1000;9.697
35.3158737;33.84317758;1626.346;0;25;45;90;200;1000;9.513
35.32044671;33.85134657;1626.346;0.24085;25;45;90;200;1000;9.263
35.3250206;33.85951538;1626.346;0.25487;25;45;90;200;1000;8.822
35.32959535;33.86768401;1626.346;1.4175;25;45;90;200;1000;8.488
35.33417097;33.87585246;1626.346;2.7167;25;45;90;200;1000;8.225
35.33874747;33.88402073;1626.346;4.3945;25;45;90;200;1000;7.998
35.34332484;33.89218882;1626.346;3.1824;25;45;90;200;1000;7.765
35.34790308;33.90035672;1626.346;3.0339;25;45;90;200;1000;7.399
35.3524822;33.90852445;1626.346;4.02;25;45;90;200;1000;7.217
35.35706219;33.91669199;1626.346;1.9488;25;45;90;200;1000;7.001
35.36164306;33.92485936;1626.346;0.59258;25;45;90;200;1000;6.758
35.3662248;33.93302654;1626.346;0.77569;25;45;90;200;1000;6.556
35.37080741;33.94119354;1626.346;0.40607;25;45;90;200;1000;6.374
35.3753909;33.94936036;1626.346;0.53025;25;45;90;200;1000;6.097
35.37997527;33.957527;1626.346;0.57961;25;45;90;200;1000;5.928
35.38456051;33.96569346;1626.346;0.41734;25;45;90;200;1000;5.828
35.38914664;33.97385974;1626.346;0.29145;25;45;90;200;1000;5.584
35.39373363;33.98202583;1626.346;0.43513;25;45;90;200;1000;5.224
35.39832151;33.99019174;1626.346;0.96437;25;45;90;200;1000;4.837
35.40291026;33.99835747;1626.346;1.5835;25;45;90;200;1000;4.476
35.4074999;34.00652302;1626.346;1.9113;25;45;90;200;1000;4.262
35.41209041;34.01468839;1626.346;0.27115;25;45;90;200;1000;4.182
35.4166818;34.02285357;1626.346;0.41628;25;45;90;200;1000;3.913
35.42127407;34.03101858;1626.346;1.1297;25;45;90;200;1000;3.578
35.42586723;34.0391834;1626.346;0.58611;25;45;90;200;1000;3.403
35.43046126;34.04734803;1626.346;0.8259;25;45;90;200;1000;3.262
35.43505617;34.05551249;1626.346;0;25;45;90;200;1000;2.974
35.43965197;34.06367676;1626.346;1.0545;25;45;90;200;1000;2.741
35.44424865;34.07184085;1626.346;2.4077;25;45;90;200;1000;2.594
35.44884621;34.08000476;1626.346;2.593;25;45;90;200;1000;2.526
35.45344465;34.08816848;1626.346;2.2705;25;45;90;200;1000;2.507
35.45804398;34.09633203;1626.346;1.9784;25;45;90;200;1000;2.632
35.46264419;34.10449538;1626.346;2.1554;25;45;90;200;1000;2.651
35.46724528;34.11265856;1626.346;0.64093;25;45;90;200;1000;2.879
35.47184726;34.12082155;1626.346;0.44945;25;45;90;200;1000;3.063
35.47645013;34.12898436;1626.346;0.54128;25;45;90;200;1000;3.452
35.48105388;34.13714699;1626.346;0.32262;25;45;90;200;1000;3.797
35.48565851;34.14530943;1626.346;0.50577;25;45;90;200;1000;4.029
35.49026403;34.15347169;1626.346;1.1663;25;45;90;200;1000;4.219
35.49487044;34.16163376;1626.346;2.6158;25;45;90;200;1000;4.502
35.49947774;34.16979565;1626.346;2.6174;25;45;90;200;1000;4.75
35.50408592;34.17795736;1626.346;2.962;25;45;90;200;1000;5.051
35.50869499;34.18611889;1626.346;4.0343;25;45;90;200;1000;5.336
35.51330495;34.19428023;1626.346;2.0077;25;45;90;200;1000;5.375
35.5179158;34.20244138;1626.346;0;25;45;90;200;1000;5.429
35.52252753;34.21060235;1626.346;0.95612;25;45;90;200;1000;5.554
35.52714016;34.21876314;1626.346;1.7978;25;45;90;200;1000;5.723
35.53175368;34.22692375;1626.346;0.99658;25;45;90;200;1000;5.979
35.53636809;34.23508416;1626.346;0.5931;25;45;90;200;1000;6.24
35.54098338;34.2432444;1626.346;0.52097;25;45;90;200;1000;6.467
35.54559957;34.25140445;1626.346;0.13841;25;45;90;200;1000;6.624
35.55021666;34.25956431;1626.346;0.36736;25;45;90;200;1000;6.848
35.55483463;34.267724;1626.346;0.81141;25;45;90;200;1000;7.066
35.5594535;34.27588349;1626.346;2.1152;25;45;90;200;1000;7.306
35.56407325;34.2840428;1626.346;2.1223;25;45;90;200;1000;7.547
35.56869391;34.29220193;1626.346;1.9453;25;45;90;200;1000;7.812
35.57331545;34.30036087;1626.346;1.6836;25;45;90;200;1000;8.034
35.5779379;34.30851963;1626.346;2.1564;25;45;90;200;1000;8.199
35.58256123;34.3166782;1626.346;1.0379;25;45;90;200;1000;8.422
35.58718546;34.32483658;1626.346;1.6355;25;45;90;200;1000;8.61
35.59181059;34.33299478;1626.346;0.75498;25;45;90;200;1000;8.837
35.59643661;34.3411528;1626.346;2.1103;25;45;90;200;1000;9.096
35.60106353;34.34931062;1626.346;2.3925;25;45;90;200;1000;9.319
35.60569135;34.35746827;1626.346;3.3497;25;45;90;200;1000;9.516
35.61032006;34.36562572;1626.346;3.4673;25;45;90;200;1000;9.728
35.61494967;34.373783;1626.346;1.8223;25;45;90;200;1000;9.943
35.61958018;34.38194008;1626.346;0.45625;25;45;90;200;1000;10.148
35.62421159;34.39009698;1626.346;1.5146;25;45;90;200;1000;10.348
35.6288439;34.39825369;1626.346;1.9518;25;45;90;200;1000;10.606
35.6334771;34.40641022;1626.346;0.85818;25;45;90;200;1000;10.864
35.63811121;34.41456656;1626.346;0;25;45;90;200;1000;11.066
35.64274622;34.42272272;1626.346;0;25;45;90;200;1000;11.376
35.64738213;34.43087868;1626.346;0;25;45;90;200;1000;11.734
35.65201893;34.43903447;1626.346;0;25;45;90;200;1000;11.973
35.65665665;34.44719006;1626.346;0;25;45;90;200;1000;12.179
35.66129526;34.45534547;1626.346;0;25;45;90;200;1000;12.38
35.66593477;34.46350069;1626.346;0;25;45;90;200;1000;12.618
35.67057519;34.47165572;1626.346;0;25;45;90;200;1000;13.038
35.67521651;34.47981057;1626.346;0;25;45;90;200;1000;13.309
35.67985874;34.48796523;1626.346;0;25;45;90;200;1000;13.516
35.68450187;34.4961197;1626.346;0;25;45;90;200;1000;13.8
35.6891459;34.50427399;1626.346;0;25;45;90;200;1000;14.107
35.69379084;34.51242809;1626.346;0;25;45;90;200;1000;14.408
35.69843668;34.520582;1626.346;0;25;45;90;200;1000;14.754
35.70308343;34.52873572;1626.346;0;25;45;90;200;1000;15.075
35.70773109;34.53688926;1626.346;0;25;45;90;200;1000;15.349
35.71237966;34.54504261;1626.346;0;25;45;90;200;1000;15.594
35.71702913;34.55319577;1626.346;0;25;45;90;200;1000;15.886
35.7216795;34.56134874;1626.346;0;25;45;90;200;1000;16.229
35.72633079;34.56950152;1626.346;0;25;45;90;200;1000;16.412
35.27157483;33.76093873;1767.767;0.10433;25;45;90;200;1000;11.578
35.27613928;33.76910952;1767.767;0.60508;25;45;90;200;1000;11.299
35.2807046;33.77728014;1767.767;1.6381;25;45;90;200;1000;11.05
35.28527079;33.78545057;1767.767;1.2026;25;45;90;200;1000;10.856
35.28983784;33.79362082;1767.767;0.89234;25;45;90;200;1000;10.701
35.29440577;33.80179089;1767.767;0.5115;25;45;90;200;1000;10.611
35.29897456;33.80996079;1767.767;1.8332;25;45;90;200;1000;10.393
35.30354422;33.8181305;1767.767;0.1608;25;45;90;200;1000;10.128
35.30811475;33.82630003;1767.767;0;25;45;90;200;1000;10.015
35.31268615;33.83446938;1767.767;0.27078;25;45;90;200;1000;9.641
35.31725842;33.84263856;1767.767;0.19993;25;45;90;200;1000;9.438
35.32183156;33.85080755;1767.767;0.47105;25;45;90;200;1000;9.19
35.32640557;33.85897636;1767.767;0.59042;25;45;90;200;1000;8.789
35.33098046;33.86714499;1767.767;1.1195;25;45;90;200;1000;8.466
35.33555622;33.87531344;1767.767;2.9593;25;45;90;200;1000;8.179
35.34013284;33.88348171;1767.767;3.8946;25;45;90;200;1000;7.928
35.34471035;33.8916498;1767.767;3.0524;25;45;90;200;1000;7.671
35.34928872;33.89981771;1767.767;3.1668;25;45;90;200;1000;7.348
35.35386797;33.90798543;1767.767;4.2544;25;45;90;200;1000;7.135
35.35844809;33.91615298;1767.767;2.3434;25;45;90;200;1000;6.914
35.36302909;33.92432034;1767.767;0.12734;25;45;90;200;1000;6.666
35.36761096;33.93248753;1767.767;0.50518;25;45;90;200;1000;6.479
35.37219371;33.94065453;1767.767;0.50675;25;45;90;200;1000;6.28
35.37677733;33.94882135;1767.767;0.4016;25;45;90;200;1000;6.001
35.38136183;33.95698799;1767.767;0.40727;25;45;90;200;1000;5.828
35.38594721;33.96515445;1767.767;0.18654;25;45;90;200;1000;5.75
35.39053346;33.97332073;1767.767;0.73602;25;45;90;200;1000;5.487
35.3951206;33.98148682;1767.767;0.44806;25;45;90;200;1000;5.134
35.3997086;33.98965273;1767.767;1.0161;25;45;90;200;1000;4.676
35.40429749;33.99781847;1767.767;1.7158;25;45;90;200;1000;4.34
35.40888726;34.00598402;1767.767;1.8156;25;45;90;200;1000;4.128
35.4134779;34.01414938;1767.767;0.19814;25;45;90;200;1000;4.088
35.41806943;34.02231457;1767.767;0.40233;25;45;90;200;1000;3.875
35.42266183;34.03047957;1767.767;0.9767;25;45;90;200;1000;3.525
35.42725512;34.03864439;1767.767;0.57628;25;45;90;200;1000;3.317
35.43184928;34.04680903;1767.767;1.0309;25;45;90;200;1000;3.173
35.43644433;34.05497349;1767.767;0;25;45;90;200;1000;2.924
35.44104026;34.06313776;1767.767;1.2197;25;45;90;200;1000;2.684
35.44563707;34.07130185;1767.767;2.3667;25;45;90;200;1000;2.525
35.45023477;34.07946576;1767.767;2.6487;25;45;90;200;1000;2.426
35.45483334;34.08762948;1767.767;2.4998;25;45;90;200;1000;2.402
35.4594328;34.09579302;1767.767;1.9045;25;45;90;200;1000;2.553
35.46403314;34.10395638;1767.767;2.2591;25;45;90;200;1000;2.579
35.46863437;34.11211956;1767.767;1.268;25;45;90;200;1000;2.786
35.47323649;34.12028255;1767.767;0.46198;25;45;90;200;1000;3.01
35.47783948;34.12844536;1767.767;0.49922;25;45;90;200;1000;3.365
35.48244337;34.13660799;1767.767;0.19618;25;45;90;200;1000;3.68
35.48704813;34.14477043;1767.767;0.35115;25;45;90;200;1000;3.947
35.49165379;34.15293269;1767.767;1.3333;25;45;90;200;1000;4.16
35.49626033;34.16109477;1767.767;3.022;25;45;90;200;1000;4.442
35.50086776;34.16925666;1767.767;2.6171;25;45;90;200;1000;4.729
35.50547608;34.17741837;1767.767;2.9855;25;45;90;200;1000;5.036
35.51008528;34.18557989;1767.767;3.7479;25;45;90;200;1000;5.24
35.51469538;34.19374123;1767.767;2.2698;25;45;90;200;1000;5.296
35.51930636;34.20190239;1767.767;0;25;45;90;200;1000;5.359
35.52391823;34.21006336;1767.767;0.84672;25;45;90;200;1000;5.485
35.52853099;34.21822415;1767.767;1.8853;25;45;90;200;1000;5.677
35.53314464;34.22638476;1767.767;1.0949;25;45;90;200;1000;5.949
35.53775918;34.23454518;1767.767;0.1608;25;45;90;200;1000;6.2
35.54237461;34.24270541;1767.767;0.41063;25;45;90;200;1000;6.397
35.54699094;34.25086546;1767.767;0.087964;25;45;90;200;1000;6.573
35.55160815;34.25902533;1767.767;0.26925;25;45;90;200;1000;6.787
35.55622626;34.26718501;1767.767;0.55466;25;45;90;200;1000;7.051
35.56084526;34.27534451;1767.767;2.2023;25;45;90;200;1000;7.322
35.56546516;34.28350382;1767.767;2.5197;25;45;90;200;1000;7.567
35.57008595;34.29166294;1767.767;2.0361;25;45;90;200;1000;7.811
35.57470763;34.29982189;1767.767;1.4215;25;45;90;200;1000;7.973
35.5793302;34.30798064;1767.767;2.3976;25;45;90;200;1000;8.171
35.58395367;34.31613921;1767.767;1.4637;25;45;90;200;1000;8.392
35.58857804;34.3242976;1767.767;1.8577;25;45;90;200;1000;8.57
35.5932033;34.3324558;1767.767;1.0919;25;45;90;200;1000;8.807
35.59782946;34.34061381;1767.767;2.3015;25;45;90;200;1000;9.039
35.60245651;34.34877164;1767.767;2.5098;25;45;90;200;1000;9.278
35.60708446;34.35692929;1767.767;3.9743;25;45;90;200;1000;9.5
35.61171331;34.36508675;1767.767;3.6238;25;45;90;200;1000;9.716
35.61634306;34.37324402;1767.767;1.9374;25;45;90;200;1000;9.923
35.6209737;34.3814011;1767.767;0.53864;25;45;90;200;1000;10.115
35.62560525;34.389558;1767.767;1.424;25;45;90;200;1000;10.329
35.63023769;34.39771472;1767.767;1.8311;25;45;90;200;1000;10.602
35.63487103;34.40587125;1767.767;0.78231;25;45;90;200;1000;10.82
35.63950527;34.41402759;1767.767;0;25;45;90;200;1000;11.048
35.64414041;34.42218374;1767.767;0;25;45;90;200;1000;11.38
35.64877646;34.43033971;1767.767;0;25;45;90;200;1000;11.694
35.6534134;34.43849549;1767.767;0;25;45;90;200;1000;11.917
35.65805125;34.44665109;1767.767;0;25;45;90;200;1000;12.139
35.66269;34.4548065;1767.767;0;25;45;90;200;1000;12.358
35.66732965;34.46296172;1767.767;0;25;45;90;200;1000;12.58
35.6719702;34.47111675;1767.767;0;25;45;90;200;1000;12.979
35.67661166;34.4792716;1767.767;0;25;45;90;200;1000;13.382
35.68125402;34.48742626;1767.767;0;25;45;90;200;1000;13.576
35.68589728;34.49558074;1767.767;0;25;45;90;200;1000;13.835
35.69054145;34.50373502;1767.767;0;25;45;90;200;1000;14.159
35.69518653;34.51188912;1767.767;0;25;45;90;200;1000;14.458
35.69983251;34.52004303;1767.767;0;25;45;90;200;1000;14.789
35.70447939;34.52819676;1767.767;0;25;45;90;200;1000;15.121
35.70912719;34.53635029;1767.767;0;25;45;90;200;1000;15.344
35.71377589;34.54450364;1767.767;0;25;45;90;200;1000;15.569
35.71842549;34.5526568;1767.767;0;25;45;90;200;1000;15.88
35.72307601;34.56080978;1767.767;0;25;45;90;200;1000;16.143
35.72772743;34.56896256;1767.767;0;25;45;90;200;1000;16.352
35.27295821;33.76039969;1909.188;0;25;45;90;200;1000;11.571
35.2775228;33.76857048;1909.188;0.48544;25;45;90;200;1000;11.271
35.28208825;33.77674109;1909.188;1.5885;25;45;90;200;1000;11.019
35.28665456;33.78491153;1909.188;1.6436;25;45;90;200;1000;10.795
35.29122175;33.79308178;1909.188;1.0003;25;45;90;200;1000;10.634
35.29578981;33.80125185;1909.188;0.8362;25;45;90;200;1000;10.516
35.30035873;33.80942175;1909.188;1.5365;25;45;90;200;1000;10.348
35.30492852;33.81759146;1909.188;0;25;45;90;200;1000;10.047
35.30949918;33.82576099;1909.188;0;25;45;90;200;1000;9.903
35.31407071;33.83393035;1909.188;0.12734;25;45;90;200;1000;9.575
35.31864312;33.84209952;1909.188;0.51151;25;45;90;200;1000;9.367
35.32321639;33.85026851;1909.188;0.67443;25;45;90;200;1000;9.094
35.32779054;33.85843732;1909.188;0.80759;25;45;90;200;1000;8.733
35.33236555;33.86660595;1909.188;1.1246;25;45;90;200;1000;8.361
35.33694144;33.87477441;1909.188;2.8826;25;45;90;200;1000;8.141
35.3415182;33.88294268;1909.188;3.8006;25;45;90;200;1000;7.83
35.34609583;33.89111077;1909.188;2.9168;25;45;90;200;1000;7.585
35.35067434;33.89927867;1909.188;3.0718;25;45;90;200;1000;7.311
35.35525372;33.9074464;1909.188;4.1832;25;45;90;200;1000;7.027
35.35983398;33.91561395;1909.188;2.4267;25;45;90;200;1000;6.832
35.36441511;33.92378131;1909.188;0;25;45;90;200;1000;6.612
35.36899711;33.9319485;1909.188;0.63319;25;45;90;200;1000;6.414
35.37357999;33.9401155;1909.188;0.40919;25;45;90;200;1000;6.201
35.37816375;33.94828232;1909.188;0.16375;25;45;90;200;1000;5.849
35.38274838;33.95644896;1909.188;0.16897;25;45;90;200;1000;5.71
35.38733389;33.96461542;1909.188;0.38396;25;45;90;200;1000;5.622
35.39192028;33.9727817;1909.188;0.91057;25;45;90;200;1000;5.353
35.39650754;33.9809478;1909.188;0.93121;25;45;90;200;1000;5.06
35.40109568;33.98911371;1909.188;1.2849;25;45;90;200;1000;4.557
35.4056847;33.99727944;1909.188;1.6769;25;45;90;200;1000;4.258
35.4102746;34.00544499;1909.188;1.4418;25;45;90;200;1000;4.016
35.41486538;34.01361036;1909.188;0;25;45;90;200;1000;3.97
35.41945704;34.02177555;1909.188;0.35722;25;45;90;200;1000;3.728
35.42404957;34.02994055;1909.188;0.60029;25;45;90;200;1000;3.454
35.42864299;34.03810537;1909.188;0.54575;25;45;90;200;1000;3.25
35.43323729;34.04627001;1909.188;1.1784;25;45;90;200;1000;3.109
35.43783247;34.05443447;1909.188;0;25;45;90;200;1000;2.853
35.44242853;34.06259874;1909.188;1.2641;25;45;90;200;1000;2.63
35.44702548;34.07076283;1909.188;2.4162;25;45;90;200;1000;2.47
35.4516233;34.07892674;1909.188;2.8225;25;45;90;200;1000;2.343
35.45622201;34.08709047;1909.188;2.4171;25;45;90;200;1000;2.332
35.46082161;34.09525401;1909.188;1.6861;25;45;90;200;1000;2.463
35.46542208;34.10341737;1909.188;2.1025;25;45;90;200;1000;2.506
35.47002345;34.11158055;1909.188;1.6769;25;45;90;200;1000;2.724
35.47462569;34.11974354;1909.188;0.7409;25;45;90;200;1000;2.922
35.47922882;34.12790635;1909.188;0.24341;25;45;90;200;1000;3.289
35.48383284;34.13606898;1909.188;0.13608;25;45;90;200;1000;3.59
35.48843774;34.14423142;1909.188;0.45732;25;45;90;200;1000;3.877
35.49304353;34.15239368;1909.188;1.4448;25;45;90;200;1000;4.132
35.49765021;34.16055576;1909.188;3.1172;25;45;90;200;1000;4.368
35.50225777;34.16871765;1909.188;2.9487;25;45;90;200;1000;4.723
35.50686622;34.17687936;1909.188;2.9025;25;45;90;200;1000;4.972
35.51147556;34.18504088;1909.188;3.2928;25;45;90;200;1000;5.176
35.51608578;34.19320223;1909.188;2.0897;25;45;90;200;1000;5.212
35.5206969;34.20136338;1909.188;0;25;45;90;200;1000;5.3
35.52530891;34.20952436;1909.188;0.54427;25;45;90;200;1000;5.426
35.5299218;34.21768515;1909.188;2.026;25;45;90;200;1000;5.645
35.53453559;34.22584575;1909.188;1.0996;25;45;90;200;1000;5.904
35.53915026;34.23400617;1909.188;0.12022;25;45;90;200;1000;6.17
35.54376583;34.24216641;1909.188;0.23049;25;45;90;200;1000;6.319
35.54838229;34.25032646;1909.188;0;25;45;90;200;1000;6.532
35.55299964;34.25848632;1909.188;0.24713;25;45;90;200;1000;6.764
35.55761788;34.26664601;1909.188;0.60395;25;45;90;200;1000;7.042
35.56223701;34.2748055;1909.188;2.5554;25;45;90;200;1000;7.327
35.56685704;34.28296482;1909.188;2.762;25;45;90;200;1000;7.569
35.57147796;34.29112394;1909.188;2.2095;25;45;90;200;1000;7.746
35.57609978;34.29928289;1909.188;1.4415;25;45;90;200;1000;7.936
35.58072249;34.30744164;1909.188;2.3092;25;45;90;200;1000;8.141
35.5853461;34.31560021;1909.188;1.7056;25;45;90;200;1000;8.356
35.5899706;34.3237586;1909.188;2.0141;25;45;90;200;1000;8.545
35.59459599;34.3319168;1909.188;1.1731;25;45;90;200;1000;8.774
35.59922229;34.34007482;1909.188;2.7507;25;45;90;200;1000;9.008
35.60384947;34.34823265;1909.188;2.8336;25;45;90;200;1000;9.252
35.60847756;34.35639029;1909.188;4.5334;25;45;90;200;1000;9.491
35.61310654;34.36454775;1909.188;3.5035;25;45;90;200;1000;9.703
35.61773643;34.37270502;1909.188;1.7626;25;45;90;200;1000;9.906
35.62236721;34.38086211;1909.188;0.79177;25;45;90;200;1000;10.086
35.62699888;34.38901901;1909.188;1.2339;25;45;90;200;1000;10.305
35.63163146;34.39717573;1909.188;1.7248;25;45;90;200;1000;10.585
35.63626494;34.40533225;1909.188;0.90795;25;45;90;200;1000;10.787
35.64089932;34.4134886;1909.188;0;25;45;90;200;1000;11.035
35.64553459;34.42164475;1909.188;0;25;45;90;200;1000;11.392
35.65017077;34.42980072;1909.188;0;25;45;90;200;1000;11.646
35.65480785;34.4379565;1909.188;0;25;45;90;200;1000;11.893
35.65944583;34.4461121;1909.188;0;25;45;90;200;1000;12.063
35.66408472;34.45426751;1909.188;0;25;45;90;200;1000;12.309
35.6687245;34.46242273;1909.188;0;25;45;90;200;1000;12.565
35.67336519;34.47057777;1909.188;0;25;45;90;200;1000;12.965
35.67800678;34.47873262;1909.188;0;25;45;90;200;1000;13.41
35.68264928;34.48688728;1909.188;0;25;45;90;200;1000;13.67
35.68729268;34.49504175;1909.188;0;25;45;90;200;1000;13.898
35.69193699;34.50319604;1909.188;0;25;45;90;200;1000;14.259
35.6965822;34.51135014;1909.188;0;25;45;90;200;1000;14.553
35.70122831;34.51950405;1909.188;0;25;45;90;200;1000;14.858
35.70587534;34.52765778;1909.188;0;25;45;90;200;1000;15.068
35.71052327;34.53581131;1909.188;0;25;45;90;200;1000;15.281
35.7151721;34.54396466;1909.188;0;25;45;90;200;1000;15.547
35.71982185;34.55211782;1909.188;0;25;45;90;200;1000;15.858
35.7244725;34.5602708;1909.188;0;25;45;90;200;1000;16.054
35.72912406;34.56842358;1909.188;0;25;45;90;200;1000;16.32
35.27434158;33.75986063;2050.61;0;25;45;90;200;1000;11.519
35.27890629;33.76803142;2050.61;0.61427;25;45;90;200;1000;11.25
35.28347187;33.77620204;2050.61;1.5086;25;45;90;200;1000;10.979
35.28803832;33.78437247;2050.61;2.026;25;45;90;200;1000;10.728
35.29260564;33.79254272;2050.61;1.2407;25;45;90;200;1000;10.598
35.29717383;33.8007128;2050.61;1.1795;25;45;90;200;1000;10.452
35.30174288;33.80888269;2050.61;1.2149;25;45;90;200;1000;10.303
35.30631281;33.81705241;2050.61;0.24044;25;45;90;200;1000;10.015
35.3108836;33.82522194;2050.61;0;25;45;90;200;1000;9.74
35.31545526;33.83339129;2050.61;0;25;45;90;200;1000;9.487
35.3200278;33.84156047;2050.61;0.67398;25;45;90;200;1000;9.255
35.3246012;33.84972946;2050.61;0.75211;25;45;90;200;1000;9.007
35.32917548;33.85789827;2050.61;1.1537;25;45;90;200;1000;8.639
35.33375063;33.8660669;2050.61;1.286;25;45;90;200;1000;8.226
35.33832665;33.87423536;2050.61;2.7446;25;45;90;200;1000;7.993
35.34290354;33.88240363;2050.61;3.5689;25;45;90;200;1000;7.7
35.34748131;33.89057172;2050.61;2.554;25;45;90;200;1000;7.466
35.35205995;33.89873963;2050.61;3.3081;25;45;90;200;1000;7.215
35.35663946;33.90690736;2050.61;4.2566;25;45;90;200;1000;6.935
35.36121985;33.9150749;2050.61;2.1491;25;45;90;200;1000;6.726
35.36580111;33.92324227;2050.61;0.15224;25;45;90;200;1000;6.531
35.37038325;33.93140945;2050.61;0.72754;25;45;90;200;1000;6.317
35.37496626;33.93957646;2050.61;0.41596;25;45;90;200;1000;6.06
35.37955015;33.94774328;2050.61;0.24713;25;45;90;200;1000;5.775
35.38413491;33.95590992;2050.61;0.19993;25;45;90;200;1000;5.604
35.38872055;33.96407638;2050.61;0.47444;25;45;90;200;1000;5.576
35.39330707;33.97224266;2050.61;0.71469;25;45;90;200;1000;5.184
35.39789447;33.98040876;2050.61;1.23;25;45;90;200;1000;4.888
35.40248274;33.98857467;2050.61;1.3329;25;45;90;200;1000;4.513
35.40707189;33.9967404;2050.61;1.3438;25;45;90;200;1000;4.145
35.41166193;34.00490595;2050.61;0.70901;25;45;90;200;1000;3.92
35.41625284;34.01307132;2050.61;0.322;25;45;90;200;1000;3.837
35.42084463;34.02123651;2050.61;0.26552;25;45;90;200;1000;3.633
35.4254373;34.02940151;2050.61;0.51679;25;45;90;200;1000;3.377
35.43003085;34.03756633;2050.61;0.73147;25;45;90;200;1000;3.186
35.43462528;34.04573097;2050.61;1.2981;25;45;90;200;1000;3.048
35.43922059;34.05389543;2050.61;0;25;45;90;200;1000;2.772
35.44381679;34.06205971;2050.61;1.1907;25;45;90;200;1000;2.591
35.44841387;34.0702238;2050.61;2.4138;25;45;90;200;1000;2.41
35.45301183;34.07838771;2050.61;2.8431;25;45;90;200;1000;2.225
35.45761067;34.08655143;2050.61;2.2877;25;45;90;200;1000;2.244
35.4622104;34.09471498;2050.61;1.9512;25;45;90;200;1000;2.396
35.46681101;34.10287834;2050.61;1.7325;25;45;90;200;1000;2.455
35.4714125;34.11104151;2050.61;1.8656;25;45;90;200;1000;2.657
35.47601488;34.11920451;2050.61;1.049;25;45;90;200;1000;2.87
35.48061814;34.12736732;2050.61;0.33326;25;45;90;200;1000;3.222
35.48522229;34.13552995;2050.61;0.19814;25;45;90;200;1000;3.518
35.48982733;34.14369239;2050.61;0.34233;25;45;90;200;1000;3.775
35.49443325;34.15185465;2050.61;1.5894;25;45;90;200;1000;4.08
35.49904006;34.16001673;2050.61;3.1078;25;45;90;200;1000;4.299
35.50364776;34.16817862;2050.61;3.2604;25;45;90;200;1000;4.626
35.50825634;34.17634033;2050.61;2.6021;25;45;90;200;1000;4.934
35.51286581;34.18450186;2050.61;2.9063;25;45;90;200;1000;5.098
35.51747618;34.1926632;2050.61;1.4185;25;45;90;200;1000;5.151
35.52208743;34.20082436;2050.61;0;25;45;90;200;1000;5.251
35.52669956;34.20898533;2050.61;0.64716;25;45;90;200;1000;5.372
35.53131259;34.21714612;2050.61;1.9076;25;45;90;200;1000;5.617
35.53592651;34.22530673;2050.61;1.3238;25;45;90;200;1000;5.864
35.54054132;34.23346715;2050.61;0.26519;25;45;90;200;1000;6.104
35.54515702;34.24162739;2050.61;0.18654;25;45;90;200;1000;6.266
35.54977362;34.24978744;2050.61;0;25;45;90;200;1000;6.476
35.5543911;34.25794731;2050.61;0.16375;25;45;90;200;1000;6.739
35.55900948;34.26610699;2050.61;0.80066;25;45;90;200;1000;7.037
35.56362875;34.27426649;2050.61;2.7336;25;45;90;200;1000;7.331
35.56824891;34.2824258;2050.61;3.155;25;45;90;200;1000;7.524
35.57286997;34.29058493;2050.61;2.5446;25;45;90;200;1000;7.696
35.57749192;34.29874387;2050.61;1.4533;25;45;90;200;1000;7.881
35.58211476;34.30690263;2050.61;2.1616;25;45;90;200;1000;8.117
35.5867385;34.3150612;2050.61;1.8201;25;45;90;200;1000;8.305
35.59136314;34.32321959;2050.61;1.9677;25;45;90;200;1000;8.511
35.59598867;34.33137779;2050.61;1.1228;25;45;90;200;1000;8.747
35.6006151;34.33953581;2050.61;2.8077;25;45;90;200;1000;8.996
35.60524242;34.34769364;2050.61;2.8927;25;45;90;200;1000;9.237
35.60987064;34.35585128;2050.61;4.5487;25;45;90;200;1000;9.476
35.61449976;34.36400874;2050.61;3.3518;25;45;90;200;1000;9.691
35.61912978;34.37216601;2050.61;1.7736;25;45;90;200;1000;9.889
35.62376069;34.3803231;2050.61;1.2579;25;45;90;200;1000;10.042
35.6283925;34.38848;2050.61;1.0981;25;45;90;200;1000;10.276
35.63302522;34.39663672;2050.61;1.5812;25;45;90;200;1000;10.534
35.63765883;34.40479325;2050.61;0.85593;25;45;90;200;1000;10.764
35.64229334;34.41294959;2050.61;0;25;45;90;200;1000;11.034
35.64692875;34.42110575;2050.61;0;25;45;90;200;1000;11.356
35.65156507;34.42926172;2050.61;0;25;45;90;200;1000;11.595
35.65620228;34.4374175;2050.61;0;25;45;90;200;1000;11.825
35.6608404;34.4455731;2050.61;0;25;45;90;200;1000;12.005
35.66547942;34.45372851;2050.61;0;25;45;90;200;1000;12.251
35.67011934;34.46188373;2050.61;0;25;45;90;200;1000;12.575
35.67476017;34.47003877;2050.61;0;25;45;90;200;1000;12.969
35.67940189;34.47819362;2050.61;0;25;45;90;200;1000;13.358
35.68404453;34.48634828;2050.61;0;25;45;90;200;1000;13.768
35.68868806;34.49450275;2050.61;0;25;45;90;200;1000;13.981
35.6933325;34.50265704;2050.61;0;25;45;90;200;1000;14.441
35.69797785;34.51081114;2050.61;0;25;45;90;200;1000;14.62
35.7026241;34.51896505;2050.61;0;25;45;90;200;1000;14.825
35.70727126;34.52711878;2050.61;0;25;45;90;200;1000;15.035
35.71191933;34.53527232;2050.61;0;25;45;90;200;1000;15.242
35.7165683;34.54342567;2050.61;0;25;45;90;200;1000;15.54
35.72121818;34.55157883;2050.61;0;25;45;90;200;1000;15.774
35.72586896;34.5597318;2050.61;0;25;45;90;200;1000;16.002
35.73052066;34.56788459;2050.61;0;25;45;90;200;1000;16.293
35.27572493;33.75932156;2192.031;0;25;45;90;200;1000;11.49
35.28028977;33.76749235;2192.031;0.70815;25;45;90;200;1000;11.2
35.28485549;33.77566296;2192.031;1.1572;25;45;90;200;1000;10.956
35.28942207;33.7838334;2192.031;2.2651;25;45;90;200;1000;10.663
35.29398952;33.79200365;2192.031;1.4028;25;45;90;200;1000;10.522
35.29855783;33.80017373;2192.031;1.1815;25;45;90;200;1000;10.393
35.30312702;33.80834362;2192.031;1.1466;25;45;90;200;1000;10.239
35.30769707;33.81651334;2192.031;0.32171;25;45;90;200;1000;9.954
35.312268;33.82468287;2192.031;0;25;45;90;200;1000;9.675
35.31683979;33.83285223;2192.031;0.12022;25;45;90;200;1000;9.411
35.32141246;33.8410214;2192.031;0.74025;25;45;90;200;1000;9.145
35.325986;33.84919039;2192.031;0.70427;25;45;90;200;1000;8.909
35.33056041;33.85735921;2192.031;1.498;25;45;90;200;1000;8.601
35.33513569;33.86552784;2192.031;1.414;25;45;90;200;1000;8.19
35.33971184;33.87369629;2192.031;2.5215;25;45;90;200;1000;7.91
35.34428886;33.88186456;2192.031;3.4226;25;45;90;200;1000;7.651
35.34886676;33.89003265;2192.031;2.2058;25;45;90;200;1000;7.371
35.35344553;33.89820056;2192.031;3.7291;25;45;90;200;1000;7.153
35.35802518;33.90636829;2192.031;4.5164;25;45;90;200;1000;6.86
35.3626057;33.91453584;2192.031;1.8581;25;45;90;200;1000;6.659
35.36718709;33.92270321;2192.031;0.18601;25;45;90;200;1000;6.436
35.37176936;33.93087039;2192.031;0.68332;25;45;90;200;1000;6.277
35.3763525;33.9390374;2192.031;0.63642;25;45;90;200;1000;5.953
35.38093653;33.94720422;2192.031;0.433;25;45;90;200;1000;5.691
35.38552142;33.95537086;2192.031;0.31157;25;45;90;200;1000;5.533
35.3901072;33.96353732;2192.031;0.33054;25;45;90;200;1000;5.524
35.39469385;33.9717036;2192.031;0.5689;25;45;90;200;1000;5.07
35.39928138;33.9798697;2192.031;1.4011;25;45;90;200;1000;4.645
35.40386978;33.98803561;2192.031;1.2811;25;45;90;200;1000;4.406
35.40845907;33.99620135;2192.031;1.1462;25;45;90;200;1000;4.094
35.41304923;34.0043669;2192.031;0.95186;25;45;90;200;1000;3.833
35.41764028;34.01253227;2192.031;0.5031;25;45;90;200;1000;3.687
35.4222322;34.02069745;2192.031;0;25;45;90;200;1000;3.509
35.426825;34.02886246;2192.031;0.58527;25;45;90;200;1000;3.307
35.43141869;34.03702728;2192.031;1.351;25;45;90;200;1000;3.109
35.43601325;34.04519192;2192.031;1.0147;25;45;90;200;1000;2.987
35.4406087;34.05335638;2192.031;0.13608;25;45;90;200;1000;2.67
35.44520503;34.06152066;2192.031;1.2791;25;45;90;200;1000;2.492
35.44980224;34.06968475;2192.031;2.6018;25;45;90;200;1000;2.328
35.45440033;34.07784866;2192.031;2.7532;25;45;90;200;1000;2.144
35.45899931;34.08601238;2192.031;2.0137;25;45;90;200;1000;2.172
35.46359917;34.09417593;2192.031;2.2089;25;45;90;200;1000;2.332
35.46819991;34.10233929;2192.031;1.5002;25;45;90;200;1000;2.397
35.47280154;34.11050247;2192.031;1.9811;25;45;90;200;1000;2.579
35.47740405;34.11866546;2192.031;1.3386;25;45;90;200;1000;2.773
35.48200745;34.12682828;2192.031;0.33263;25;45;90;200;1000;3.153
35.48661173;34.1349909;2192.031;0.35912;25;45;90;200;1000;3.398
35.4912169;34.14315335;2192.031;0.46239;25;45;90;200;1000;3.706
35.49582296;34.15131561;2192.031;1.595;25;45;90;200;1000;4.059
35.5004299;34.15947769;2192.031;3.1147;25;45;90;200;1000;4.236
35.50503773;34.16763958;2192.031;3.6621;25;45;90;200;1000;4.518
35.50964645;34.17580129;2192.031;2.6711;25;45;90;200;1000;4.914
35.51425605;34.18396282;2192.031;2.4424;25;45;90;200;1000;5.042
35.51886655;34.19212416;2192.031;1.2875;25;45;90;200;1000;5.092
35.52347793;34.20028532;2192.031;0.26552;25;45;90;200;1000;5.202
35.52809021;34.20844629;2192.031;0.67104;25;45;90;200;1000;5.325
35.53270337;34.21660709;2192.031;2.0074;25;45;90;200;1000;5.567
35.53731742;34.22476769;2192.031;1.4235;25;45;90;200;1000;5.814
35.54193237;34.23292811;2192.031;0.26957;25;45;90;200;1000;6.045
35.5465482;34.24108835;2192.031;0.21499;25;45;90;200;1000;6.221
35.55116493;34.2492484;2192.031;0;25;45;90;200;1000;6.43
35.55578255;34.25740827;2192.031;0;25;45;90;200;1000;6.698
35.56040106;34.26556795;2192.031;0.84059;25;45;90;200;1000;7.023
35.56502046;34.27372745;2192.031;2.9759;25;45;90;200;1000;7.272
35.56964076;34.28188677;2192.031;3.4158;25;45;90;200;1000;7.476
35.57426195;34.2900459;2192.031;2.742;25;45;90;200;1000;7.64
35.57888404;34.29820484;2192.031;1.5933;25;45;90;200;1000;7.841
35.58350701;34.3063636;2192.031;2.2315;25;45;90;200;1000;8.079
35.58813089;34.31452217;2192.031;2.0141;25;45;90;200;1000;8.256
35.59275566;34.32268056;2192.031;1.8777;25;45;90;200;1000;8.474
35.59738133;34.33083876;2192.031;0.81877;25;45;90;200;1000;8.724
35.60200789;34.33899678;2192.031;2.5242;25;45;90;200;1000;8.966
35.60663535;34.34715461;2192.031;3.0491;25;45;90;200;1000;9.213
35.6112637;34.35531225;2192.031;4.5635;25;45;90;200;1000;9.443
35.61589296;34.36346971;2192.031;3.4718;25;45;90;200;1000;9.671
35.62052311;34.37162699;2192.031;1.7838;25;45;90;200;1000;9.853
35.62515416;34.37978408;2192.031;1.3466;25;45;90;200;1000;10.018
35.6297861;34.38794098;2192.031;1.0346;25;45;90;200;1000;10.251
35.63441895;34.39609769;2192.031;1.1611;25;45;90;200;1000;10.499
35.6390527;34.40425422;2192.031;0.52966;25;45;90;200;1000;10.752
35.64368735;34.41241057;2192.031;0;25;45;90;200;1000;11.029
35.6483229;34.42056672;2192.031;0;25;45;90;200;1000;11.28
35.65295935;34.4287227;2192.031;0;25;45;90;200;1000;11.536
35.6575967;34.43687848;2192.031;0;25;45;90;200;1000;11.757
35.66223495;34.44503408;2192.031;0;25;45;90;200;1000;11.976
35.6668741;34.45318949;2192.031;0;25;45;90;200;1000;12.226
35.67151416;34.46134471;2192.031;0;25;45;90;200;1000;12.576
35.67615512;34.46949975;2192.031;0;25;45;90;200;1000;12.938
35.68079698;34.4776546;2192.031;0;25;45;90;200;1000;13.342
35.68543975;34.48580926;2192.031;0;25;45;90;200;1000;13.759
35.69008343;34.49396374;2192.031;0;25;45;90;200;1000;14.067
35.694728;34.50211802;2192.031;0;25;45;90;200;1000;14.508
35.69937348;34.51027213;2192.031;0;25;45;90;200;1000;14.638
35.70401987;34.51842604;2192.031;0;25;45;90;200;1000;14.758
35.70866717;34.52657977;2192.031;0;25;45;90;200;1000;14.999
35.71331537;34.5347333;2192.031;0;25;45;90;200;1000;15.215
35.71796448;34.54288665;2192.031;0;25;45;90;200;1000;15.486
35.72261449;34.55103982;2192.031;0;25;45;90;200;1000;15.706
35.72726542;34.55919279;2192.031;0;25;45;90;200;1000;15.954
35.73191725;34.56734558;2192.031;0;25;45;90;200;1000;16.225
35.27710826;33.75878247;2333.452;0;25;45;90;200;1000;11.477
35.28167323;33.76695326;2333.452;0.56329;25;45;90;200;1000;11.184
35.28623908;33.77512388;2333.452;1.4315;25;45;90;200;1000;10.943
35.29080579;33.78329431;2333.452;2.4484;25;45;90;200;1000;10.635
35.29537337;33.79146457;2333.452;1.6834;25;45;90;200;1000;10.44
35.29994182;33.79963464;2333.452;0.97215;25;45;90;200;1000;10.319
35.30451114;33.80780454;2333.452;0.98692;25;45;90;200;1000;10.19
35.30908132;33.81597425;2333.452;0.24044;25;45;90;200;1000;9.922
35.31365238;33.82414379;2333.452;0;25;45;90;200;1000;9.632
35.31822431;33.83231314;2333.452;0.16085;25;45;90;200;1000;9.378
35.32279711;33.84048232;2333.452;0.74025;25;45;90;200;1000;9.073
35.32737077;33.84865131;2333.452;0.8356;25;45;90;200;1000;8.862
35.33194531;33.85682012;2333.452;1.6216;25;45;90;200;1000;8.565
35.33652073;33.86498876;2333.452;1.4762;25;45;90;200;1000;8.175
35.34109701;33.87315721;2333.452;2.3998;25;45;90;200;1000;7.859
35.34567417;33.88132548;2333.452;3.0886;25;45;90;200;1000;7.593
35.3502522;33.88949357;2333.452;2.0141;25;45;90;200;1000;7.342
35.3548311;33.89766148;2333.452;3.7682;25;45;90;200;1000;7.114
35.35941088;33.90582921;2333.452;4.3714;25;45;90;200;1000;6.798
35.36399153;33.91399676;2333.452;1.6766;25;45;90;200;1000;6.6
35.36857306;33.92216413;2333.452;0.15224;25;45;90;200;1000;6.359
35.37315546;33.93033132;2333.452;0.73369;25;45;90;200;1000;6.249
35.37773873;33.93849832;2333.452;0.73407;25;45;90;200;1000;5.932
35.38232289;33.94666515;2333.452;0.49427;25;45;90;200;1000;5.659
35.38690792;33.95483179;2333.452;0.36241;25;45;90;200;1000;5.443
35.39149382;33.96299825;2333.452;0.087964;25;45;90;200;1000;5.401
35.39608061;33.97116453;2333.452;0.78598;25;45;90;200;1000;4.946
35.40066827;33.97933063;2333.452;1.3179;25;45;90;200;1000;4.511
35.40525681;33.98749654;2333.452;1.1231;25;45;90;200;1000;4.325
35.40984623;33.99566228;2333.452;1.2096;25;45;90;200;1000;4.059
35.41443652;34.00382783;2333.452;1.0217;25;45;90;200;1000;3.777
35.4190277;34.0119932;2333.452;0.54785;25;45;90;200;1000;3.576
35.42361976;34.02015839;2333.452;0;25;45;90;200;1000;3.405
35.42821269;34.02832339;2333.452;0.95668;25;45;90;200;1000;3.243
35.43280651;34.03648821;2333.452;1.6099;25;45;90;200;1000;3.025
35.43740121;34.04465286;2333.452;0.84207;25;45;90;200;1000;2.888
35.44199679;34.05281731;2333.452;0.17303;25;45;90;200;1000;2.573
35.44659325;34.06098159;2333.452;1.2666;25;45;90;200;1000;2.369
35.45119059;34.06914568;2333.452;2.8027;25;45;90;200;1000;2.238
35.45578882;34.07730959;2333.452;2.5048;25;45;90;200;1000;2.07
35.46038793;34.08547332;2333.452;2.1005;25;45;90;200;1000;2.102
35.46498792;34.09363687;2333.452;2.094;25;45;90;200;1000;2.26
35.4695888;34.10180023;2333.452;1.9111;25;45;90;200;1000;2.304
35.47419056;34.10996341;2333.452;2.201;25;45;90;200;1000;2.507
35.4787932;34.1181264;2333.452;1.853;25;45;90;200;1000;2.734
35.48339673;34.12628921;2333.452;0.95115;25;45;90;200;1000;3.108
35.48800115;34.13445184;2333.452;0.70815;25;45;90;200;1000;3.351
35.49260645;34.14261429;2333.452;0.62295;25;45;90;200;1000;3.621
35.49721264;34.15077655;2333.452;1.8225;25;45;90;200;1000;4.024
35.50181972;34.15893863;2333.452;3.1952;25;45;90;200;1000;4.154
35.50642768;34.16710052;2333.452;3.7798;25;45;90;200;1000;4.415
35.51103654;34.17526224;2333.452;3.0858;25;45;90;200;1000;4.906
35.51564628;34.18342376;2333.452;2.1838;25;45;90;200;1000;4.98
35.5202569;34.19158511;2333.452;1.2696;25;45;90;200;1000;5.034
35.52486842;34.19974627;2333.452;0.35722;25;45;90;200;1000;5.132
35.52948083;34.20790724;2333.452;0.52097;25;45;90;200;1000;5.29
35.53409413;34.21606803;2333.452;2.0964;25;45;90;200;1000;5.542
35.53870831;34.22422864;2333.452;1.2586;25;45;90;200;1000;5.777
35.54332339;34.23238906;2333.452;0.10433;25;45;90;200;1000;6.003
35.54793936;34.2405493;2333.452;0.41993;25;45;90;200;1000;6.165
35.55255622;34.24870935;2333.452;0;25;45;90;200;1000;6.402
35.55717398;34.25686922;2333.452;0;25;45;90;200;1000;6.683
35.56179262;34.2650289;2333.452;1.0277;25;45;90;200;1000;6.988
35.56641216;34.2731884;2333.452;3.2905;25;45;90;200;1000;7.213
35.57103259;34.28134772;2333.452;3.4313;25;45;90;200;1000;7.448
35.57565392;34.28950685;2333.452;2.7281;25;45;90;200;1000;7.617
35.58027614;34.29766579;2333.452;1.6264;25;45;90;200;1000;7.824
35.58489925;34.30582455;2333.452;2.2353;25;45;90;200;1000;8.036
35.58952326;34.31398312;2333.452;2.0463;25;45;90;200;1000;8.236
35.59414816;34.32214151;2333.452;1.688;25;45;90;200;1000;8.466
35.59877396;34.33029972;2333.452;0.81343;25;45;90;200;1000;8.705
35.60340066;34.33845773;2333.452;2.1851;25;45;90;200;1000;8.931
35.60802825;34.34661557;2333.452;3.1391;25;45;90;200;1000;9.189
35.61265675;34.35477321;2333.452;4.5236;25;45;90;200;1000;9.413
35.61728613;34.36293067;2333.452;3.7207;25;45;90;200;1000;9.64
35.62191642;34.37108795;2333.452;1.9751;25;45;90;200;1000;9.819
35.62654761;34.37924504;2333.452;1.217;25;45;90;200;1000;10
35.63117969;34.38740194;2333.452;0.86144;25;45;90;200;1000;10.216
35.63581267;34.39555865;2333.452;0.86918;25;45;90;200;1000;10.468
35.64044655;34.40371519;2333.452;0.24713;25;45;90;200;1000;10.72
35.64508134;34.41187153;2333.452;0;25;45;90;200;1000;10.975
35.64971702;34.42002769;2333.452;0;25;45;90;200;1000;11.247
35.65435361;34.42818366;2333.452;0;25;45;90;200;1000;11.486
35.65899109;34.43633944;2333.452;0;25;45;90;200;1000;11.699
35.66362948;34.44449504;2333.452;0;25;45;90;200;1000;11.935
35.66826877;34.45265045;2333.452;0;25;45;90;200;1000;12.213
35.67290896;34.46080568;2333.452;0;25;45;90;200;1000;12.557
35.67755006;34.46896071;2333.452;0;25;45;90;200;1000;12.919
35.68219206;34.47711556;2333.452;0;25;45;90;200;1000;13.375
35.68683496;34.48527023;2333.452;0;25;45;90;200;1000;13.734
35.69147877;34.4934247;2333.452;0;25;45;90;200;1000;14.1
35.69612348;34.50157899;2333.452;0;25;45;90;200;1000;14.453
35.7007691;34.5097331;2333.452;0;25;45;90;200;1000;14.516
35.70541563;34.51788701;2333.452;0;25;45;90;200;1000;14.706
35.71006306;34.52604074;2333.452;0;25;45;90;200;1000;14.9
35.71471139;34.53419428;2333.452;0;25;45;90;200;1000;15.162
35.71936064;34.54234763;2333.452;0;25;45;90;200;1000;15.414
35.72401079;34.55050079;2333.452;0;25;45;90;200;1000;15.651
35.72866185;34.55865377;2333.452;0;25;45;90;200;1000;15.931
35.73331382;34.56680655;2333.452;0;25;45;90;200;1000;16.178
35.27849157;33.75824336;2474.874;0;25;45;90;200;1000;11.453
35.28305668;33.76641416;2474.874;0.7626;25;45;90;200;1000;11.174
35.28762266;33.77458477;2474.874;1.6521;25;45;90;200;1000;10.882
35.2921895;33.78275521;2474.874;2.4498;25;45;90;200;1000;10.605
35.29675721;33.79092546;2474.874;1.786;25;45;90;200;1000;10.346
35.30132579;33.79909554;2474.874;1.0378;25;45;90;200;1000;10.249
35.30589524;33.80726543;2474.874;0.76914;25;45;90;200;1000;10.111
35.31046556;33.81543515;2474.874;0;25;45;90;200;1000;9.892
35.31503675;33.82360469;2474.874;0;25;45;90;200;1000;9.575
35.31960881;33.83177404;2474.874;0.36888;25;45;90;200;1000;9.3
35.32418173;33.83994322;2474.874;0.7626;25;45;90;200;1000;9.037
35.32875553;33.84811221;2474.874;1.0185;25;45;90;200;1000;8.818
35.33333021;33.85628103;2474.874;1.6973;25;45;90;200;1000;8.51
35.33790575;33.86444966;2474.874;1.9523;25;45;90;200;1000;8.185
35.34248217;33.87261811;2474.874;2.2498;25;45;90;200;1000;7.831
35.34705945;33.88078639;2474.874;3.0207;25;45;90;200;1000;7.546
35.35163762;33.88895448;2474.874;1.6586;25;45;90;200;1000;7.27
35.35621665;33.89712239;2474.874;3.4722;25;45;90;200;1000;7.057
35.36079656;33.90529012;2474.874;4.0622;25;45;90;200;1000;6.771
35.36537735;33.91345767;2474.874;1.5162;25;45;90;200;1000;6.538
35.369959;33.92162504;2474.874;0;25;45;90;200;1000;6.302
35.37454154;33.92979223;2474.874;1.233;25;45;90;200;1000;6.171
35.37912495;33.93795923;2474.874;0.74194;25;45;90;200;1000;5.928
35.38370923;33.94612606;2474.874;0.433;25;45;90;200;1000;5.61
35.38829439;33.9542927;2474.874;0.37784;25;45;90;200;1000;5.385
35.39288043;33.96245916;2474.874;0;25;45;90;200;1000;5.303
35.39746735;33.97062544;2474.874;0.98764;25;45;90;200;1000;4.881
35.40205514;33.97879154;2474.874;1.0592;25;45;90;200;1000;4.46
35.40664382;33.98695745;2474.874;0.75961;25;45;90;200;1000;4.219
35.41123337;33.99512319;2474.874;1.5637;25;45;90;200;1000;3.98
35.4158238;34.00328874;2474.874;1.0412;25;45;90;200;1000;3.723
35.4204151;34.01145411;2474.874;0.5031;25;45;90;200;1000;3.478
35.42500729;34.0196193;2474.874;0.24083;25;45;90;200;1000;3.309
35.42960036;34.02778431;2474.874;1.1993;25;45;90;200;1000;3.209
35.43419431;34.03594913;2474.874;1.5299;25;45;90;200;1000;2.942
35.43878914;34.04411377;2474.874;1.0818;25;45;90;200;1000;2.842
35.44338485;34.05227823;2474.874;0.13608;25;45;90;200;1000;2.535
35.44798145;34.06044251;2474.874;1.2699;25;45;90;200;1000;2.281
35.45257893;34.0686066;2474.874;2.8476;25;45;90;200;1000;2.164
35.45717728;34.07677051;2474.874;2.1633;25;45;90;200;1000;2.005
35.46177653;34.08493424;2474.874;2.0897;25;45;90;200;1000;2.019
35.46637665;34.09309779;2474.874;2.3781;25;45;90;200;1000;2.171
35.47097766;34.10126115;2474.874;2.408;25;45;90;200;1000;2.146
35.47557956;34.10942433;2474.874;2.8366;25;45;90;200;1000;2.32
35.48018234;34.11758732;2474.874;2.0521;25;45;90;200;1000;2.703
35.484786;34.12575014;2474.874;1.2964;25;45;90;200;1000;2.983
35.48939055;34.13391277;2474.874;0.76337;25;45;90;200;1000;3.253
35.49399599;34.14207521;2474.874;0.70332;25;45;90;200;1000;3.586
35.49860231;34.15023748;2474.874;1.8767;25;45;90;200;1000;3.934
35.50320952;34.15839956;2474.874;3.2333;25;45;90;200;1000;4.088
35.50781762;34.16656145;2474.874;3.835;25;45;90;200;1000;4.378
35.51242661;34.17472316;2474.874;3.0293;25;45;90;200;1000;4.819
35.51703648;34.18288469;2474.874;1.8568;25;45;90;200;1000;4.902
35.52164724;34.19104603;2474.874;1.247;25;45;90;200;1000;4.974
35.52625889;34.19920719;2474.874;0.40233;25;45;90;200;1000;5.067
35.53087144;34.20736817;2474.874;0.59275;25;45;90;200;1000;5.235
35.53548487;34.21552896;2474.874;1.9187;25;45;90;200;1000;5.486
35.54009919;34.22368957;2474.874;0.66329;25;45;90;200;1000;5.746
35.5447144;34.23184999;2474.874;0;25;45;90;200;1000;5.955
35.5493305;34.24001023;2474.874;0.40964;25;45;90;200;1000;6.12
35.5539475;34.24817028;2474.874;0;25;45;90;200;1000;6.391
35.55856539;34.25633015;2474.874;0;25;45;90;200;1000;6.703
35.56318417;34.26448984;2474.874;1.2526;25;45;90;200;1000;6.911
35.56780384;34.27264934;2474.874;3.5644;25;45;90;200;1000;7.178
35.5724244;34.28080865;2474.874;3.4073;25;45;90;200;1000;7.406
35.57704586;34.28896778;2474.874;2.7792;25;45;90;200;1000;7.58
35.58166822;34.29712673;2474.874;1.706;25;45;90;200;1000;7.789
35.58629147;34.30528549;2474.874;2.1392;25;45;90;200;1000;8.004
35.59091561;34.31344406;2474.874;2.0685;25;45;90;200;1000;8.209
35.59554065;34.32160245;2474.874;1.4051;25;45;90;200;1000;8.44
35.60016659;34.32976066;2474.874;1.0097;25;45;90;200;1000;8.687
35.60479342;34.33791867;2474.874;2.2498;25;45;90;200;1000;8.915
35.60942115;34.34607651;2474.874;3.2519;25;45;90;200;1000;9.159
35.61404977;34.35423415;2474.874;4.3113;25;45;90;200;1000;9.391
35.61867929;34.36239161;2474.874;3.6048;25;45;90;200;1000;9.609
35.62330972;34.37054889;2474.874;2.1001;25;45;90;200;1000;9.799
35.62794104;34.37870598;2474.874;1.3039;25;45;90;200;1000;9.993
35.63257325;34.38686288;2474.874;0.79083;25;45;90;200;1000;10.189
35.63720637;34.3950196;2474.874;0.61803;25;45;90;200;1000;10.444
35.64184039;34.40317613;2474.874;0.16375;25;45;90;200;1000;10.694
35.64647531;34.41133247;2474.874;0;25;45;90;200;1000;10.952
35.65111113;34.41948863;2474.874;0;25;45;90;200;1000;11.217
35.65574785;34.42764461;2474.874;0;25;45;90;200;1000;11.435
35.66038547;34.43580039;2474.874;0;25;45;90;200;1000;11.658
35.66502399;34.44395599;2474.874;0;25;45;90;200;1000;11.914
35.66966342;34.4521114;2474.874;0;25;45;90;200;1000;12.235
35.67430375;34.46026663;2474.874;0;25;45;90;200;1000;12.575
35.67894498;34.46842166;2474.874;0;25;45;90;200;1000;12.941
35.68358711;34.47657652;2474.874;0;25;45;90;200;1000;13.354
35.68823015;34.48473118;2474.874;0;25;45;90;200;1000;13.676
35.6928741;34.49288566;2474.874;0;25;45;90;200;1000;14.056
35.69751895;34.50103995;2474.874;0;25;45;90;200;1000;14.349
35.7021647;34.50919405;2474.874;0;25;45;90;200;1000;14.45
35.70681136;34.51734796;2474.874;0;25;45;90;200;1000;14.646
35.71145893;34.52550169;2474.874;0;25;45;90;200;1000;14.876
35.7161074;34.53365523;2474.874;0;25;45;90;200;1000;15.11
35.72075678;34.54180858;2474.874;0;25;45;90;200;1000;15.38
35.72540707;34.54996175;2474.874;0;25;45;90;200;1000;15.615
35.73005826;34.55811472;2474.874;0;25;45;90;200;1000;15.869
35.73471037;34.56626751;2474.874;0;25;45;90;200;1000;16.152
35.27987487;33.75770424;2616.295;0;25;45;90;200;1000;11.439
35.28444011;33.76587504;2616.295;0.85262;25;45;90;200;1000;11.155
35.28900621;33.77404565;2616.295;2.2149;25;45;90;200;1000;10.823
35.29357319;33.78221609;2616.295;2.4054;25;45;90;200;1000;10.568
35.29814103;33.79038635;2616.295;1.7909;25;45;90;200;1000;10.252
35.30270974;33.79855642;2616.295;1.053;25;45;90;200;1000;10.14
35.30727932;33.80672632;2616.295;0.73446;25;45;90;200;1000;10.022
35.31184977;33.81489603;2616.295;0.16375;25;45;90;200;1000;9.879
35.31642109;33.82306557;2616.295;0;25;45;90;200;1000;9.552
35.32099328;33.83123493;2616.295;0.38615;25;45;90;200;1000;9.242
35.32556635;33.8394041;2616.295;0.85281;25;45;90;200;1000;8.968
35.33014028;33.8475731;2616.295;1.1269;25;45;90;200;1000;8.727
35.33471508;33.85574191;2616.295;1.7711;25;45;90;200;1000;8.462
35.33929076;33.86391055;2616.295;2.5792;25;45;90;200;1000;8.165
35.3438673;33.872079;2616.295;2.4294;25;45;90;200;1000;7.778
35.34844472;33.88024728;2616.295;2.889;25;45;90;200;1000;7.485
35.35302302;33.88841537;2616.295;1.3557;25;45;90;200;1000;7.18
35.35760219;33.89658328;2616.295;3.004;25;45;90;200;1000;6.971
35.36218223;33.90475101;2616.295;3.6573;25;45;90;200;1000;6.743
35.36676314;33.91291856;2616.295;1.6729;25;45;90;200;1000;6.501
35.37134493;33.92108593;2616.295;0;25;45;90;200;1000;6.235
35.3759276;33.92925312;2616.295;1.5748;25;45;90;200;1000;6.084
35.38051114;33.93742012;2616.295;0.63356;25;45;90;200;1000;5.848
35.38509556;33.94558695;2616.295;0.24713;25;45;90;200;1000;5.514
35.38968085;33.95375359;2616.295;0.36241;25;45;90;200;1000;5.33
35.39426702;33.96192006;2616.295;0;25;45;90;200;1000;5.23
35.39885407;33.97008634;2616.295;0.97781;25;45;90;200;1000;4.769
35.403442;33.97825243;2616.295;0.66043;25;45;90;200;1000;4.404
35.4080308;33.98641835;2616.295;0.73506;25;45;90;200;1000;4.115
35.41262049;33.99458409;2616.295;2.1165;25;45;90;200;1000;3.874
35.41721105;34.00274964;2616.295;1.6219;25;45;90;200;1000;3.591
35.42180249;34.01091501;2616.295;0.45625;25;45;90;200;1000;3.39
35.42639481;34.0190802;2616.295;0.40098;25;45;90;200;1000;3.186
35.43098802;34.02724521;2616.295;1.2936;25;45;90;200;1000;3.114
35.4355821;34.03541003;2616.295;1.4844;25;45;90;200;1000;2.823
35.44017706;34.04357467;2616.295;1.3904;25;45;90;200;1000;2.739
35.44477291;34.05173913;2616.295;0;25;45;90;200;1000;2.447
35.44936963;34.05990341;2616.295;1.1494;25;45;90;200;1000;2.22
35.45396724;34.0680675;2616.295;2.8333;25;45;90;200;1000;2.077
35.45856574;34.07623142;2616.295;2.0102;25;45;90;200;1000;1.942
35.46316511;34.08439515;2616.295;2.0622;25;45;90;200;1000;1.934
35.46776537;34.09255869;2616.295;3.093;25;45;90;200;1000;2.058
35.47236651;34.10072205;2616.295;2.6834;25;45;90;200;1000;2.06
35.47696854;34.10888523;2616.295;3.4001;25;45;90;200;1000;2.237
35.48157146;34.11704823;2616.295;2.7369;25;45;90;200;1000;2.55
35.48617525;34.12521105;2616.295;1.4755;25;45;90;200;1000;2.877
35.49077994;34.13337368;2616.295;0.58419;25;45;90;200;1000;3.15
35.49538551;34.14153612;2616.295;0.62315;25;45;90;200;1000;3.513
35.49999196;34.14969839;2616.295;1.8387;25;45;90;200;1000;3.79
35.50459931;34.15786047;2616.295;3.4366;25;45;90;200;1000;4.013
35.50920754;34.16602236;2616.295;3.7286;25;45;90;200;1000;4.357
35.51381666;34.17418407;2616.295;2.7698;25;45;90;200;1000;4.765
35.51842667;34.1823456;2616.295;1.5738;25;45;90;200;1000;4.809
35.52303756;34.19050695;2616.295;1.2734;25;45;90;200;1000;4.884
35.52764935;34.19866811;2616.295;0.41628;25;45;90;200;1000;4.992
35.53226202;34.20682908;2616.295;0.63911;25;45;90;200;1000;5.202
35.53687559;34.21498988;2616.295;1.2396;25;45;90;200;1000;5.45
35.54149004;34.22315048;2616.295;0.15806;25;45;90;200;1000;5.716
35.54610539;34.23131091;2616.295;0;25;45;90;200;1000;5.897
35.55072163;34.23947115;2616.295;0.52169;25;45;90;200;1000;6.093
35.55533876;34.2476312;2616.295;0.25487;25;45;90;200;1000;6.39
35.55995678;34.25579107;2616.295;0.12734;25;45;90;200;1000;6.662
35.56457569;34.26395076;2616.295;1.3476;25;45;90;200;1000;6.87
35.5691955;34.27211026;2616.295;3.2768;25;45;90;200;1000;7.117
35.5738162;34.28026957;2616.295;3.5563;25;45;90;200;1000;7.344
35.5784378;34.2884287;2616.295;2.8878;25;45;90;200;1000;7.559
35.58306028;34.29658765;2616.295;1.6468;25;45;90;200;1000;7.761
35.58768367;34.30474641;2616.295;1.8518;25;45;90;200;1000;7.973
35.59230795;34.31290498;2616.295;1.9464;25;45;90;200;1000;8.178
35.59693312;34.32106337;2616.295;1.4207;25;45;90;200;1000;8.413
35.60155919;34.32922158;2616.295;1.0154;25;45;90;200;1000;8.649
35.60618616;34.3373796;2616.295;2.2762;25;45;90;200;1000;8.887
35.61081402;34.34553743;2616.295;3.3011;25;45;90;200;1000;9.13
35.61544278;34.35369508;2616.295;4.1482;25;45;90;200;1000;9.37
35.62007244;34.36185254;2616.295;3.4071;25;45;90;200;1000;9.595
35.62470299;34.37000982;2616.295;1.9359;25;45;90;200;1000;9.792
35.62933445;34.37816691;2616.295;1.265;25;45;90;200;1000;9.99
35.6339668;34.38632381;2616.295;0.68143;25;45;90;200;1000;10.187
35.63860006;34.39448053;2616.295;0.27115;25;45;90;200;1000;10.436
35.64323421;34.40263706;2616.295;0;25;45;90;200;1000;10.684
35.64786926;34.4107934;2616.295;0;25;45;90;200;1000;10.932
35.65250522;34.41894956;2616.295;0;25;45;90;200;1000;11.156
35.65714207;34.42710554;2616.295;0;25;45;90;200;1000;11.407
35.66177983;34.43526132;2616.295;0;25;45;90;200;1000;11.634
35.66641849;34.44341692;2616.295;0;25;45;90;200;1000;11.906
35.67105805;34.45157233;2616.295;0;25;45;90;200;1000;12.236
35.67569851;34.45972756;2616.295;0;25;45;90;200;1000;12.56
35.68033988;34.4678826;2616.295;0;25;45;90;200;1000;12.95
35.68498215;34.47603745;2616.295;0;25;45;90;200;1000;13.29
35.68962533;34.48419211;2616.295;0;25;45;90;200;1000;13.612
35.69426941;34.49234659;2616.295;0;25;45;90;200;1000;14.023
35.69891439;34.50050088;2616.295;0;25;45;90;200;1000;14.245
35.70356028;34.50865499;2616.295;0;25;45;90;200;1000;14.389
35.70820708;34.5168089;2616.295;0;25;45;90;200;1000;14.612
35.71285478;34.52496263;2616.295;0;25;45;90;200;1000;14.832
35.71750339;34.53311617;2616.295;0;25;45;90;200;1000;15.083
35.7221529;34.54126952;2616.295;0;25;45;90;200;1000;15.315
35.72680333;34.54942269;2616.295;0;25;45;90;200;1000;15.571
35.73145466;34.55757566;2616.295;0;25;45;90;200;1000;15.829
35.7361069;34.56572845;2616.295;0;25;45;90;200;1000;16.128
35.28125815;33.75716511;2757.716;0.15224;25;45;90;200;1000;11.443
35.28582352;33.7653359;2757.716;0.90258;25;45;90;200;1000;11.141
35.29038976;33.77350652;2757.716;2.8201;25;45;90;200;1000;10.798
35.29495686;33.78167695;2757.716;2.4132;25;45;90;200;1000;10.532
35.29952484;33.78984721;2757.716;1.6222;25;45;90;200;1000;10.196
35.30409368;33.79801729;2757.716;1.1392;25;45;90;200;1000;10.077
35.30866339;33.80618719;2757.716;1.1511;25;45;90;200;1000;9.943
35.31323397;33.8143569;2757.716;0.80692;25;45;90;200;1000;9.822
35.31780542;33.82252644;2757.716;0;25;45;90;200;1000;9.54
35.32237775;33.8306958;2757.716;0.56772;25;45;90;200;1000;9.212
35.32695094;33.83886497;2757.716;0.60434;25;45;90;200;1000;8.941
35.331525;33.84703397;2757.716;1.5218;25;45;90;200;1000;8.646
35.33609994;33.85520278;2757.716;1.9068;25;45;90;200;1000;8.38
35.34067575;33.86337142;2757.716;2.9074;25;45;90;200;1000;8.14
35.34525242;33.87153987;2757.716;2.5897;25;45;90;200;1000;7.739
35.34982998;33.87970815;2757.716;2.5284;25;45;90;200;1000;7.381
35.3544084;33.88787624;2757.716;1.314;25;45;90;200;1000;7.118
35.3589877;33.89604415;2757.716;2.7943;25;45;90;200;1000;6.894
35.36356788;33.90421189;2757.716;3.1197;25;45;90;200;1000;6.669
35.36814892;33.91237944;2757.716;1.6432;25;45;90;200;1000;6.399
35.37273085;33.92054681;2757.716;0.13823;25;45;90;200;1000;6.175
35.37731365;33.92871399;2757.716;1.7452;25;45;90;200;1000;6.008
35.38189732;33.936881;2757.716;0.51738;25;45;90;200;1000;5.806
35.38648187;33.94504783;2757.716;0.16375;25;45;90;200;1000;5.429
35.3910673;33.95321447;2757.716;0.31157;25;45;90;200;1000;5.231
35.3956536;33.96138093;2757.716;0;25;45;90;200;1000;5.057
35.40024078;33.96954722;2757.716;0.8434;25;45;90;200;1000;4.67
35.40482884;33.97771331;2757.716;0.52224;25;45;90;200;1000;4.303
35.40941778;33.98587923;2757.716;1.5633;25;45;90;200;1000;4.023
35.41400759;33.99404497;2757.716;3.1043;25;45;90;200;1000;3.783
35.41859829;34.00221052;2757.716;2.5732;25;45;90;200;1000;3.511
35.42318986;34.01037589;2757.716;0.85989;25;45;90;200;1000;3.292
35.42778232;34.01854108;2757.716;0.62673;25;45;90;200;1000;3.111
35.43237565;34.02670609;2757.716;1.2637;25;45;90;200;1000;2.979
35.43696987;34.03487092;2757.716;1.4665;25;45;90;200;1000;2.706
35.44156496;34.04303556;2757.716;1.5808;25;45;90;200;1000;2.567
35.44616094;34.05120002;2757.716;0.12844;25;45;90;200;1000;2.336
35.4507578;34.0593643;2757.716;1.1778;25;45;90;200;1000;2.125
35.45535554;34.06752839;2757.716;2.7412;25;45;90;200;1000;1.961
35.45995417;34.0756923;2757.716;1.7493;25;45;90;200;1000;1.859
35.46455368;34.08385603;2757.716;2.8377;25;45;90;200;1000;1.823
35.46915407;34.09201958;2757.716;3.4729;25;45;90;200;1000;1.987
35.47375535;34.10018294;2757.716;2.8559;25;45;90;200;1000;1.98
35.47835751;34.10834613;2757.716;3.5967;25;45;90;200;1000;2.162
35.48296056;34.11650912;2757.716;2.7468;25;45;90;200;1000;2.443
35.48756449;34.12467194;2757.716;1.6362;25;45;90;200;1000;2.755
35.4921693;34.13283457;2757.716;0.43824;25;45;90;200;1000;3.084
35.49677501;34.14099702;2757.716;0.70745;25;45;90;200;1000;3.353
35.5013816;34.14915928;2757.716;2.3636;25;45;90;200;1000;3.684
35.50598908;34.15732136;2757.716;3.5903;25;45;90;200;1000;3.979
35.51059744;34.16548326;2757.716;3.7125;25;45;90;200;1000;4.383
35.51520669;34.17364497;2757.716;2.5275;25;45;90;200;1000;4.681
35.51981684;34.1818065;2757.716;1.6275;25;45;90;200;1000;4.727
35.52442787;34.18996784;2757.716;1.1768;25;45;90;200;1000;4.788
35.52903979;34.19812901;2757.716;0.52248;25;45;90;200;1000;4.923
35.53365259;34.20628998;2757.716;0.66537;25;45;90;200;1000;5.145
35.53826629;34.21445078;2757.716;0.88031;25;45;90;200;1000;5.405
35.54288088;34.22261138;2757.716;0;25;45;90;200;1000;5.663
35.54749636;34.23077181;2757.716;0.16897;25;45;90;200;1000;5.848
35.55211274;34.23893205;2757.716;1.215;25;45;90;200;1000;6.053
35.55673;34.2470921;2757.716;0.64515;25;45;90;200;1000;6.359
35.56134815;34.25525197;2757.716;0.27078;25;45;90;200;1000;6.599
35.5659672;34.26341166;2757.716;1.5096;25;45;90;200;1000;6.816
35.57058714;34.27157116;2757.716;3.4438;25;45;90;200;1000;7.076
35.57520798;34.27973048;2757.716;3.5934;25;45;90;200;1000;7.286
35.57982971;34.28788961;2757.716;2.866;25;45;90;200;1000;7.537
35.58445233;34.29604855;2757.716;1.6425;25;45;90;200;1000;7.745
35.58907585;34.30420731;2757.716;1.6337;25;45;90;200;1000;7.956
35.59370026;34.31236589;2757.716;1.9021;25;45;90;200;1000;8.157
35.59832557;34.32052428;2757.716;1.5089;25;45;90;200;1000;8.385
35.60295178;34.32868249;2757.716;0.85978;25;45;90;200;1000;8.613
35.60757888;34.33684051;2757.716;2.3284;25;45;90;200;1000;8.864
35.61220687;34.34499834;2757.716;3.4898;25;45;90;200;1000;9.114
35.61683577;34.35315599;2757.716;3.7519;25;45;90;200;1000;9.355
35.62146556;34.36131345;2757.716;3.1585;25;45;90;200;1000;9.588
35.62609625;34.36947073;2757.716;1.7553;25;45;90;200;1000;9.797
35.63072784;34.37762782;2757.716;1.1907;25;45;90;200;1000;10.002
35.63536033;34.38578472;2757.716;1.0749;25;45;90;200;1000;10.207
35.63999372;34.39394144;2757.716;0.52484;25;45;90;200;1000;10.447
35.64462801;34.40209797;2757.716;0;25;45;90;200;1000;10.663
35.6492632;34.41025432;2757.716;0;25;45;90;200;1000;10.888
35.65389929;34.41841048;2757.716;0;25;45;90;200;1000;11.12
35.65853628;34.42656645;2757.716;0;25;45;90;200;1000;11.388
35.66317417;34.43472224;2757.716;0;25;45;90;200;1000;11.625
35.66781296;34.44287784;2757.716;0;25;45;90;200;1000;11.924
35.67245266;34.45103325;2757.716;0;25;45;90;200;1000;12.264
35.67709326;34.45918848;2757.716;0;25;45;90;200;1000;12.566
35.68173476;34.46734352;2757.716;0;25;45;90;200;1000;12.915
35.68637717;34.47549837;2757.716;0;25;45;90;200;1000;13.243
35.69102048;34.48365303;2757.716;0;25;45;90;200;1000;13.584
35.6956647;34.49180751;2757.716;0;25;45;90;200;1000;13.948
35.70030982;34.4999618;2757.716;0;25;45;90;200;1000;14.154
35.70495584;34.50811591;2757.716;0;25;45;90;200;1000;14.33
35.70960277;34.51626982;2757.716;0;25;45;90;200;1000;14.563
35.71425061;34.52442355;2757.716;0;25;45;90;200;1000;14.793
35.71889936;34.53257709;2757.716;0;25;45;90;200;1000;15.03
35.72354901;34.54073045;2757.716;0;25;45;90;200;1000;15.26
35.72819957;34.54888361;2757.716;0;25;45;90;200;1000;15.534
35.73285104;34.55703659;2757.716;0;25;45;90;200;1000;15.797
35.73750341;34.56518938;2757.716;0;25;45;90;200;1000;16.072
35.28264141;33.75662595;2899.138;0.18601;25;45;90;200;1000;11.436
35.28720691;33.76479675;2899.138;1.0366;25;45;90;200;1000;11.147
35.29177328;33.77296737;2899.138;3.2323;25;45;90;200;1000;10.788
35.29634052;33.7811378;2899.138;2.7569;25;45;90;200;1000;10.489
35.30090862;33.78930806;2899.138;2.0814;25;45;90;200;1000;10.155
35.3054776;33.79747814;2899.138;1.115;25;45;90;200;1000;9.999
35.31004744;33.80564804;2899.138;1.2936;25;45;90;200;1000;9.88
35.31461815;33.81381775;2899.138;1.0578;25;45;90;200;1000;9.747
35.31918974;33.82198729;2899.138;0.43982;25;45;90;200;1000;9.531
35.32376219;33.83015665;2899.138;0.49645;25;45;90;200;1000;9.19
35.32833551;33.83832583;2899.138;0.46974;25;45;90;200;1000;8.88
35.33290971;33.84649482;2899.138;1.7558;25;45;90;200;1000;8.582
35.33748478;33.85466364;2899.138;2.5502;25;45;90;200;1000;8.327
35.34206072;33.86283228;2899.138;3.1944;25;45;90;200;1000;8.135
35.34663753;33.87100073;2899.138;2.6617;25;45;90;200;1000;7.729
35.35121521;33.87916901;2899.138;2.2271;25;45;90;200;1000;7.365
35.35579377;33.8873371;2899.138;1.2453;25;45;90;200;1000;7.035
35.3603732;33.89550501;2899.138;2.7796;25;45;90;200;1000;6.821
35.36495351;33.90367275;2899.138;2.4862;25;45;90;200;1000;6.614
35.36953469;33.9118403;2899.138;1.6595;25;45;90;200;1000;6.319
35.37411674;33.92000767;2899.138;0.33279;25;45;90;200;1000;6.071
35.37869967;33.92817486;2899.138;1.9087;25;45;90;200;1000;5.902
35.38328348;33.93634186;2899.138;0.64047;25;45;90;200;1000;5.696
35.38786816;33.94450869;2899.138;0;25;45;90;200;1000;5.347
35.39245372;33.95267533;2899.138;0.36368;25;45;90;200;1000;5.144
35.39704016;33.9608418;2899.138;0;25;45;90;200;1000;4.948
35.40162747;33.96900808;2899.138;0.65221;25;45;90;200;1000;4.536
35.40621566;33.97717418;2899.138;1.1659;25;45;90;200;1000;4.239
35.41080473;33.9853401;2899.138;2.8496;25;45;90;200;1000;3.925
35.41539468;33.99350583;2899.138;3.5609;25;45;90;200;1000;3.686
35.41998551;34.00167139;2899.138;2.9155;25;45;90;200;1000;3.416
35.42457721;34.00983676;2899.138;1.2698;25;45;90;200;1000;3.179
35.4291698;34.01800195;2899.138;0.74192;25;45;90;200;1000;3.016
35.43376327;34.02616696;2899.138;1.2316;25;45;90;200;1000;2.836
35.43835762;34.03433179;2899.138;1.3603;25;45;90;200;1000;2.625
35.44295285;34.04249643;2899.138;1.8269;25;45;90;200;1000;2.471
35.44754896;34.05066089;2899.138;0.2253;25;45;90;200;1000;2.233
35.45214595;34.05882517;2899.138;1.2408;25;45;90;200;1000;2.034
35.45674383;34.06698926;2899.138;2.4536;25;45;90;200;1000;1.875
35.46134259;34.07515318;2899.138;1.4918;25;45;90;200;1000;1.754
35.46594223;34.08331691;2899.138;3.513;25;45;90;200;1000;1.716
35.47054275;34.09148045;2899.138;3.9346;25;45;90;200;1000;1.859
35.47514416;34.09964382;2899.138;2.9519;25;45;90;200;1000;1.903
35.47974646;34.107807;2899.138;3.5915;25;45;90;200;1000;2.063
35.48434964;34.11597;2899.138;3.2524;25;45;90;200;1000;2.339
35.4889537;34.12413281;2899.138;1.6464;25;45;90;200;1000;2.641
35.49355865;34.13229544;2899.138;0.69634;25;45;90;200;1000;2.939
35.49816449;34.14045789;2899.138;1.1637;25;45;90;200;1000;3.222
35.50277122;34.14862016;2899.138;2.9764;25;45;90;200;1000;3.583
35.50737883;34.15678224;2899.138;3.594;25;45;90;200;1000;3.913
35.51198733;34.16494414;2899.138;3.7757;25;45;90;200;1000;4.317
35.51659671;34.17310585;2899.138;2.5196;25;45;90;200;1000;4.506
35.52120699;34.18126738;2899.138;1.8129;25;45;90;200;1000;4.646
35.52581815;34.18942873;2899.138;1.2548;25;45;90;200;1000;4.712
35.5304302;34.19758989;2899.138;0.51802;25;45;90;200;1000;4.869
35.53504315;34.20575086;2899.138;0.6739;25;45;90;200;1000;5.101
35.53965698;34.21391166;2899.138;0.90979;25;45;90;200;1000;5.379
35.5442717;34.22207227;2899.138;0.25171;25;45;90;200;1000;5.612
35.54888732;34.23023269;2899.138;0.19993;25;45;90;200;1000;5.799
35.55350382;34.23839293;2899.138;1.5756;25;45;90;200;1000;6.021
35.55812122;34.24655299;2899.138;1.1987;25;45;90;200;1000;6.327
35.56273951;34.25471286;2899.138;0.49174;25;45;90;200;1000;6.538
35.56735869;34.26287255;2899.138;1.5784;25;45;90;200;1000;6.77
35.57197877;34.27103205;2899.138;3.2923;25;45;90;200;1000;7.05
35.57659974;34.27919136;2899.138;3.4511;25;45;90;200;1000;7.256
35.5812216;34.2873505;2899.138;2.9381;25;45;90;200;1000;7.508
35.58584436;34.29550944;2899.138;1.5811;25;45;90;200;1000;7.735
35.59046801;34.3036682;2899.138;1.6018;25;45;90;200;1000;7.947
35.59509256;34.31182678;2899.138;1.701;25;45;90;200;1000;8.147
35.599718;34.31998517;2899.138;1.415;25;45;90;200;1000;8.367
35.60434434;34.32814338;2899.138;0.48848;25;45;90;200;1000;8.592
35.60897158;34.3363014;2899.138;2.3966;25;45;90;200;1000;8.836
35.61359971;34.34445923;2899.138;3.8226;25;45;90;200;1000;9.106
35.61822874;34.35261688;2899.138;3.4093;25;45;90;200;1000;9.334
35.62285867;34.36077434;2899.138;2.9981;25;45;90;200;1000;9.573
35.6274895;34.36893162;2899.138;1.6217;25;45;90;200;1000;9.781
35.63212122;34.37708871;2899.138;1.0165;25;45;90;200;1000;10.005
35.63675385;34.38524562;2899.138;1.1965;25;45;90;200;1000;10.222
35.64138737;34.39340234;2899.138;1.2096;25;45;90;200;1000;10.441
35.64602179;34.40155887;2899.138;0.4345;25;45;90;200;1000;10.641
35.65065712;34.40971522;2899.138;0;25;45;90;200;1000;10.863
35.65529334;34.41787138;2899.138;0;25;45;90;200;1000;11.104
35.65993047;34.42602735;2899.138;0;25;45;90;200;1000;11.374
35.66456849;34.43418314;2899.138;0;25;45;90;200;1000;11.658
35.66920742;34.44233874;2899.138;0;25;45;90;200;1000;11.95
35.67384726;34.45049415;2899.138;0;25;45;90;200;1000;12.269
35.67848799;34.45864938;2899.138;0;25;45;90;200;1000;12.586
35.68312963;34.46680442;2899.138;0;25;45;90;200;1000;12.881
35.68777217;34.47495927;2899.138;0;25;45;90;200;1000;13.2
35.69241562;34.48311394;2899.138;0;25;45;90;200;1000;13.568
35.69705997;34.49126842;2899.138;0;25;45;90;200;1000;13.899
35.70170523;34.49942271;2899.138;0;25;45;90;200;1000;14.085
35.70635139;34.50757681;2899.138;0;25;45;90;200;1000;14.258
35.71099846;34.51573073;2899.138;0;25;45;90;200;1000;14.515
35.71564643;34.52388446;2899.138;0;25;45;90;200;1000;14.732
35.72029531;34.532038;2899.138;0;25;45;90;200;1000;15.003
35.7249451;34.54019135;2899.138;0;25;45;90;200;1000;15.214
35.72959579;34.54834452;2899.138;0;25;45;90;200;1000;15.49
35.7342474;34.5564975;2899.138;0;25;45;90;200;1000;15.777
35.73889991;34.56465029;2899.138;0;25;45;90;200;1000;16.043
35.28402465;33.75608679;3040.559;0.15224;25;45;90;200;1000;11.355
35.28859029;33.76425758;3040.559;1.2427;25;45;90;200;1000;11.181
35.29315679;33.7724282;3040.559;3.2871;25;45;90;200;1000;10.831
35.29772416;33.78059864;3040.559;2.8594;25;45;90;200;1000;10.477
35.30229239;33.7887689;3040.559;2.2132;25;45;90;200;1000;10.131
35.3068615;33.79693898;3040.559;1.307;25;45;90;200;1000;9.918
35.31143147;33.80510887;3040.559;1.625;25;45;90;200;1000;9.816
35.31600232;33.81327859;3040.559;1.1996;25;45;90;200;1000;9.638
35.32057403;33.82144813;3040.559;0.82816;25;45;90;200;1000;9.454
35.32514662;33.82961749;3040.559;0.41989;25;45;90;200;1000;9.158
35.32972007;33.83778667;3040.559;0.44235;25;45;90;200;1000;8.849
35.3342944;33.84595566;3040.559;2.0139;25;45;90;200;1000;8.53
35.3388696;33.85412448;3040.559;2.8081;25;45;90;200;1000;8.278
35.34344567;33.86229312;3040.559;3.3809;25;45;90;200;1000;8.066
35.34802261;33.87046157;3040.559;2.8908;25;45;90;200;1000;7.759
35.35260043;33.87862985;3040.559;2.0491;25;45;90;200;1000;7.382
35.35717912;33.88679794;3040.559;1.2299;25;45;90;200;1000;7.004
35.36175868;33.89496586;3040.559;2.5557;25;45;90;200;1000;6.738
35.36633912;33.90313359;3040.559;2.7916;25;45;90;200;1000;6.567
35.37092043;33.91130114;3040.559;1.5172;25;45;90;200;1000;6.228
35.37550262;33.91946851;3040.559;0.67309;25;45;90;200;1000;5.967
35.38008568;33.9276357;3040.559;2.0562;25;45;90;200;1000;5.781
35.38466962;33.93580271;3040.559;0.78417;25;45;90;200;1000;5.556
35.38925444;33.94396954;3040.559;0;25;45;90;200;1000;5.235
35.39384013;33.95213618;3040.559;0.37447;25;45;90;200;1000;5.024
35.3984267;33.96030265;3040.559;0;25;45;90;200;1000;4.774
35.40301414;33.96846893;3040.559;0.48895;25;45;90;200;1000;4.441
35.40760247;33.97663503;3040.559;1.6253;25;45;90;200;1000;4.196
35.41219167;33.98480095;3040.559;3.7209;25;45;90;200;1000;3.854
35.41678175;33.99296668;3040.559;4.2898;25;45;90;200;1000;3.587
35.42137271;34.00113224;3040.559;3.3979;25;45;90;200;1000;3.308
35.42596455;34.00929761;3040.559;1.9524;25;45;90;200;1000;3.071
35.43055727;34.0174628;3040.559;1.5299;25;45;90;200;1000;2.887
35.43515087;34.02562781;3040.559;1.4861;25;45;90;200;1000;2.662
35.43974535;34.03379264;3040.559;1.8399;25;45;90;200;1000;2.525
35.44434071;34.04195728;3040.559;1.9232;25;45;90;200;1000;2.363
35.44893696;34.05012174;3040.559;0.24936;25;45;90;200;1000;2.162
35.45353408;34.05828602;3040.559;1.1497;25;45;90;200;1000;1.946
35.45813209;34.06645012;3040.559;2.383;25;45;90;200;1000;1.812
35.46273098;34.07461403;3040.559;1.3086;25;45;90;200;1000;1.674
35.46733076;34.08277776;3040.559;3.8275;25;45;90;200;1000;1.605
35.47193142;34.09094131;3040.559;4.0194;25;45;90;200;1000;1.798
35.47653296;34.09910468;3040.559;3.239;25;45;90;200;1000;1.81
35.48113539;34.10726786;3040.559;3.1595;25;45;90;200;1000;1.989
35.4857387;34.11543086;3040.559;3.4689;25;45;90;200;1000;2.258
35.4903429;34.12359367;3040.559;2.1364;25;45;90;200;1000;2.567
35.49494799;34.13175631;3040.559;0.62231;25;45;90;200;1000;2.826
35.49955396;34.13991875;3040.559;1.4154;25;45;90;200;1000;3.159
35.50416081;34.14808102;3040.559;3.2794;25;45;90;200;1000;3.471
35.50876856;34.1562431;3040.559;3.6009;25;45;90;200;1000;3.838
35.51337719;34.164405;3040.559;3.9898;25;45;90;200;1000;4.23
35.51798671;34.17256671;3040.559;2.3623;25;45;90;200;1000;4.367
35.52259712;34.18072824;3040.559;1.8679;25;45;90;200;1000;4.483
35.52720842;34.18888959;3040.559;1.637;25;45;90;200;1000;4.613
35.53182061;34.19705075;3040.559;0.38567;25;45;90;200;1000;4.804
35.53643368;34.20521173;3040.559;0.66537;25;45;90;200;1000;5.07
35.54104765;34.21337253;3040.559;1.1317;25;45;90;200;1000;5.342
35.54566251;34.22153313;3040.559;0.38555;25;45;90;200;1000;5.579
35.55027826;34.22969356;3040.559;0.42938;25;45;90;200;1000;5.75
35.5548949;34.2378538;3040.559;1.5123;25;45;90;200;1000;6.009
35.55951243;34.24601386;3040.559;1.5063;25;45;90;200;1000;6.301
35.56413085;34.25417373;3040.559;0.70856;25;45;90;200;1000;6.511
35.56875017;34.26233342;3040.559;1.2786;25;45;90;200;1000;6.743
35.57337038;34.27049292;3040.559;3.4288;25;45;90;200;1000;7.023
35.57799148;34.27865224;3040.559;3.2544;25;45;90;200;1000;7.24
35.58261348;34.28681137;3040.559;2.7983;25;45;90;200;1000;7.492
35.58723637;34.29497032;3040.559;1.637;25;45;90;200;1000;7.726
35.59186016;34.30312908;3040.559;1.4667;25;45;90;200;1000;7.949
35.59648484;34.31128766;3040.559;1.6897;25;45;90;200;1000;8.157
35.60111042;34.31944605;3040.559;1.1795;25;45;90;200;1000;8.373
35.60573689;34.32760425;3040.559;0.10687;25;45;90;200;1000;8.582
35.61036426;34.33576227;3040.559;2.0625;25;45;90;200;1000;8.822
35.61499253;34.34392011;3040.559;3.8697;25;45;90;200;1000;9.071
35.6196217;34.35207776;3040.559;3.3877;25;45;90;200;1000;9.304
35.62425176;34.36023522;3040.559;2.673;25;45;90;200;1000;9.539
35.62888272;34.3683925;3040.559;1.3969;25;45;90;200;1000;9.759
35.63351458;34.37654959;3040.559;0.96996;25;45;90;200;1000;10.002
35.63814734;34.3847065;3040.559;1.0624;25;45;90;200;1000;10.215
35.642781;34.39286322;3040.559;1.7381;25;45;90;200;1000;10.416
35.64741556;34.40101975;3040.559;1.0241;25;45;90;200;1000;10.63
35.65205102;34.4091761;3040.559;0;25;45;90;200;1000;10.855
35.65668738;34.41733226;3040.559;0;25;45;90;200;1000;11.101
35.66132464;34.42548823;3040.559;0;25;45;90;200;1000;11.381
35.6659628;34.43364402;3040.559;0;25;45;90;200;1000;11.692
35.67060187;34.44179962;3040.559;0;25;45;90;200;1000;11.987
35.67524183;34.44995504;3040.559;0;25;45;90;200;1000;12.283
35.6798827;34.45811026;3040.559;0;25;45;90;200;1000;12.582
35.68452448;34.46626531;3040.559;0;25;45;90;200;1000;12.876
35.68916716;34.47442016;3040.559;0;25;45;90;200;1000;13.195
35.69381074;34.48257483;3040.559;0;25;45;90;200;1000;13.563
35.69845522;34.4907293;3040.559;0;25;45;90;200;1000;13.816
35.70310062;34.4988836;3040.559;0;25;45;90;200;1000;14.025
35.70774691;34.5070377;3040.559;0;25;45;90;200;1000;14.198
35.71239412;34.51519162;3040.559;0;25;45;90;200;1000;14.444
35.71704223;34.52334535;3040.559;0;25;45;90;200;1000;14.684
35.72169124;34.53149889;3040.559;0;25;45;90;200;1000;14.96
35.72634117;34.53965225;3040.559;0;25;45;90;200;1000;15.191
35.730992;34.54780541;3040.559;0;25;45;90;200;1000;15.451
35.73564374;34.55595839;3040.559;0;25;45;90;200;1000;15.724
35.74029639;34.56411118;3040.559;0;25;45;90;200;1000;16.005
35.28540788;33.7555476;3181.981;0;25;45;90;200;1000;11.262
35.28997364;33.7637184;3181.981;1.3508;25;45;90;200;1000;11.205
35.29454028;33.77188902;3181.981;3.2069;25;45;90;200;1000;10.889
35.29910778;33.78005946;3181.981;2.9723;25;45;90;200;1000;10.517
35.30367614;33.78822972;3181.981;1.9626;25;45;90;200;1000;10.107
35.30824538;33.7963998;3181.981;1.5595;25;45;90;200;1000;9.851
35.31281549;33.80456969;3181.981;1.7379;25;45;90;200;1000;9.741
35.31738646;33.81273941;3181.981;1.2454;25;45;90;200;1000;9.543
35.32195831;33.82090895;3181.981;1.0342;25;45;90;200;1000;9.346
35.32653103;33.82907831;3181.981;0.27115;25;45;90;200;1000;9.118
35.33110461;33.83724749;3181.981;0.47466;25;45;90;200;1000;8.818
35.33567907;33.84541649;3181.981;2.0279;25;45;90;200;1000;8.502
35.3402544;33.8535853;3181.981;2.847;25;45;90;200;1000;8.238
35.34483061;33.86175394;3181.981;3.7346;25;45;90;200;1000;7.998
35.34940768;33.8699224;3181.981;3.2569;25;45;90;200;1000;7.736
35.35398563;33.87809067;3181.981;1.4799;25;45;90;200;1000;7.331
35.35856445;33.88625877;3181.981;1.1271;25;45;90;200;1000;6.989
35.36314415;33.89442668;3181.981;2.1471;25;45;90;200;1000;6.677
35.36772472;33.90259442;3181.981;2.5872;25;45;90;200;1000;6.535
35.37230616;33.91076197;3181.981;1.6421;25;45;90;200;1000;6.173
35.37688848;33.91892934;3181.981;0.81013;25;45;90;200;1000;5.862
35.38147168;33.92709653;3181.981;1.9338;25;45;90;200;1000;5.702
35.38605575;33.93526354;3181.981;0.79986;25;45;90;200;1000;5.43
35.39064069;33.94343037;3181.981;0;25;45;90;200;1000;5.077
35.39522652;33.95159701;3181.981;0.54003;25;45;90;200;1000;4.85
35.39981322;33.95976348;3181.981;0;25;45;90;200;1000;4.578
35.4044008;33.96792976;3181.981;0.7545;25;45;90;200;1000;4.353
35.40898925;33.97609586;3181.981;2.1354;25;45;90;200;1000;4.151
35.41357859;33.98426178;3181.981;4.4168;25;45;90;200;1000;3.822
35.4181688;33.99242752;3181.981;4.7787;25;45;90;200;1000;3.543
35.42275989;34.00059308;3181.981;3.794;25;45;90;200;1000;3.224
35.42735187;34.00875845;3181.981;2.4605;25;45;90;200;1000;2.989
35.43194472;34.01692364;3181.981;2.0601;25;45;90;200;1000;2.761
35.43653845;34.02508865;3181.981;1.4411;25;45;90;200;1000;2.551
35.44113307;34.03325348;3181.981;2.1017;25;45;90;200;1000;2.402
35.44572856;34.04141812;3181.981;1.638;25;45;90;200;1000;2.251
35.45032494;34.04958258;3181.981;0.31391;25;45;90;200;1000;2.099
35.4549222;34.05774686;3181.981;1.1543;25;45;90;200;1000;1.872
35.45952034;34.06591096;3181.981;2.1131;25;45;90;200;1000;1.737
35.46411936;34.07407487;3181.981;1.3549;25;45;90;200;1000;1.567
35.46871927;34.08223861;3181.981;4.0595;25;45;90;200;1000;1.489
35.47332007;34.09040215;3181.981;4.2029;25;45;90;200;1000;1.681
35.47792174;34.09856552;3181.981;3.2355;25;45;90;200;1000;1.727
35.4825243;34.1067287;3181.981;3.3827;25;45;90;200;1000;1.933
35.48712775;34.1148917;3181.981;3.3891;25;45;90;200;1000;2.216
35.49173208;34.12305452;3181.981;2.3425;25;45;90;200;1000;2.435
35.4963373;34.13121715;3181.981;0.62315;25;45;90;200;1000;2.67
35.5009434;34.1393796;3181.981;1.6009;25;45;90;200;1000;3.006
35.50555039;34.14754187;3181.981;3.397;25;45;90;200;1000;3.344
35.51015827;34.15570395;3181.981;3.3063;25;45;90;200;1000;3.728
35.51476704;34.16386585;3181.981;3.8717;25;45;90;200;1000;4.096
35.51937669;34.17202756;3181.981;2.6309;25;45;90;200;1000;4.225
35.52398724;34.18018909;3181.981;2.2347;25;45;90;200;1000;4.399
35.52859867;34.18835044;3181.981;2.014;25;45;90;200;1000;4.528
35.53321099;34.1965116;3181.981;0;25;45;90;200;1000;4.77
35.5378242;34.20467258;3181.981;0.63911;25;45;90;200;1000;5.023
35.5424383;34.21283338;3181.981;1.3094;25;45;90;200;1000;5.296
35.54705329;34.22099399;3181.981;0.35722;25;45;90;200;1000;5.512
35.55166918;34.22915441;3181.981;0.56716;25;45;90;200;1000;5.723
35.55628595;34.23731465;3181.981;1.695;25;45;90;200;1000;6.006
35.56090362;34.24547471;3181.981;1.6837;25;45;90;200;1000;6.263
35.56552217;34.25363458;3181.981;1.0782;25;45;90;200;1000;6.5
35.57014163;34.26179427;3181.981;1.1503;25;45;90;200;1000;6.734
35.57476197;34.26995377;3181.981;3.2746;25;45;90;200;1000;6.992
35.57938321;34.27811309;3181.981;3.1891;25;45;90;200;1000;7.215
35.58400534;34.28627223;3181.981;2.6762;25;45;90;200;1000;7.47
35.58862837;34.29443117;3181.981;1.6982;25;45;90;200;1000;7.715
35.59325229;34.30258994;3181.981;1.1658;25;45;90;200;1000;7.93
35.5978771;34.31074851;3181.981;1.5044;25;45;90;200;1000;8.15
35.60250282;34.31890691;3181.981;1.1648;25;45;90;200;1000;8.368
35.60712943;34.32706511;3181.981;0.15224;25;45;90;200;1000;8.573
35.61175693;34.33522313;3181.981;1.6789;25;45;90;200;1000;8.81
35.61638533;34.34338097;3181.981;3.1463;25;45;90;200;1000;9.04
35.62101463;34.35153862;3181.981;3.0171;25;45;90;200;1000;9.287
35.62564483;34.35969608;3181.981;2.561;25;45;90;200;1000;9.515
35.63027593;34.36785336;3181.981;1.012;25;45;90;200;1000;9.746
35.63490792;34.37601046;3181.981;0.68363;25;45;90;200;1000;9.968
35.63954082;34.38416736;3181.981;0.67308;25;45;90;200;1000;10.204
35.64417461;34.39232408;3181.981;1.7707;25;45;90;200;1000;10.408
35.6488093;34.40048062;3181.981;1.6057;25;45;90;200;1000;10.635
35.6534449;34.40863696;3181.981;0.13823;25;45;90;200;1000;10.877
35.65808139;34.41679313;3181.981;0;25;45;90;200;1000;11.145
35.66271879;34.4249491;3181.981;0;25;45;90;200;1000;11.423
35.66735709;34.43310489;3181.981;0;25;45;90;200;1000;11.706
35.67199629;34.44126049;3181.981;0;25;45;90;200;1000;12.018
35.67663639;34.44941591;3181.981;0;25;45;90;200;1000;12.323
35.6812774;34.45757113;3181.981;0;25;45;90;200;1000;12.595
35.68591931;34.46572618;3181.981;0;25;45;90;200;1000;12.902
35.69056212;34.47388103;3181.981;0;25;45;90;200;1000;13.243
35.69520584;34.4820357;3181.981;0;25;45;90;200;1000;13.508
35.69985046;34.49019018;3181.981;0;25;45;90;200;1000;13.726
35.70449599;34.49834447;3181.981;0;25;45;90;200;1000;13.943
35.70914242;34.50649858;3181.981;0;25;45;90;200;1000;14.166
35.71378976;34.51465249;3181.981;0;25;45;90;200;1000;14.413
35.71843801;34.52280622;3181.981;0;25;45;90;200;1000;14.662
35.72308716;34.53095977;3181.981;0;25;45;90;200;1000;14.924
35.72773722;34.53911312;3181.981;0;25;45;90;200;1000;15.169
35.73238819;34.54726629;3181.981;0;25;45;90;200;1000;15.433
35.73704007;34.55541927;3181.981;0;25;45;90;200;1000;15.714
35.74169285;34.56357206;3181.981;0;25;45;90;200;1000;15.986
35.28679109;33.75500841;3323.402;0;25;45;90;200;1000;11.175
35.29135698;33.7631792;3323.402;1.1797;25;45;90;200;1000;11.087
35.29592375;33.77134982;3323.402;2.9359;25;45;90;200;1000;10.939
35.30049138;33.77952026;3323.402;2.9811;25;45;90;200;1000;10.549
35.30505988;33.78769052;3323.402;1.9219;25;45;90;200;1000;10.09
35.30962925;33.7958606;3323.402;1.9359;25;45;90;200;1000;9.787
35.31419949;33.8040305;3323.402;1.5263;25;45;90;200;1000;9.651
35.31877059;33.81220022;3323.402;1.1873;25;45;90;200;1000;9.461
35.32334257;33.82036976;3323.402;1.3421;25;45;90;200;1000;9.277
35.32791542;33.82853912;3323.402;0.19814;25;45;90;200;1000;9.041
35.33248914;33.8367083;3323.402;0.47466;25;45;90;200;1000;8.768
35.33706373;33.8448773;3323.402;2.0386;25;45;90;200;1000;8.486
35.34163919;33.85304611;3323.402;2.7344;25;45;90;200;1000;8.193
35.34621553;33.86121475;3323.402;3.7482;25;45;90;200;1000;7.959
35.35079273;33.86938321;3323.402;3.4516;25;45;90;200;1000;7.725
35.35537081;33.87755149;3323.402;1.5675;25;45;90;200;1000;7.316
35.35994977;33.88571958;3323.402;0.85285;25;45;90;200;1000;6.961
35.36452959;33.8938875;3323.402;1.5144;25;45;90;200;1000;6.62
35.3691103;33.90205523;3323.402;2.2121;25;45;90;200;1000;6.466
35.37369187;33.91022278;3323.402;1.5506;25;45;90;200;1000;6.146
35.37827432;33.91839015;3323.402;1.0816;25;45;90;200;1000;5.795
35.38285765;33.92655735;3323.402;1.6115;25;45;90;200;1000;5.589
35.38744185;33.93472436;3323.402;0.87882;25;45;90;200;1000;5.399
35.39202693;33.94289118;3323.402;0.19814;25;45;90;200;1000;4.974
35.39661289;33.95105783;3323.402;0.57513;25;45;90;200;1000;4.723
35.40119972;33.9592243;3323.402;0;25;45;90;200;1000;4.501
35.40578743;33.96739058;3323.402;1.0766;25;45;90;200;1000;4.277
35.41037602;33.97555668;3323.402;3.1059;25;45;90;200;1000;4.08
35.41496549;33.9837226;3323.402;5.0724;25;45;90;200;1000;3.753
35.41955584;33.99188834;3323.402;4.9805;25;45;90;200;1000;3.45
35.42414706;34.0000539;3323.402;4.1914;25;45;90;200;1000;3.163
35.42873917;34.00821927;3323.402;2.7619;25;45;90;200;1000;2.913
35.43333215;34.01638446;3323.402;2.5333;25;45;90;200;1000;2.666
35.43792602;34.02454947;3323.402;1.37;25;45;90;200;1000;2.458
35.44252076;34.0327143;3323.402;2.0965;25;45;90;200;1000;2.325
35.44711639;34.04087894;3323.402;1.6005;25;45;90;200;1000;2.183
35.4517129;34.04904341;3323.402;0.42227;25;45;90;200;1000;2.035
35.45631029;34.05720769;3323.402;1.1417;25;45;90;200;1000;1.834
35.46090857;34.06537178;3323.402;1.6559;25;45;90;200;1000;1.658
35.46550773;34.0735357;3323.402;1.7725;25;45;90;200;1000;1.47
35.47010777;34.08169943;3323.402;4.3161;25;45;90;200;1000;1.406
35.47470869;34.08986298;3323.402;4.1404;25;45;90;200;1000;1.559
35.4793105;34.09802635;3323.402;3.1716;25;45;90;200;1000;1.653
35.4839132;34.10618953;3323.402;3.4951;25;45;90;200;1000;1.886
35.48851678;34.11435253;3323.402;3.6514;25;45;90;200;1000;2.156
35.49312124;34.12251535;3323.402;2.6025;25;45;90;200;1000;2.337
35.4977266;34.13067798;3323.402;0.6843;25;45;90;200;1000;2.586
35.50233283;34.13884043;3323.402;1.7713;25;45;90;200;1000;2.931
35.50693996;34.1470027;3323.402;3.4613;25;45;90;200;1000;3.255
35.51154797;34.15516478;3323.402;3.278;25;45;90;200;1000;3.65
35.51615687;34.16332668;3323.402;3.8913;25;45;90;200;1000;3.986
35.52076666;34.17148839;3323.402;2.7812;25;45;90;200;1000;4.156
35.52537733;34.17964993;3323.402;2.6321;25;45;90;200;1000;4.33
35.5299889;34.18781127;3323.402;2.1827;25;45;90;200;1000;4.47
35.53460135;34.19597244;3323.402;0;25;45;90;200;1000;4.703
35.5392147;34.20413342;3323.402;0.69709;25;45;90;200;1000;4.962
35.54382893;34.21229421;3323.402;1.0884;25;45;90;200;1000;5.201
35.54844406;34.22045482;3323.402;0.24713;25;45;90;200;1000;5.454
35.55306008;34.22861525;3323.402;0.81505;25;45;90;200;1000;5.695
35.55767699;34.23677549;3323.402;1.7266;25;45;90;200;1000;5.993
35.56229479;34.24493555;3323.402;1.7707;25;45;90;200;1000;6.255
35.56691348;34.25309542;3323.402;1.2386;25;45;90;200;1000;6.5
35.57153306;34.26125511;3323.402;0.98906;25;45;90;200;1000;6.755
35.57615354;34.26941461;3323.402;2.9523;25;45;90;200;1000;6.955
35.58077492;34.27757393;3323.402;3.083;25;45;90;200;1000;7.205
35.58539718;34.28573307;3323.402;2.9426;25;45;90;200;1000;7.456
35.59002034;34.29389202;3323.402;1.7155;25;45;90;200;1000;7.691
35.5946444;34.30205078;3323.402;0.86053;25;45;90;200;1000;7.92
35.59926935;34.31020936;3323.402;1.0962;25;45;90;200;1000;8.128
35.6038952;34.31836775;3323.402;1.2614;25;45;90;200;1000;8.337
35.60852194;34.32652596;3323.402;0.18601;25;45;90;200;1000;8.566
35.61314958;34.33468398;3323.402;1.3786;25;45;90;200;1000;8.802
35.61777812;34.34284182;3323.402;2.711;25;45;90;200;1000;9.035
35.62240755;34.35099947;3323.402;2.7849;25;45;90;200;1000;9.28
35.62703789;34.35915693;3323.402;2.277;25;45;90;200;1000;9.51
35.63166912;34.36731421;3323.402;0.3905;25;45;90;200;1000;9.739
35.63630125;34.3754713;3323.402;0.3413;25;45;90;200;1000;9.954
35.64093428;34.38362821;3323.402;0.71236;25;45;90;200;1000;10.177
35.6455682;34.39178493;3323.402;1.935;25;45;90;200;1000;10.417
35.65020303;34.39994147;3323.402;1.7321;25;45;90;200;1000;10.649
35.65483876;34.40809781;3323.402;0.17472;25;45;90;200;1000;10.893
35.65947539;34.41625398;3323.402;0;25;45;90;200;1000;11.16
35.66411292;34.42440995;3323.402;0;25;45;90;200;1000;11.441
35.66875136;34.43256574;3323.402;0;25;45;90;200;1000;11.729
35.67339069;34.44072134;3323.402;0;25;45;90;200;1000;12.072
35.67803093;34.44887676;3323.402;0;25;45;90;200;1000;12.389
35.68267207;34.45703199;3323.402;0;25;45;90;200;1000;12.653
35.68731412;34.46518703;3323.402;0;25;45;90;200;1000;12.926
35.69195707;34.47334188;3323.402;0;25;45;90;200;1000;13.221
35.69660092;34.48149655;3323.402;0;25;45;90;200;1000;13.446
35.70124568;34.48965103;3323.402;0;25;45;90;200;1000;13.65
35.70589134;34.49780533;3323.402;0;25;45;90;200;1000;13.869
35.71053791;34.50595943;3323.402;0;25;45;90;200;1000;14.114
35.71518539;34.51411335;3323.402;0;25;45;90;200;1000;14.358
35.71983377;34.52226708;3323.402;0;25;45;90;200;1000;14.631
35.72448306;34.53042063;3323.402;0;25;45;90;200;1000;14.899
35.72913326;34.53857398;3323.402;0;25;45;90;200;1000;15.132
35.73378436;34.54672715;3323.402;0;25;45;90;200;1000;15.41
35.73843637;34.55488013;3323.402;0;25;45;90;200;1000;15.693
35.74308929;34.56303292;3323.402;0;25;45;90;200;1000;15.972
35.28817428;33.75446919;3464.823;0;25;45;90;200;1000;11.109
35.29274031;33.76263999;3464.823;1.0623;25;45;90;200;1000;11.002
35.2973072;33.77081061;3464.823;3.0603;25;45;90;200;1000;10.858
35.30187497;33.77898105;3464.823;3.0767;25;45;90;200;1000;10.499
35.3064436;33.78715131;3464.823;2.4343;25;45;90;200;1000;10.007
35.3110131;33.79532139;3464.823;2.2538;25;45;90;200;1000;9.719
35.31558347;33.80349129;3464.823;1.6381;25;45;90;200;1000;9.574
35.32015471;33.81166101;3464.823;1.6224;25;45;90;200;1000;9.37
35.32472681;33.81983055;3464.823;1.5919;25;45;90;200;1000;9.21
35.32929979;33.82799991;3464.823;0.44627;25;45;90;200;1000;8.991
35.33387365;33.83616909;3464.823;0.35374;25;45;90;200;1000;8.76
35.33844837;33.84433809;3464.823;1.7223;25;45;90;200;1000;8.472
35.34302396;33.85250691;3464.823;2.6149;25;45;90;200;1000;8.168
35.34760043;33.86067555;3464.823;3.9118;25;45;90;200;1000;7.903
35.35217777;33.868844;3464.823;3.4715;25;45;90;200;1000;7.654
35.35675598;33.87701228;3464.823;1.9781;25;45;90;200;1000;7.314
35.36133506;33.88518038;3464.823;0.73606;25;45;90;200;1000;6.931
35.36591502;33.89334829;3464.823;1.3809;25;45;90;200;1000;6.58
35.37049586;33.90151603;3464.823;1.8649;25;45;90;200;1000;6.374
35.37507757;33.90968358;3464.823;1.1325;25;45;90;200;1000;6.116
35.37966015;33.91785095;3464.823;1.0903;25;45;90;200;1000;5.748
35.38424361;33.92601814;3464.823;1.2009;25;45;90;200;1000;5.49
35.38882794;33.93418515;3464.823;0.79781;25;45;90;200;1000;5.319
35.39341315;33.94235198;3464.823;0.27115;25;45;90;200;1000;4.92
35.39799924;33.95051863;3464.823;0.50871;25;45;90;200;1000;4.659
35.40258621;33.9586851;3464.823;0;25;45;90;200;1000;4.429
35.40717405;33.96685138;3464.823;1.7838;25;45;90;200;1000;4.178
35.41176277;33.97501748;3464.823;3.8156;25;45;90;200;1000;4.009
35.41635237;33.9831834;3464.823;5.4443;25;45;90;200;1000;3.72
35.42094285;33.99134914;3464.823;5.1423;25;45;90;200;1000;3.405
35.42553421;33.9995147;3464.823;4.1094;25;45;90;200;1000;3.123
35.43012645;34.00768007;3464.823;2.942;25;45;90;200;1000;2.879
35.43471957;34.01584527;3464.823;2.4792;25;45;90;200;1000;2.623
35.43931357;34.02401028;3464.823;1.3605;25;45;90;200;1000;2.395
35.44390844;34.03217511;3464.823;1.7874;25;45;90;200;1000;2.248
35.44850421;34.04033975;3464.823;1.3896;25;45;90;200;1000;2.114
35.45310085;34.04850421;3464.823;0.45975;25;45;90;200;1000;1.95
35.45769837;34.0566685;3464.823;0.72891;25;45;90;200;1000;1.732
35.46229678;34.06483259;3464.823;1.5202;25;45;90;200;1000;1.575
35.46689607;34.07299651;3464.823;1.9254;25;45;90;200;1000;1.407
35.47149625;34.08116024;3464.823;4.4188;25;45;90;200;1000;1.339
35.47609731;34.08932379;3464.823;4.1042;25;45;90;200;1000;1.498
35.48069925;34.09748716;3464.823;3.463;25;45;90;200;1000;1.577
35.48530208;34.10565034;3464.823;3.4958;25;45;90;200;1000;1.793
35.48990579;34.11381334;3464.823;3.6469;25;45;90;200;1000;2.073
35.49451039;34.12197616;3464.823;2.8291;25;45;90;200;1000;2.288
35.49911587;34.13013879;3464.823;0.72482;25;45;90;200;1000;2.555
35.50372225;34.13830124;3464.823;1.7039;25;45;90;200;1000;2.901
35.5083295;34.14646351;3464.823;3.1599;25;45;90;200;1000;3.198
35.51293765;34.1546256;3464.823;3.1114;25;45;90;200;1000;3.622
35.51754668;34.16278749;3464.823;3.9768;25;45;90;200;1000;3.889
35.5221566;34.17094921;3464.823;2.8656;25;45;90;200;1000;4.065
35.52676741;34.17911074;3464.823;2.9369;25;45;90;200;1000;4.247
35.53137911;34.18727209;3464.823;2.2484;25;45;90;200;1000;4.416
35.5359917;34.19543326;3464.823;0.24083;25;45;90;200;1000;4.651
35.54060518;34.20359424;3464.823;0.67032;25;45;90;200;1000;4.903
35.54521955;34.21175503;3464.823;0.59952;25;45;90;200;1000;5.148
35.54983481;34.21991564;3464.823;0.16374;25;45;90;200;1000;5.409
35.55445096;34.22807607;3464.823;1.1165;25;45;90;200;1000;5.677
35.559068;34.23623631;3464.823;1.7693;25;45;90;200;1000;5.982
35.56368594;34.24439637;3464.823;1.7602;25;45;90;200;1000;6.252
35.56830476;34.25255625;3464.823;1.1306;25;45;90;200;1000;6.498
35.57292448;34.26071593;3464.823;0.90614;25;45;90;200;1000;6.701
35.5775451;34.26887544;3464.823;2.834;25;45;90;200;1000;6.932
35.5821666;34.27703476;3464.823;2.9292;25;45;90;200;1000;7.213
35.58678901;34.28519389;3464.823;3.205;25;45;90;200;1000;7.444
35.5914123;34.29335284;3464.823;1.6087;25;45;90;200;1000;7.678
35.59603649;34.30151161;3464.823;0.44627;25;45;90;200;1000;7.912
35.60066158;34.30967018;3464.823;1.5191;25;45;90;200;1000;8.122
35.60528756;34.31782858;3464.823;1.5307;25;45;90;200;1000;8.326
35.60991444;34.32598679;3464.823;0.15224;25;45;90;200;1000;8.57
35.61454221;34.33414481;3464.823;1.3667;25;45;90;200;1000;8.808
35.61917088;34.34230264;3464.823;2.3105;25;45;90;200;1000;9.059
35.62380045;34.3504603;3464.823;2.6792;25;45;90;200;1000;9.291
35.62843092;34.35861776;3464.823;1.555;25;45;90;200;1000;9.547
35.63306229;34.36677504;3464.823;0;25;45;90;200;1000;9.752
35.63769455;34.37493213;3464.823;0.26164;25;45;90;200;1000;9.964
35.64232772;34.38308904;3464.823;0.75914;25;45;90;200;1000;10.184
35.64696178;34.39124576;3464.823;1.6127;25;45;90;200;1000;10.438
35.65159674;34.3994023;3464.823;1.7319;25;45;90;200;1000;10.692
35.65623261;34.40755865;3464.823;0.13823;25;45;90;200;1000;10.904
35.66086937;34.41571481;3464.823;0;25;45;90;200;1000;11.17
35.66550704;34.42387079;3464.823;0;25;45;90;200;1000;11.49
35.67014561;34.43202658;3464.823;0;25;45;90;200;1000;11.759
35.67478508;34.44018218;3464.823;0;25;45;90;200;1000;12.12
35.67942546;34.4483376;3464.823;0;25;45;90;200;1000;12.42
35.68406673;34.45649283;3464.823;0;25;45;90;200;1000;12.686
35.68870891;34.46464787;3464.823;0;25;45;90;200;1000;12.946
35.693352;34.47280272;3464.823;0;25;45;90;200;1000;13.211
35.69799599;34.48095739;3464.823;0;25;45;90;200;1000;13.383
35.70264088;34.48911187;3464.823;0;25;45;90;200;1000;13.617
35.70728668;34.49726617;3464.823;0;25;45;90;200;1000;13.84
35.71193339;34.50542027;3464.823;0;25;45;90;200;1000;14.092
35.716581;34.51357419;3464.823;0;25;45;90;200;1000;14.349
35.72122951;34.52172792;3464.823;0;25;45;90;200;1000;14.624
35.72587894;34.52988147;3464.823;0;25;45;90;200;1000;14.894
35.73052927;34.53803483;3464.823;0;25;45;90;200;1000;15.128
35.73518051;34.54618799;3464.823;0;25;45;90;200;1000;15.389
35.73983266;34.55434097;3464.823;0;25;45;90;200;1000;15.663
35.74448572;34.56249377;3464.823;0;25;45;90;200;1000;15.957
35.28955746;33.75392996;3606.245;0;25;45;90;200;1000;11.049
35.29412361;33.76210076;3606.245;0.84487;25;45;90;200;1000;10.928
35.29869064;33.77027138;3606.245;2.9585;25;45;90;200;1000;10.747
35.30325853;33.77844182;3606.245;3.0115;25;45;90;200;1000;10.481
35.3078273;33.78661208;3606.245;2.6848;25;45;90;200;1000;9.97
35.31239693;33.79478216;3606.245;2.4456;25;45;90;200;1000;9.652
35.31696743;33.80295206;3606.245;1.885;25;45;90;200;1000;9.487
35.3215388;33.81112178;3606.245;2.0492;25;45;90;200;1000;9.27
35.32611104;33.81929132;3606.245;1.7345;25;45;90;200;1000;9.141
35.33068415;33.82746068;3606.245;0.71511;25;45;90;200;1000;8.931
35.33525813;33.83562986;3606.245;0.32658;25;45;90;200;1000;8.731
35.33983299;33.84379886;3606.245;1.1928;25;45;90;200;1000;8.465
35.34440871;33.85196768;3606.245;2.1683;25;45;90;200;1000;8.145
35.34898531;33.86013632;3606.245;3.5751;25;45;90;200;1000;7.833
35.35356278;33.86830478;3606.245;3.1629;25;45;90;200;1000;7.559
35.35814113;33.87647306;3606.245;2.3166;25;45;90;200;1000;7.264
35.36272034;33.88464116;3606.245;0.99219;25;45;90;200;1000;6.908
35.36730044;33.89280907;3606.245;1.0093;25;45;90;200;1000;6.54
35.3718814;33.90097681;3606.245;1.6081;25;45;90;200;1000;6.321
35.37646324;33.90914436;3606.245;0.8972;25;45;90;200;1000;6.088
35.38104596;33.91731174;3606.245;0.70968;25;45;90;200;1000;5.731
35.38562955;33.92547893;3606.245;1.1403;25;45;90;200;1000;5.434
35.39021402;33.93364594;3606.245;0.8345;25;45;90;200;1000;5.155
35.39479936;33.94181277;3606.245;0.52484;25;45;90;200;1000;4.892
35.39938558;33.94997942;3606.245;0.328;25;45;90;200;1000;4.593
35.40397268;33.95814588;3606.245;0.12844;25;45;90;200;1000;4.377
35.40856065;33.96631217;3606.245;2.0878;25;45;90;200;1000;4.12
35.41314951;33.97447827;3606.245;4.4019;25;45;90;200;1000;3.917
35.41773924;33.98264419;3606.245;5.7391;25;45;90;200;1000;3.661
35.42232985;33.99080993;3606.245;5.6207;25;45;90;200;1000;3.353
35.42692134;33.99897549;3606.245;4.592;25;45;90;200;1000;3.094
35.43151371;34.00714086;3606.245;3.0144;25;45;90;200;1000;2.852
35.43610696;34.01530606;3606.245;2.7522;25;45;90;200;1000;2.574
35.4407011;34.02347107;3606.245;1.7579;25;45;90;200;1000;2.337
35.44529611;34.0316359;3606.245;1.4338;25;45;90;200;1000;2.183
35.449892;34.03980054;3606.245;1.2827;25;45;90;200;1000;2.027
35.45448878;34.04796501;3606.245;0.74329;25;45;90;200;1000;1.834
35.45908644;34.05612929;3606.245;0.4366;25;45;90;200;1000;1.646
35.46368498;34.06429339;3606.245;1.1059;25;45;90;200;1000;1.503
35.4682844;34.0724573;3606.245;1.905;25;45;90;200;1000;1.355
35.47288471;34.08062104;3606.245;4.5045;25;45;90;200;1000;1.274
35.4774859;34.08878459;3606.245;3.9634;25;45;90;200;1000;1.39
35.48208798;34.09694795;3606.245;3.751;25;45;90;200;1000;1.508
35.48669094;34.10511114;3606.245;3.2942;25;45;90;200;1000;1.708
35.49129479;34.11327414;3606.245;3.574;25;45;90;200;1000;2.005
35.49589952;34.12143696;3606.245;2.9185;25;45;90;200;1000;2.229
35.50050514;34.12959959;3606.245;0.98147;25;45;90;200;1000;2.512
35.50511164;34.13776204;3606.245;1.3944;25;45;90;200;1000;2.857
35.50971903;34.14592431;3606.245;2.4227;25;45;90;200;1000;3.172
35.51432731;34.15408639;3606.245;3.0463;25;45;90;200;1000;3.539
35.51893648;34.1622483;3606.245;4.0564;25;45;90;200;1000;3.773
35.52354653;34.17041001;3606.245;3.3957;25;45;90;200;1000;3.97
35.52815748;34.17857154;3606.245;3.1429;25;45;90;200;1000;4.179
35.53276931;34.18673289;3606.245;2.3943;25;45;90;200;1000;4.381
35.53738203;34.19489406;3606.245;0.40098;25;45;90;200;1000;4.621
35.54199565;34.20305504;3606.245;0.51497;25;45;90;200;1000;4.871
35.54661015;34.21121584;3606.245;0.1608;25;45;90;200;1000;5.126
35.55122554;34.21937645;3606.245;0;25;45;90;200;1000;5.399
35.55584183;34.22753688;3606.245;1.7692;25;45;90;200;1000;5.672
35.560459;34.23569712;3606.245;1.6455;25;45;90;200;1000;5.962
35.56507707;34.24385718;3606.245;1.6381;25;45;90;200;1000;6.228
35.56969603;34.25201705;3606.245;0.9632;25;45;90;200;1000;6.461
35.57431589;34.26017674;3606.245;0.96823;25;45;90;200;1000;6.678
35.57893664;34.26833625;3606.245;2.4871;25;45;90;200;1000;6.912
35.58355828;34.27649557;3606.245;3.05;25;45;90;200;1000;7.194
35.58818081;34.2846547;3606.245;3.1921;25;45;90;200;1000;7.43
35.59280424;34.29281365;3606.245;1.3531;25;45;90;200;1000;7.668
35.59742857;34.30097242;3606.245;0.54689;25;45;90;200;1000;7.909
35.60205379;34.30913099;3606.245;2.2497;25;45;90;200;1000;8.128
35.6066799;34.31728939;3606.245;2.019;25;45;90;200;1000;8.334
35.61130692;34.3254476;3606.245;0.22286;25;45;90;200;1000;8.585
35.61593483;34.33360562;3606.245;1.4173;25;45;90;200;1000;8.822
35.62056363;34.34176346;3606.245;1.6841;25;45;90;200;1000;9.083
35.62519334;34.34992111;3606.245;2.9188;25;45;90;200;1000;9.305
35.62982394;34.35807858;3606.245;1.7756;25;45;90;200;1000;9.562
35.63445544;34.36623586;3606.245;0.19993;25;45;90;200;1000;9.775
35.63908784;34.37439295;3606.245;0.27216;25;45;90;200;1000;9.979
35.64372114;34.38254986;3606.245;0.71236;25;45;90;200;1000;10.216
35.64835534;34.39070658;3606.245;1.5307;25;45;90;200;1000;10.458
35.65299044;34.39886312;3606.245;1.4398;25;45;90;200;1000;10.704
35.65762644;34.40701947;3606.245;0;25;45;90;200;1000;10.934
35.66226334;34.41517563;3606.245;0;25;45;90;200;1000;11.225
35.66690114;34.42333161;3606.245;0;25;45;90;200;1000;11.519
35.67153984;34.4314874;3606.245;0;25;45;90;200;1000;11.825
35.67617945;34.439643;3606.245;0;25;45;90;200;1000;12.097
35.68081996;34.44779842;3606.245;0;25;45;90;200;1000;12.415
35.68546137;34.45595365;3606.245;0;25;45;90;200;1000;12.673
35.69010369;34.46410869;3606.245;0;25;45;90;200;1000;12.918
35.69474691;34.47226355;3606.245;0;25;45;90;200;1000;13.151
35.69939103;34.48041822;3606.245;0;25;45;90;200;1000;13.351
35.70403606;34.4885727;3606.245;0;25;45;90;200;1000;13.573
35.708682;34.49672699;3606.245;0;25;45;90;200;1000;13.819
35.71332884;34.5048811;3606.245;0;25;45;90;200;1000;14.077
35.71797659;34.51303502;3606.245;0;25;45;90;200;1000;14.379
35.72262524;34.52118875;3606.245;0;25;45;90;200;1000;14.654
35.7272748;34.5293423;3606.245;0;25;45;90;200;1000;14.934
35.73192527;34.53749565;3606.245;0;25;45;90;200;1000;15.148
35.73657665;34.54564882;3606.245;0;25;45;90;200;1000;15.397
35.74122893;34.5538018;3606.245;0;25;45;90;200;1000;15.668
35.74588213;34.5619546;3606.245;0;25;45;90;200;1000;15.982
35.29094061;33.75339072;3747.666;0;25;45;90;200;1000;11.017
35.2955069;33.76156152;3747.666;0.90366;25;45;90;200;1000;10.816
35.30007406;33.76973214;3747.666;2.6941;25;45;90;200;1000;10.646
35.30464209;33.77790258;3747.666;2.9723;25;45;90;200;1000;10.435
35.30921098;33.78607284;3747.666;2.778;25;45;90;200;1000;9.924
35.31378074;33.79424292;3747.666;2.8845;25;45;90;200;1000;9.577
35.31835137;33.80241282;3747.666;2.0643;25;45;90;200;1000;9.379
35.32292288;33.81058254;3747.666;2.3954;25;45;90;200;1000;9.207
35.32749525;33.81875208;3747.666;1.7879;25;45;90;200;1000;9.072
35.33206849;33.82692144;3747.666;0.88983;25;45;90;200;1000;8.895
35.33664261;33.83509063;3747.666;0.35976;25;45;90;200;1000;8.68
35.34121759;33.84325963;3747.666;1.1226;25;45;90;200;1000;8.408
35.34579345;33.85142845;3747.666;1.824;25;45;90;200;1000;8.134
35.35037018;33.85959709;3747.666;3.4329;25;45;90;200;1000;7.79
35.35494778;33.86776554;3747.666;3.4085;25;45;90;200;1000;7.523
35.35952626;33.87593382;3747.666;3.0224;25;45;90;200;1000;7.192
35.36410561;33.88410192;3747.666;1.4643;25;45;90;200;1000;6.862
35.36868583;33.89226984;3747.666;0.79405;25;45;90;200;1000;6.5
35.37326693;33.90043757;3747.666;0.74402;25;45;90;200;1000;6.248
35.3778489;33.90860513;3747.666;0.8174;25;45;90;200;1000;6.055
35.38243175;33.9167725;3747.666;0.50622;25;45;90;200;1000;5.717
35.38701547;33.92493969;3747.666;0.92616;25;45;90;200;1000;5.411
35.39160007;33.93310671;3747.666;0.66305;25;45;90;200;1000;5.08
35.39618555;33.94127354;3747.666;0.68925;25;45;90;200;1000;4.868
35.4007719;33.94944018;3747.666;0.27078;25;45;90;200;1000;4.536
35.40535913;33.95760665;3747.666;0.2253;25;45;90;200;1000;4.305
35.40994724;33.96577294;3747.666;2.1845;25;45;90;200;1000;4.064
35.41453622;33.97393904;3747.666;4.9442;25;45;90;200;1000;3.852
35.41912609;33.98210496;3747.666;6.2264;25;45;90;200;1000;3.624
35.42371683;33.9902707;3747.666;5.9644;25;45;90;200;1000;3.339
35.42830846;33.99843626;3747.666;4.7904;25;45;90;200;1000;3.043
35.43290096;34.00660164;3747.666;2.9297;25;45;90;200;1000;2.819
35.43749434;34.01476683;3747.666;2.8115;25;45;90;200;1000;2.545
35.44208861;34.02293184;3747.666;1.6754;25;45;90;200;1000;2.3
35.44668375;34.03109667;3747.666;1.2227;25;45;90;200;1000;2.124
35.45127978;34.03926132;3747.666;0.99029;25;45;90;200;1000;1.955
35.45587669;34.04742578;3747.666;0.66962;25;45;90;200;1000;1.762
35.46047448;34.05559006;3747.666;0.29383;25;45;90;200;1000;1.581
35.46507315;34.06375416;3747.666;0.94883;25;45;90;200;1000;1.406
35.46967271;34.07191808;3747.666;2.0584;25;45;90;200;1000;1.311
35.47427315;34.08008181;3747.666;4.4005;25;45;90;200;1000;1.204
35.47887448;34.08824537;3747.666;4.2326;25;45;90;200;1000;1.312
35.48347669;34.09640873;3747.666;3.8188;25;45;90;200;1000;1.42
35.48807978;34.10457192;3747.666;2.9938;25;45;90;200;1000;1.675
35.49268376;34.11273492;3747.666;3.6008;25;45;90;200;1000;1.976
35.49728863;34.12089774;3747.666;2.8214;25;45;90;200;1000;2.169
35.50189438;34.12906037;3747.666;1.6011;25;45;90;200;1000;2.464
35.50650102;34.13722283;3747.666;1.5094;25;45;90;200;1000;2.813
35.51110854;34.14538509;3747.666;1.8128;25;45;90;200;1000;3.131
35.51571696;34.15354718;3747.666;3.0129;25;45;90;200;1000;3.428
35.52032626;34.16170908;3747.666;4.2751;25;45;90;200;1000;3.694
35.52493645;34.1698708;3747.666;3.8254;25;45;90;200;1000;3.907
35.52954752;34.17803233;3747.666;3.1627;25;45;90;200;1000;4.128
35.53415949;34.18619368;3747.666;2.3247;25;45;90;200;1000;4.364
35.53877235;34.19435485;3747.666;0.49065;25;45;90;200;1000;4.613
35.54338609;34.20251583;3747.666;0.20734;25;45;90;200;1000;4.865
35.54800073;34.21067662;3747.666;0;25;45;90;200;1000;5.118
35.55261626;34.21883724;3747.666;0.12734;25;45;90;200;1000;5.389
35.55723268;34.22699766;3747.666;2.151;25;45;90;200;1000;5.66
35.56184999;34.23515791;3747.666;1.7904;25;45;90;200;1000;5.945
35.56646819;34.24331797;3747.666;1.6508;25;45;90;200;1000;6.209
35.57108728;34.25147784;3747.666;1.5323;25;45;90;200;1000;6.44
35.57570727;34.25963753;3747.666;0.95013;25;45;90;200;1000;6.661
35.58032815;34.26779704;3747.666;1.9385;25;45;90;200;1000;6.894
35.58494993;34.27595636;3747.666;2.9468;25;45;90;200;1000;7.182
35.5895726;34.28411549;3747.666;3.1843;25;45;90;200;1000;7.428
35.59419616;34.29227444;3747.666;1.325;25;45;90;200;1000;7.684
35.59882062;34.30043321;3747.666;0.87598;25;45;90;200;1000;7.94
35.60344598;34.30859179;3747.666;2.3822;25;45;90;200;1000;8.145
35.60807223;34.31675018;3747.666;2.3631;25;45;90;200;1000;8.36
35.61269938;34.32490839;3747.666;1.482;25;45;90;200;1000;8.6
35.61732742;34.33306642;3747.666;1.581;25;45;90;200;1000;8.862
35.62195636;34.34122426;3747.666;1.6097;25;45;90;200;1000;9.108
35.6265862;34.34938191;3747.666;2.9399;25;45;90;200;1000;9.344
35.63121694;34.35753937;3747.666;2.0606;25;45;90;200;1000;9.577
35.63584858;34.36569666;3747.666;0.31157;25;45;90;200;1000;9.806
35.64048111;34.37385375;3747.666;0.17303;25;45;90;200;1000;10.005
35.64511454;34.38201066;3747.666;0.54575;25;45;90;200;1000;10.263
35.64974888;34.39016738;3747.666;1.2356;25;45;90;200;1000;10.488
35.65438411;34.39832392;3747.666;1.2728;25;45;90;200;1000;10.73
35.65902025;34.40648027;3747.666;0;25;45;90;200;1000;10.989
35.66365728;34.41463643;3747.666;0;25;45;90;200;1000;11.248
35.66829522;34.42279241;3747.666;0;25;45;90;200;1000;11.539
35.67293406;34.4309482;3747.666;0;25;45;90;200;1000;11.837
35.6775738;34.43910381;3747.666;0;25;45;90;200;1000;12.11
35.68221445;34.44725922;3747.666;0;25;45;90;200;1000;12.379
35.686856;34.45541445;3747.666;0;25;45;90;200;1000;12.641
35.69149845;34.4635695;3747.666;0;25;45;90;200;1000;12.892
35.6961418;34.47172435;3747.666;0;25;45;90;200;1000;13.128
35.70078606;34.47987902;3747.666;0;25;45;90;200;1000;13.337
35.70543123;34.48803351;3747.666;0;25;45;90;200;1000;13.565
35.7100773;34.4961878;3747.666;0;25;45;90;200;1000;13.811
35.71472428;34.50434191;3747.666;0;25;45;90;200;1000;14.082
35.71937216;34.51249583;3747.666;0;25;45;90;200;1000;14.373
35.72402095;34.52064956;3747.666;0;25;45;90;200;1000;14.67
35.72867065;34.52880311;3747.666;0;25;45;90;200;1000;14.968
35.73332125;34.53695646;3747.666;0;25;45;90;200;1000;15.199
35.73797276;34.54510963;3747.666;0;25;45;90;200;1000;15.415
35.74262518;34.55326262;3747.666;0;25;45;90;200;1000;15.711
35.74727851;34.56141541;3747.666;0;25;45;90;200;1000;16.009
35.29232376;33.75285146;3889.087;0.12844;25;45;90;200;1000;10.955
35.29689018;33.76102226;3889.087;1.155;25;45;90;200;1000;10.715
35.30145746;33.76919288;3889.087;2.8147;25;45;90;200;1000;10.474
35.30602562;33.77736332;3889.087;2.9595;25;45;90;200;1000;10.286
35.31059465;33.78553358;3889.087;2.6192;25;45;90;200;1000;9.888
35.31516454;33.79370366;3889.087;3.1543;25;45;90;200;1000;9.512
35.3197353;33.80187356;3889.087;2.202;25;45;90;200;1000;9.313
35.32430694;33.81004329;3889.087;2.5632;25;45;90;200;1000;9.137
35.32887944;33.81821283;3889.087;1.786;25;45;90;200;1000;8.995
35.33345281;33.82638219;3889.087;0.93242;25;45;90;200;1000;8.847
35.33802706;33.83455137;3889.087;0.49667;25;45;90;200;1000;8.594
35.34260218;33.84272037;3889.087;1.2957;25;45;90;200;1000;8.351
35.34717817;33.85088919;3889.087;1.6489;25;45;90;200;1000;8.033
35.35175503;33.85905783;3889.087;3.1982;25;45;90;200;1000;7.764
35.35633276;33.86722629;3889.087;3.9441;25;45;90;200;1000;7.457
35.36091137;33.87539457;3889.087;3.0435;25;45;90;200;1000;7.169
35.36549085;33.88356267;3889.087;1.7538;25;45;90;200;1000;6.838
35.37007121;33.89173059;3889.087;0.66537;25;45;90;200;1000;6.471
35.37465244;33.89989832;3889.087;0.69993;25;45;90;200;1000;6.179
35.37923454;33.90806588;3889.087;0.59647;25;45;90;200;1000;5.931
35.38381752;33.91623325;3889.087;0.47116;25;45;90;200;1000;5.614
35.38840138;33.92440045;3889.087;0.57926;25;45;90;200;1000;5.37
35.39298611;33.93256746;3889.087;0.56014;25;45;90;200;1000;5.039
35.39757172;33.94073429;3889.087;0.67546;25;45;90;200;1000;4.811
35.4021582;33.94890094;3889.087;0.3822;25;45;90;200;1000;4.517
35.40674556;33.95706741;3889.087;0.49021;25;45;90;200;1000;4.261
35.41133381;33.96523369;3889.087;2.2217;25;45;90;200;1000;4.01
35.41592292;33.9733998;3889.087;5.1494;25;45;90;200;1000;3.783
35.42051292;33.98156572;3889.087;6.5547;25;45;90;200;1000;3.554
35.4251038;33.98973146;3889.087;6.2248;25;45;90;200;1000;3.308
35.42969555;33.99789702;3889.087;5.5516;25;45;90;200;1000;3.023
35.43428819;34.00606239;3889.087;2.8313;25;45;90;200;1000;2.782
35.43888171;34.01422759;3889.087;3.1363;25;45;90;200;1000;2.511
35.4434761;34.0223926;3889.087;2.0326;25;45;90;200;1000;2.275
35.44807138;34.03055743;3889.087;1.2937;25;45;90;200;1000;2.074
35.45266754;34.03872208;3889.087;1.0325;25;45;90;200;1000;1.909
35.45726458;34.04688654;3889.087;0.39531;25;45;90;200;1000;1.69
35.46186251;34.05505083;3889.087;0.088611;25;45;90;200;1000;1.536
35.46646131;34.06321493;3889.087;0.87794;25;45;90;200;1000;1.319
35.471061;34.07137884;3889.087;2.1706;25;45;90;200;1000;1.211
35.47566158;34.07954258;3889.087;4.3254;25;45;90;200;1000;1.136
35.48026304;34.08770613;3889.087;4.1571;25;45;90;200;1000;1.233
35.48486538;34.0958695;3889.087;3.5809;25;45;90;200;1000;1.354
35.48946861;34.10403268;3889.087;3.0529;25;45;90;200;1000;1.629
35.49407272;34.11219569;3889.087;3.8034;25;45;90;200;1000;1.893
35.49867772;34.1203585;3889.087;2.7741;25;45;90;200;1000;2.126
35.5032836;34.12852114;3889.087;1.956;25;45;90;200;1000;2.438
35.50789038;34.13668359;3889.087;1.3539;25;45;90;200;1000;2.753
35.51249804;34.14484586;3889.087;1.4845;25;45;90;200;1000;3.069
35.51710658;34.15300795;3889.087;2.9928;25;45;90;200;1000;3.369
35.52171602;34.16116985;3889.087;4.3188;25;45;90;200;1000;3.638
35.52632634;34.16933157;3889.087;4.0812;25;45;90;200;1000;3.846
35.53093755;34.1774931;3889.087;3.4934;25;45;90;200;1000;4.08
35.53554965;34.18565445;3889.087;2.0112;25;45;90;200;1000;4.342
35.54016264;34.19381562;3889.087;0.54575;25;45;90;200;1000;4.595
35.54477652;34.2019766;3889.087;0.23338;25;45;90;200;1000;4.867
35.54939129;34.2101374;3889.087;0;25;45;90;200;1000;5.136
35.55400695;34.21829801;3889.087;0.27078;25;45;90;200;1000;5.398
35.55862351;34.22645844;3889.087;2.252;25;45;90;200;1000;5.666
35.56324095;34.23461868;3889.087;1.8563;25;45;90;200;1000;5.927
35.56785929;34.24277874;3889.087;1.7554;25;45;90;200;1000;6.196
35.57247852;34.25093862;3889.087;1.854;25;45;90;200;1000;6.433
35.57709864;34.25909831;3889.087;1.1321;25;45;90;200;1000;6.657
35.58171966;34.26725781;3889.087;1.6341;25;45;90;200;1000;6.895
35.58634157;34.27541714;3889.087;2.696;25;45;90;200;1000;7.201
35.59096437;34.28357627;3889.087;2.8697;25;45;90;200;1000;7.478
35.59558807;34.29173522;3889.087;1.54;25;45;90;200;1000;7.72
35.60021266;34.29989399;3889.087;1.1013;25;45;90;200;1000;7.971
35.60483815;34.30805257;3889.087;2.6028;25;45;90;200;1000;8.169
35.60946454;34.31621096;3889.087;2.7459;25;45;90;200;1000;8.379
35.61409182;34.32436917;3889.087;2.167;25;45;90;200;1000;8.624
35.61872;34.3325272;3889.087;1.6401;25;45;90;200;1000;8.872
35.62334908;34.34068504;3889.087;1.6269;25;45;90;200;1000;9.141
35.62797905;34.34884269;3889.087;3.1865;25;45;90;200;1000;9.4
35.63260992;34.35700016;3889.087;2.137;25;45;90;200;1000;9.596
35.63724169;34.36515744;3889.087;0.46674;25;45;90;200;1000;9.816
35.64187436;34.37331453;3889.087;0.13608;25;45;90;200;1000;10.037
35.64650793;34.38147144;3889.087;0.64289;25;45;90;200;1000;10.308
35.6511424;34.38962817;3889.087;0.85875;25;45;90;200;1000;10.531
35.65577777;34.3977847;3889.087;1.1732;25;45;90;200;1000;10.751
35.66041404;34.40594106;3889.087;0;25;45;90;200;1000;10.998
35.66505121;34.41409722;3889.087;0;25;45;90;200;1000;11.267
35.66968928;34.4222532;3889.087;0;25;45;90;200;1000;11.568
35.67432826;34.43040899;3889.087;0;25;45;90;200;1000;11.854
35.67896814;34.43856459;3889.087;0;25;45;90;200;1000;12.137
35.68360892;34.44672001;3889.087;0;25;45;90;200;1000;12.39
35.6882506;34.45487524;3889.087;0;25;45;90;200;1000;12.647
35.69289319;34.46303029;3889.087;0;25;45;90;200;1000;12.897
35.69753668;34.47118514;3889.087;0;25;45;90;200;1000;13.13
35.70218108;34.47933982;3889.087;0;25;45;90;200;1000;13.342
35.70682638;34.4874943;3889.087;0;25;45;90;200;1000;13.573
35.71147258;34.49564859;3889.087;0;25;45;90;200;1000;13.829
35.7161197;34.5038027;3889.087;0;25;45;90;200;1000;14.098
35.72076771;34.51195662;3889.087;0;25;45;90;200;1000;14.386
35.72541664;34.52011036;3889.087;0;25;45;90;200;1000;14.685
35.73006647;34.5282639;3889.087;0;25;45;90;200;1000;14.992
35.73471721;34.53641726;3889.087;0;25;45;90;200;1000;15.266
35.73936886;34.54457043;3889.087;0;25;45;90;200;1000;15.459
35.74402142;34.55272341;3889.087;0;25;45;90;200;1000;15.767
35.74867488;34.56087621;3889.087;0;25;45;90;200;1000;16.078
35.29370688;33.75231218;4030.509;0.2253;25;45;90;200;1000;10.867
35.29827343;33.76048298;4030.509;1.4448;25;45;90;200;1000;10.663
35.30284085;33.7686536;4030.509;2.9456;25;45;90;200;1000;10.421
35.30740914;33.77682404;4030.509;2.8974;25;45;90;200;1000;10.155
35.31197829;33.78499431;4030.509;3.1256;25;45;90;200;1000;9.822
35.31654832;33.79316439;4030.509;3.0208;25;45;90;200;1000;9.47
35.32111921;33.80133429;4030.509;2.3084;25;45;90;200;1000;9.239
35.32569098;33.80950401;4030.509;2.5521;25;45;90;200;1000;9.051
35.33026361;33.81767356;4030.509;1.7309;25;45;90;200;1000;8.919
35.33483712;33.82584292;4030.509;0.91582;25;45;90;200;1000;8.788
35.3394115;33.8340121;4030.509;0.50253;25;45;90;200;1000;8.509
35.34398675;33.8421811;4030.509;1.3232;25;45;90;200;1000;8.272
35.34856287;33.85034992;4030.509;1.8688;25;45;90;200;1000;7.946
35.35313986;33.85851856;4030.509;3.0617;25;45;90;200;1000;7.653
35.35771773;33.86668702;4030.509;4.1686;25;45;90;200;1000;7.385
35.36229647;33.8748553;4030.509;3.0148;25;45;90;200;1000;7.122
35.36687608;33.8830234;4030.509;1.8232;25;45;90;200;1000;6.802
35.37145657;33.89119132;4030.509;0.86423;25;45;90;200;1000;6.453
35.37603793;33.89935906;4030.509;0.78098;25;45;90;200;1000;6.149
35.38062016;33.90752661;4030.509;0.95699;25;45;90;200;1000;5.854
35.38520328;33.91569399;4030.509;0.81911;25;45;90;200;1000;5.558
35.38978726;33.92386118;4030.509;0.40098;25;45;90;200;1000;5.31
35.39437213;33.93202819;4030.509;0.298;25;45;90;200;1000;5.015
35.39895787;33.94019503;4030.509;0.4181;25;45;90;200;1000;4.769
35.40354449;33.94836168;4030.509;0.46198;25;45;90;200;1000;4.506
35.40813198;33.95652814;4030.509;0.88236;25;45;90;200;1000;4.227
35.41272035;33.96469443;4030.509;2.8057;25;45;90;200;1000;3.984
35.41730961;33.97286053;4030.509;5.5184;25;45;90;200;1000;3.725
35.42189974;33.98102646;4030.509;6.6656;25;45;90;200;1000;3.498
35.42649075;33.9891922;4030.509;6.857;25;45;90;200;1000;3.274
35.43108263;33.99735776;4030.509;6.0578;25;45;90;200;1000;2.988
35.4356754;34.00552314;4030.509;3.6999;25;45;90;200;1000;2.725
35.44026905;34.01368833;4030.509;3.0147;25;45;90;200;1000;2.492
35.44486358;34.02185334;4030.509;2.2624;25;45;90;200;1000;2.217
35.44945899;34.03001817;4030.509;1.3448;25;45;90;200;1000;2.021
35.45405528;34.03818282;4030.509;1.2304;25;45;90;200;1000;1.863
35.45865246;34.04634729;4030.509;0.15923;25;45;90;200;1000;1.63
35.46325052;34.05451157;4030.509;0;25;45;90;200;1000;1.516
35.46784946;34.06267567;4030.509;0.95964;25;45;90;200;1000;1.256
35.47244928;34.07083959;4030.509;2.1232;25;45;90;200;1000;1.109
35.47704999;34.07900332;4030.509;4.0294;25;45;90;200;1000;1.065
35.48165158;34.08716688;4030.509;4.2596;25;45;90;200;1000;1.161
35.48625405;34.09533025;4030.509;3.213;25;45;90;200;1000;1.283
35.49085742;34.10349343;4030.509;3.3725;25;45;90;200;1000;1.571
35.49546166;34.11165643;4030.509;4.0307;25;45;90;200;1000;1.811
35.50006679;34.11981925;4030.509;2.6881;25;45;90;200;1000;2.072
35.50467281;34.12798189;4030.509;2.1045;25;45;90;200;1000;2.396
35.50927972;34.13614434;4030.509;1.3074;25;45;90;200;1000;2.671
35.51388751;34.14430661;4030.509;1.2959;25;45;90;200;1000;2.971
35.51849619;34.1524687;4030.509;2.9889;25;45;90;200;1000;3.29
35.52310576;34.1606306;4030.509;4.1921;25;45;90;200;1000;3.57
35.52771621;34.16879232;4030.509;4.0255;25;45;90;200;1000;3.812
35.53232756;34.17695385;4030.509;3.5;25;45;90;200;1000;4.038
35.53693979;34.1851152;4030.509;1.9184;25;45;90;200;1000;4.295
35.54155292;34.19327637;4030.509;0.57628;25;45;90;200;1000;4.575
35.54616693;34.20143735;4030.509;0.29788;25;45;90;200;1000;4.855
35.55078184;34.20959815;4030.509;0;25;45;90;200;1000;5.163
35.55539763;34.21775877;4030.509;0.328;25;45;90;200;1000;5.421
35.56001432;34.2259192;4030.509;2.2213;25;45;90;200;1000;5.696
35.5646319;34.23407944;4030.509;1.828;25;45;90;200;1000;5.93
35.56925037;34.2422395;4030.509;1.8871;25;45;90;200;1000;6.194
35.57386973;34.25039938;4030.509;1.8523;25;45;90;200;1000;6.447
35.57848999;34.25855907;4030.509;1.2478;25;45;90;200;1000;6.678
35.58311114;34.26671858;4030.509;1.3362;25;45;90;200;1000;6.936
35.58773318;34.2748779;4030.509;2.4579;25;45;90;200;1000;7.191
35.59235612;34.28303703;4030.509;2.3762;25;45;90;200;1000;7.517
35.59697996;34.29119599;4030.509;1.4775;25;45;90;200;1000;7.79
35.60160469;34.29935475;4030.509;1.2788;25;45;90;200;1000;8.021
35.60623031;34.30751333;4030.509;2.6276;25;45;90;200;1000;8.22
35.61085683;34.31567173;4030.509;2.7005;25;45;90;200;1000;8.416
35.61548425;34.32382994;4030.509;2.5498;25;45;90;200;1000;8.65
35.62011256;34.33198796;4030.509;1.6168;25;45;90;200;1000;8.92
35.62474177;34.3401458;4030.509;1.5221;25;45;90;200;1000;9.181
35.62937188;34.34830346;4030.509;3.3614;25;45;90;200;1000;9.425
35.63400289;34.35646092;4030.509;2.1646;25;45;90;200;1000;9.632
35.63863479;34.36461821;4030.509;0.52719;25;45;90;200;1000;9.842
35.6432676;34.3727753;4030.509;0;25;45;90;200;1000;10.075
35.6479013;34.38093221;4030.509;0.58699;25;45;90;200;1000;10.328
35.65253591;34.38908894;4030.509;0.71351;25;45;90;200;1000;10.561
35.65717141;34.39724547;4030.509;1.213;25;45;90;200;1000;10.774
35.66180782;34.40540183;4030.509;0;25;45;90;200;1000;11.018
35.66644512;34.41355799;4030.509;0;25;45;90;200;1000;11.292
35.67108333;34.42171397;4030.509;0;25;45;90;200;1000;11.586
35.67572244;34.42986976;4030.509;0;25;45;90;200;1000;11.868
35.68036245;34.43802537;4030.509;0;25;45;90;200;1000;12.161
35.68500337;34.44618079;4030.509;0;25;45;90;200;1000;12.411
35.68964519;34.45433602;4030.509;0;25;45;90;200;1000;12.669
35.69428791;34.46249106;4030.509;0;25;45;90;200;1000;12.932
35.69893154;34.47064592;4030.509;0;25;45;90;200;1000;13.152
35.70357607;34.47880059;4030.509;0;25;45;90;200;1000;13.356
35.70822151;34.48695507;4030.509;0;25;45;90;200;1000;13.599
35.71286785;34.49510937;4030.509;0;25;45;90;200;1000;13.847
35.7175151;34.50326348;4030.509;0;25;45;90;200;1000;14.136
35.72216325;34.5114174;4030.509;0;25;45;90;200;1000;14.421
35.72681231;34.51957114;4030.509;0;25;45;90;200;1000;14.741
35.73146228;34.52772468;4030.509;0;25;45;90;200;1000;15.096
35.73611316;34.53587804;4030.509;0;25;45;90;200;1000;15.341
35.74076494;34.54403121;4030.509;0;25;45;90;200;1000;15.58
35.74541764;34.55218419;4030.509;0;25;45;90;200;1000;15.809
35.75007124;34.56033699;4030.509;0;25;45;90;200;1000;16.151
35.29508998;33.75177289;4171.93;0.41311;25;45;90;200;1000;10.838
35.29965667;33.75994369;4171.93;1.4021;25;45;90;200;1000;10.584
35.30422422;33.76811431;4171.93;2.9137;25;45;90;200;1000;10.382
35.30879264;33.77628475;4171.93;2.9146;25;45;90;200;1000;10.06
35.31336192;33.78445502;4171.93;3.268;25;45;90;200;1000;9.748
35.31793208;33.7926251;4171.93;2.9414;25;45;90;200;1000;9.455
35.32250311;33.800795;4171.93;2.4122;25;45;90;200;1000;9.188
35.327075;33.80896473;4171.93;2.3527;25;45;90;200;1000;9.013
35.33164777;33.81713427;4171.93;1.6727;25;45;90;200;1000;8.846
35.33622141;33.82530363;4171.93;1.0747;25;45;90;200;1000;8.7
35.34079592;33.83347281;4171.93;0.57233;25;45;90;200;1000;8.445
35.3453713;33.84164182;4171.93;1.2335;25;45;90;200;1000;8.213
35.34994755;33.84981064;4171.93;1.8048;25;45;90;200;1000;7.904
35.35452467;33.85797928;4171.93;2.7244;25;45;90;200;1000;7.589
35.35910267;33.86614774;4171.93;4.2051;25;45;90;200;1000;7.316
35.36368154;33.87431602;4171.93;2.9481;25;45;90;200;1000;7.048
35.36826129;33.88248412;4171.93;1.8118;25;45;90;200;1000;6.74
35.37284191;33.89065204;4171.93;1.1525;25;45;90;200;1000;6.435
35.3774234;33.89881978;4171.93;1.2538;25;45;90;200;1000;6.103
35.38200577;33.90698733;4171.93;1.0379;25;45;90;200;1000;5.785
35.38658901;33.91515471;4171.93;0.98353;25;45;90;200;1000;5.525
35.39117313;33.9233219;4171.93;0.50635;25;45;90;200;1000;5.263
35.39575813;33.93148892;4171.93;0;25;45;90;200;1000;4.994
35.400344;33.93965575;4171.93;0.23338;25;45;90;200;1000;4.747
35.40493075;33.9478224;4171.93;0.58229;25;45;90;200;1000;4.504
35.40951838;33.95598887;4171.93;1.7027;25;45;90;200;1000;4.209
35.41410689;33.96415515;4171.93;3.1886;25;45;90;200;1000;3.932
35.41869627;33.97232126;4171.93;5.9788;25;45;90;200;1000;3.672
35.42328653;33.98048718;4171.93;6.8414;25;45;90;200;1000;3.46
35.42787767;33.98865292;4171.93;7.3541;25;45;90;200;1000;3.192
35.4324697;33.99681848;4171.93;6.4043;25;45;90;200;1000;2.914
35.4370626;34.00498386;4171.93;4.3456;25;45;90;200;1000;2.674
35.44165638;34.01314906;4171.93;3.1253;25;45;90;200;1000;2.438
35.44625104;34.02131407;4171.93;2.3386;25;45;90;200;1000;2.179
35.45084658;34.0294789;4171.93;1.724;25;45;90;200;1000;1.961
35.45544301;34.03764355;4171.93;1.214;25;45;90;200;1000;1.779
35.46004032;34.04580802;4171.93;0.17303;25;45;90;200;1000;1.573
35.46463851;34.0539723;4171.93;0;25;45;90;200;1000;1.493
35.46923758;34.0621364;4171.93;0.68465;25;45;90;200;1000;1.167
35.47383754;34.07030032;4171.93;1.8132;25;45;90;200;1000;1.025
35.47843838;34.07846406;4171.93;3.7957;25;45;90;200;1000;0.984
35.4830401;34.08662761;4171.93;3.9717;25;45;90;200;1000;1.096
35.48764271;34.09479098;4171.93;3.5068;25;45;90;200;1000;1.238
35.49224621;34.10295417;4171.93;3.778;25;45;90;200;1000;1.528
35.49685059;34.11111717;4171.93;3.7864;25;45;90;200;1000;1.793
35.50145585;34.11927999;4171.93;2.7296;25;45;90;200;1000;2.062
35.506062;34.12744263;4171.93;2.1062;25;45;90;200;1000;2.353
35.51066904;34.13560508;4171.93;0.76396;25;45;90;200;1000;2.641
35.51527697;34.14376735;4171.93;1.0038;25;45;90;200;1000;2.95
35.51988578;34.15192944;4171.93;2.9653;25;45;90;200;1000;3.256
35.52449548;34.16009134;4171.93;3.9772;25;45;90;200;1000;3.522
35.52910607;34.16825306;4171.93;4.1013;25;45;90;200;1000;3.793
35.53371755;34.17641459;4171.93;3.6459;25;45;90;200;1000;4.019
35.53832992;34.18457594;4171.93;1.7747;25;45;90;200;1000;4.275
35.54294318;34.19273711;4171.93;0.58611;25;45;90;200;1000;4.565
35.54755733;34.20089809;4171.93;0.96289;25;45;90;200;1000;4.848
35.55217236;34.20905889;4171.93;0.64775;25;45;90;200;1000;5.134
35.55678829;34.21721951;4171.93;0.34497;25;45;90;200;1000;5.42
35.56140512;34.22537994;4171.93;1.8895;25;45;90;200;1000;5.691
35.56602283;34.23354018;4171.93;1.7185;25;45;90;200;1000;5.948
35.57064143;34.24170024;4171.93;1.9169;25;45;90;200;1000;6.213
35.57526093;34.24986012;4171.93;1.3509;25;45;90;200;1000;6.458
35.57988132;34.25801981;4171.93;1.0733;25;45;90;200;1000;6.689
35.58450261;34.26617932;4171.93;1.1609;25;45;90;200;1000;6.962
35.58912479;34.27433864;4171.93;2.1273;25;45;90;200;1000;7.205
35.59374786;34.28249778;4171.93;1.5922;25;45;90;200;1000;7.516
35.59837183;34.29065673;4171.93;1.1561;25;45;90;200;1000;7.771
35.60299669;34.2988155;4171.93;1.7133;25;45;90;200;1000;8.051
35.60762245;34.30697408;4171.93;2.8121;25;45;90;200;1000;8.27
35.6122491;34.31513248;4171.93;2.9333;25;45;90;200;1000;8.453
35.61687665;34.32329069;4171.93;2.5439;25;45;90;200;1000;8.685
35.6215051;34.33144871;4171.93;2.0707;25;45;90;200;1000;8.966
35.62613445;34.33960655;4171.93;1.2919;25;45;90;200;1000;9.228
35.63076469;34.34776421;4171.93;3.416;25;45;90;200;1000;9.501
35.63539583;34.35592168;4171.93;2.0839;25;45;90;200;1000;9.697
35.64002787;34.36407896;4171.93;0.46674;25;45;90;200;1000;9.881
35.64466081;34.37223606;4171.93;0;25;45;90;200;1000;10.121
35.64929465;34.38039297;4171.93;0.39307;25;45;90;200;1000;10.349
35.65392939;34.38854969;4171.93;0.6062;25;45;90;200;1000;10.597
35.65856503;34.39670623;4171.93;0.82854;25;45;90;200;1000;10.823
35.66320157;34.40486258;4171.93;0;25;45;90;200;1000;11.045
35.66783901;34.41301875;4171.93;0;25;45;90;200;1000;11.348
35.67247736;34.42117473;4171.93;0;25;45;90;200;1000;11.646
35.6771166;34.42933052;4171.93;0;25;45;90;200;1000;11.894
35.68175675;34.43748612;4171.93;0;25;45;90;200;1000;12.183
35.6863978;34.44564154;4171.93;0;25;45;90;200;1000;12.44
35.69103976;34.45379678;4171.93;0;25;45;90;200;1000;12.697
35.69568261;34.46195182;4171.93;0;25;45;90;200;1000;12.954
35.70032638;34.47010668;4171.93;0;25;45;90;200;1000;13.172
35.70497104;34.47826135;4171.93;0;25;45;90;200;1000;13.393
35.70961662;34.48641583;4171.93;0;25;45;90;200;1000;13.624
35.7142631;34.49457013;4171.93;0;25;45;90;200;1000;13.904
35.71891048;34.50272424;4171.93;0;25;45;90;200;1000;14.15
35.72355877;34.51087816;4171.93;0;25;45;90;200;1000;14.429
35.72820797;34.5190319;4171.93;0;25;45;90;200;1000;14.763
35.73285807;34.52718544;4171.93;0;25;45;90;200;1000;15.206
35.73750908;34.5353388;4171.93;0;25;45;90;200;1000;15.421
35.742161;34.54349198;4171.93;0;25;45;90;200;1000;15.643
35.74681383;34.55164496;4171.93;0;25;45;90;200;1000;15.876
35.75146757;34.55979775;4171.93;0;25;45;90;200;1000;16.166
35.29647307;33.75123358;4313.351;0.47243;25;45;90;200;1000;10.793
35.30103989;33.75940438;4313.351;1.3047;25;45;90;200;1000;10.528
35.30560757;33.76757501;4313.351;2.6923;25;45;90;200;1000;10.322
35.31017612;33.77574545;4313.351;2.6349;25;45;90;200;1000;10.03
35.31474554;33.78391571;4313.351;3.2338;25;45;90;200;1000;9.707
35.31931583;33.7920858;4313.351;3.1271;25;45;90;200;1000;9.438
35.32388698;33.8002557;4313.351;2.722;25;45;90;200;1000;9.161
35.32845901;33.80842542;4313.351;2.6462;25;45;90;200;1000;8.96
35.33303191;33.81659497;4313.351;1.6782;25;45;90;200;1000;8.775
35.33760568;33.82476433;4313.351;1.16;25;45;90;200;1000;8.607
35.34218032;33.83293351;4313.351;0.28854;25;45;90;200;1000;8.388
35.34675583;33.84110252;4313.351;1.0123;25;45;90;200;1000;8.159
35.35133222;33.84927134;4313.351;1.7015;25;45;90;200;1000;7.876
35.35590947;33.85743998;4313.351;2.6056;25;45;90;200;1000;7.554
35.3604876;33.86560844;4313.351;4.0849;25;45;90;200;1000;7.241
35.3650666;33.87377672;4313.351;3.0015;25;45;90;200;1000;7.007
35.36964648;33.88194482;4313.351;1.8705;25;45;90;200;1000;6.689
35.37422723;33.89011274;4313.351;1.403;25;45;90;200;1000;6.399
35.37880886;33.89828048;4313.351;1.7107;25;45;90;200;1000;6.052
35.38339136;33.90644804;4313.351;1.1778;25;45;90;200;1000;5.772
35.38797474;33.91461541;4313.351;0.87435;25;45;90;200;1000;5.499
35.39255899;33.92278261;4313.351;0.6055;25;45;90;200;1000;5.228
35.39714412;33.93094962;4313.351;0;25;45;90;200;1000;4.959
35.40173012;33.93911645;4313.351;0.20507;25;45;90;200;1000;4.707
35.406317;33.9472831;4313.351;0.66472;25;45;90;200;1000;4.463
35.41090476;33.95544957;4313.351;1.8858;25;45;90;200;1000;4.193
35.4154934;33.96361586;4313.351;3.5518;25;45;90;200;1000;3.91
35.42008292;33.97178197;4313.351;6.2141;25;45;90;200;1000;3.648
35.42467331;33.97994789;4313.351;7.3318;25;45;90;200;1000;3.417
35.42926459;33.98811363;4313.351;7.796;25;45;90;200;1000;3.147
35.43385674;33.99627919;4313.351;7.0596;25;45;90;200;1000;2.867
35.43844977;34.00444457;4313.351;4.6797;25;45;90;200;1000;2.611
35.44304369;34.01260977;4313.351;3.2026;25;45;90;200;1000;2.389
35.44763848;34.02077478;4313.351;2.6027;25;45;90;200;1000;2.125
35.45223416;34.02893961;4313.351;1.8117;25;45;90;200;1000;1.894
35.45683072;34.03710426;4313.351;1.1205;25;45;90;200;1000;1.69
35.46142816;34.04526873;4313.351;0.13608;25;45;90;200;1000;1.496
35.46602648;34.05343301;4313.351;0.16375;25;45;90;200;1000;1.417
35.47062569;34.06159712;4313.351;0.26342;25;45;90;200;1000;1.111
35.47522578;34.06976104;4313.351;2.2494;25;45;90;200;1000;0.976
35.47982675;34.07792477;4313.351;3.2386;25;45;90;200;1000;0.917
35.48442861;34.08608832;4313.351;3.7877;25;45;90;200;1000;1.018
35.48903135;34.0942517;4313.351;3.8091;25;45;90;200;1000;1.188
35.49363498;34.10241488;4313.351;4.1262;25;45;90;200;1000;1.492
35.49823949;34.11057789;4313.351;3.7612;25;45;90;200;1000;1.778
35.50284489;34.11874071;4313.351;2.7503;25;45;90;200;1000;2.059
35.50745118;34.12690334;4313.351;1.839;25;45;90;200;1000;2.35
35.51205835;34.1350658;4313.351;0.37353;25;45;90;200;1000;2.637
35.51666641;34.14322807;4313.351;0.74426;25;45;90;200;1000;2.945
35.52127535;34.15139016;4313.351;2.7322;25;45;90;200;1000;3.236
35.52588519;34.15955206;4313.351;3.6947;25;45;90;200;1000;3.512
35.53049591;34.16771378;4313.351;3.8162;25;45;90;200;1000;3.752
35.53510753;34.17587532;4313.351;3.6659;25;45;90;200;1000;4.003
35.53972003;34.18403667;4313.351;1.8445;25;45;90;200;1000;4.269
35.54433342;34.19219783;4313.351;0.59943;25;45;90;200;1000;4.566
35.5489477;34.20035882;4313.351;1.4081;25;45;90;200;1000;4.864
35.55356287;34.20851962;4313.351;1.1407;25;45;90;200;1000;5.136
35.55817894;34.21668023;4313.351;0.76782;25;45;90;200;1000;5.425
35.56279589;34.22484066;4313.351;1.4867;25;45;90;200;1000;5.693
35.56741374;34.23300091;4313.351;1.498;25;45;90;200;1000;5.956
35.57203248;34.24116097;4313.351;1.8568;25;45;90;200;1000;6.207
35.57665211;34.24932085;4313.351;0.84216;25;45;90;200;1000;6.444
35.58127264;34.25748054;4313.351;0.95068;25;45;90;200;1000;6.685
35.58589406;34.26564005;4313.351;1.0263;25;45;90;200;1000;6.949
35.59051637;34.27379937;4313.351;1.4198;25;45;90;200;1000;7.228
35.59513958;34.28195851;4313.351;1.0761;25;45;90;200;1000;7.482
35.59976368;34.29011746;4313.351;1.8363;25;45;90;200;1000;7.757
35.60438868;34.29827623;4313.351;2.1496;25;45;90;200;1000;8.037
35.60901457;34.30643481;4313.351;2.9438;25;45;90;200;1000;8.296
35.61364136;34.31459321;4313.351;3.2512;25;45;90;200;1000;8.512
35.61826904;34.32275142;4313.351;2.6537;25;45;90;200;1000;8.775
35.62289763;34.33090945;4313.351;2.0253;25;45;90;200;1000;9.018
35.62752711;34.33906729;4313.351;1.2752;25;45;90;200;1000;9.317
35.63215749;34.34722494;4313.351;3.512;25;45;90;200;1000;9.543
35.63678876;34.35538241;4313.351;2.181;25;45;90;200;1000;9.744
35.64142094;34.36353969;4313.351;0.87136;25;45;90;200;1000;9.934
35.64605401;34.37169679;4313.351;0.56528;25;45;90;200;1000;10.179
35.65068799;34.3798537;4313.351;0;25;45;90;200;1000;10.377
35.65532286;34.38801043;4313.351;0.4722;25;45;90;200;1000;10.615
35.65995864;34.39616697;4313.351;0.52291;25;45;90;200;1000;10.838
35.66459531;34.40432332;4313.351;0;25;45;90;200;1000;11.09
35.66923289;34.41247949;4313.351;0;25;45;90;200;1000;11.373
35.67387137;34.42063546;4313.351;0;25;45;90;200;1000;11.684
35.67851075;34.42879126;4313.351;0;25;45;90;200;1000;11.922
35.68315103;34.43694686;4313.351;0;25;45;90;200;1000;12.22
35.68779222;34.44510228;4313.351;0;25;45;90;200;1000;12.462
35.69243431;34.45325752;4313.351;0;25;45;90;200;1000;12.712
35.6970773;34.46141256;4313.351;0;25;45;90;200;1000;12.973
35.7017212;34.46956742;4313.351;0;25;45;90;200;1000;13.208
35.706366;34.47772209;4313.351;0;25;45;90;200;1000;13.417
35.71101171;34.48587658;4313.351;0;25;45;90;200;1000;13.641
35.71565832;34.49403088;4313.351;0;25;45;90;200;1000;13.932
35.72030584;34.50218499;4313.351;0;25;45;90;200;1000;14.17
35.72495427;34.51033891;4313.351;0;25;45;90;200;1000;14.451
35.7296036;34.51849264;4313.351;0;25;45;90;200;1000;14.797
35.73425384;34.52664619;4313.351;0;25;45;90;200;1000;15.173
35.73890499;34.53479955;4313.351;0;25;45;90;200;1000;15.513
35.74355705;34.54295272;4313.351;0;25;45;90;200;1000;15.694
35.74821001;34.55110571;4313.351;0;25;45;90;200;1000;15.935
35.75286389;34.5592585;4313.351;0;25;45;90;200;1000;16.206
35.29785614;33.75069426;4454.773;0.39769;25;45;90;200;1000;10.776
35.30242309;33.75886506;4454.773;1.167;25;45;90;200;1000;10.491
35.3069909;33.76703568;4454.773;2.6785;25;45;90;200;1000;10.281
35.31155958;33.77520613;4454.773;2.3798;25;45;90;200;1000;10.026
35.31612913;33.78337639;4454.773;3.054;25;45;90;200;1000;9.704
35.32069955;33.79154648;4454.773;3.0767;25;45;90;200;1000;9.434
35.32527084;33.79971638;4454.773;3.4346;25;45;90;200;1000;9.148
35.329843;33.8078861;4454.773;2.7488;25;45;90;200;1000;8.904
35.33441603;33.81605565;4454.773;1.7919;25;45;90;200;1000;8.69
35.33898993;33.82422501;4454.773;1.1429;25;45;90;200;1000;8.537
35.3435647;33.8323942;4454.773;0.16897;25;45;90;200;1000;8.299
35.34814035;33.8405632;4454.773;0.89392;25;45;90;200;1000;8.102
35.35271686;33.84873202;4454.773;1.625;25;45;90;200;1000;7.82
35.35729425;33.85690066;4454.773;2.984;25;45;90;200;1000;7.519
35.36187251;33.86506913;4454.773;3.7653;25;45;90;200;1000;7.199
35.36645165;33.87323741;4454.773;2.8785;25;45;90;200;1000;6.956
35.37103166;33.88140551;4454.773;1.6967;25;45;90;200;1000;6.663
35.37561254;33.88957343;4454.773;1.463;25;45;90;200;1000;6.379
35.3801943;33.89774117;4454.773;1.8434;25;45;90;200;1000;6.05
35.38477693;33.90590872;4454.773;1.2101;25;45;90;200;1000;5.77
35.38936044;33.9140761;4454.773;1.0135;25;45;90;200;1000;5.486
35.39394482;33.9222433;4454.773;1.1487;25;45;90;200;1000;5.188
35.39853008;33.93041031;4454.773;0.13823;25;45;90;200;1000;4.921
35.40311622;33.93857714;4454.773;0.51101;25;45;90;200;1000;4.673
35.40770324;33.94674379;4454.773;0.72235;25;45;90;200;1000;4.407
35.41229113;33.95491026;4454.773;2.0321;25;45;90;200;1000;4.136
35.4168799;33.96307655;4454.773;4.1464;25;45;90;200;1000;3.882
35.42146955;33.97124266;4454.773;6.1316;25;45;90;200;1000;3.612
35.42606007;33.97940858;4454.773;7.6308;25;45;90;200;1000;3.358
35.43065148;33.98757433;4454.773;8.2523;25;45;90;200;1000;3.124
35.43524377;33.99573989;4454.773;7.4568;25;45;90;200;1000;2.842
35.43983693;34.00390527;4454.773;4.9296;25;45;90;200;1000;2.58
35.44443098;34.01207046;4454.773;3.2835;25;45;90;200;1000;2.319
35.44902591;34.02023548;4454.773;2.8921;25;45;90;200;1000;2.057
35.45362172;34.02840031;4454.773;2.2209;25;45;90;200;1000;1.818
35.45821841;34.03656496;4454.773;1.3776;25;45;90;200;1000;1.63
35.46281598;34.04472943;4454.773;0.23338;25;45;90;200;1000;1.444
35.46741444;34.05289371;4454.773;0.48052;25;45;90;200;1000;1.342
35.47201378;34.06105782;4454.773;0.25487;25;45;90;200;1000;1.062
35.476614;34.06922173;4454.773;2.5416;25;45;90;200;1000;0.911
35.48121511;34.07738547;4454.773;3.1592;25;45;90;200;1000;0.866
35.4858171;34.08554903;4454.773;3.7956;25;45;90;200;1000;0.951
35.49041997;34.0937124;4454.773;4.0592;25;45;90;200;1000;1.16
35.49502373;34.10187558;4454.773;4.1215;25;45;90;200;1000;1.474
35.49962838;34.11003859;4454.773;3.7389;25;45;90;200;1000;1.746
35.50423391;34.11820141;4454.773;2.7498;25;45;90;200;1000;2.055
35.50884033;34.12636405;4454.773;1.633;25;45;90;200;1000;2.336
35.51344764;34.1345265;4454.773;0.30677;25;45;90;200;1000;2.646
35.51805583;34.14268877;4454.773;0.5998;25;45;90;200;1000;2.954
35.52266491;34.15085086;4454.773;2.1231;25;45;90;200;1000;3.245
35.52727488;34.15901277;4454.773;3.6401;25;45;90;200;1000;3.527
35.53188574;34.16717449;4454.773;3.719;25;45;90;200;1000;3.76
35.53649748;34.17533602;4454.773;3.4912;25;45;90;200;1000;4.008
35.54111012;34.18349737;4454.773;1.13;25;45;90;200;1000;4.282
35.54572364;34.19165854;4454.773;0.95741;25;45;90;200;1000;4.574
35.55033806;34.19981953;4454.773;1.5851;25;45;90;200;1000;4.872
35.55495337;34.20798033;4454.773;1.8082;25;45;90;200;1000;5.165
35.55956956;34.21614094;4454.773;1.3407;25;45;90;200;1000;5.42
35.56418665;34.22430137;4454.773;1.1654;25;45;90;200;1000;5.693
35.56880463;34.23246162;4454.773;1.117;25;45;90;200;1000;5.948
35.57342351;34.24062168;4454.773;1.5277;25;45;90;200;1000;6.189
35.57804327;34.24878156;4454.773;0.56882;25;45;90;200;1000;6.434
35.58266393;34.25694125;4454.773;0.93447;25;45;90;200;1000;6.718
35.58728549;34.26510076;4454.773;1.0462;25;45;90;200;1000;6.963
35.59190793;34.27326009;4454.773;1.0346;25;45;90;200;1000;7.244
35.59653128;34.28141922;4454.773;1.6532;25;45;90;200;1000;7.487
35.60115551;34.28957818;4454.773;2.1177;25;45;90;200;1000;7.756
35.60578064;34.29773695;4454.773;2.7866;25;45;90;200;1000;8.044
35.61040667;34.30589553;4454.773;3.0732;25;45;90;200;1000;8.301
35.6150336;34.31405393;4454.773;3.2398;25;45;90;200;1000;8.549
35.61966142;34.32221214;4454.773;2.5145;25;45;90;200;1000;8.852
35.62429013;34.33037016;4454.773;2.3226;25;45;90;200;1000;9.075
35.62891975;34.33852801;4454.773;0.98766;25;45;90;200;1000;9.351
35.63355026;34.34668566;4454.773;3.4116;25;45;90;200;1000;9.598
35.63818167;34.35484313;4454.773;2.3526;25;45;90;200;1000;9.801
35.64281398;34.36300041;4454.773;0.98843;25;45;90;200;1000;9.991
35.64744719;34.37115751;4454.773;0.87808;25;45;90;200;1000;10.226
35.6520813;34.37931442;4454.773;0.13608;25;45;90;200;1000;10.414
35.65671631;34.38747115;4454.773;0.22837;25;45;90;200;1000;10.666
35.66135222;34.39562769;4454.773;0.24713;25;45;90;200;1000;10.863
35.66598903;34.40378404;4454.773;0;25;45;90;200;1000;11.112
35.67062674;34.41194021;4454.773;0;25;45;90;200;1000;11.4
35.67526536;34.42009619;4454.773;0;25;45;90;200;1000;11.693
35.67990487;34.42825198;4454.773;0;25;45;90;200;1000;11.991
35.68454529;34.43640759;4454.773;0;25;45;90;200;1000;12.252
35.68918662;34.44456301;4454.773;0;25;45;90;200;1000;12.498
35.69382884;34.45271824;4454.773;0;25;45;90;200;1000;12.741
35.69847197;34.46087329;4454.773;0;25;45;90;200;1000;13.006
35.703116;34.46902815;4454.773;0;25;45;90;200;1000;13.25
35.70776094;34.47718282;4454.773;0;25;45;90;200;1000;13.452
35.71240679;34.48533731;4454.773;0;25;45;90;200;1000;13.681
35.71705354;34.49349161;4454.773;0;25;45;90;200;1000;13.968
35.72170119;34.50164572;4454.773;0;25;45;90;200;1000;14.196
35.72634975;34.50979964;4454.773;0;25;45;90;200;1000;14.485
35.73099922;34.51795338;4454.773;0;25;45;90;200;1000;14.819
35.7356496;34.52610692;4454.773;0;25;45;90;200;1000;15.167
35.74030088;34.53426028;4454.773;0;25;45;90;200;1000;15.472
35.74495308;34.54241346;4454.773;0;25;45;90;200;1000;15.723
35.74960618;34.55056644;4454.773;0;25;45;90;200;1000;16.001
35.75426019;34.55871924;4454.773;0;25;45;90;200;1000;16.258
35.2992392;33.75015492;4596.194;0.24713;25;45;90;200;1000;10.744
35.30380627;33.75832572;4596.194;1.2328;25;45;90;200;1000;10.462
35.30837422;33.76649635;4596.194;2.7164;25;45;90;200;1000;10.245
35.31294303;33.77466679;4596.194;2.3891;25;45;90;200;1000;10.005
35.31751271;33.78283706;4596.194;2.8881;25;45;90;200;1000;9.754
35.32208326;33.79100714;4596.194;2.8973;25;45;90;200;1000;9.486
35.32665468;33.79917705;4596.194;3.7742;25;45;90;200;1000;9.155
35.33122697;33.80734677;4596.194;2.8727;25;45;90;200;1000;8.868
35.33580014;33.81551631;4596.194;1.6785;25;45;90;200;1000;8.63
35.34037417;33.82368568;4596.194;1.191;25;45;90;200;1000;8.437
35.34494907;33.83185486;4596.194;0;25;45;90;200;1000;8.224
35.34952485;33.84002387;4596.194;0.82543;25;45;90;200;1000;8.044
35.35410149;33.84819269;4596.194;1.4342;25;45;90;200;1000;7.809
35.35867901;33.85636133;4596.194;2.8717;25;45;90;200;1000;7.494
35.36325741;33.8645298;4596.194;3.4956;25;45;90;200;1000;7.179
35.36783667;33.87269808;4596.194;2.774;25;45;90;200;1000;6.95
35.37241681;33.88086618;4596.194;1.723;25;45;90;200;1000;6.661
35.37699783;33.8890341;4596.194;1.3276;25;45;90;200;1000;6.395
35.38157972;33.89720184;4596.194;1.7934;25;45;90;200;1000;6.078
35.38616248;33.9053694;4596.194;1.3511;25;45;90;200;1000;5.766
35.39074612;33.91353677;4596.194;1.2779;25;45;90;200;1000;5.46
35.39533064;33.92170397;4596.194;1.375;25;45;90;200;1000;5.17
35.39991603;33.92987098;4596.194;0.17472;25;45;90;200;1000;4.882
35.4045023;33.93803782;4596.194;0.61947;25;45;90;200;1000;4.635
35.40908945;33.94620447;4596.194;0.88819;25;45;90;200;1000;4.36
35.41367747;33.95437094;4596.194;2.2385;25;45;90;200;1000;4.108
35.41826638;33.96253723;4596.194;5.0654;25;45;90;200;1000;3.829
35.42285616;33.97070334;4596.194;5.9478;25;45;90;200;1000;3.559
35.42744682;33.97886926;4596.194;7.971;25;45;90;200;1000;3.323
35.43203836;33.987035;4596.194;8.6278;25;45;90;200;1000;3.077
35.43663078;33.99520057;4596.194;7.8703;25;45;90;200;1000;2.826
35.44122408;34.00336595;4596.194;4.8133;25;45;90;200;1000;2.552
35.44581826;34.01153114;4596.194;3.4683;25;45;90;200;1000;2.278
35.45041332;34.01969616;4596.194;3.6011;25;45;90;200;1000;2.014
35.45500926;34.02786099;4596.194;2.4829;25;45;90;200;1000;1.771
35.45960608;34.03602564;4596.194;2.099;25;45;90;200;1000;1.598
35.46420379;34.04419011;4596.194;0.5634;25;45;90;200;1000;1.388
35.46880238;34.0523544;4596.194;0.67146;25;45;90;200;1000;1.241
35.47340185;34.0605185;4596.194;0.46198;25;45;90;200;1000;1.01
35.47800221;34.06868242;4596.194;2.5548;25;45;90;200;1000;0.837
35.48260344;34.07684616;4596.194;3.4282;25;45;90;200;1000;0.806
35.48720557;34.08500971;4596.194;3.7943;25;45;90;200;1000;0.9
35.49180858;34.09317308;4596.194;3.8624;25;45;90;200;1000;1.145
35.49641247;34.10133627;4596.194;4.0905;25;45;90;200;1000;1.461
35.50101725;34.10949928;4596.194;3.9755;25;45;90;200;1000;1.725
35.50562292;34.1176621;4596.194;2.7268;25;45;90;200;1000;2.004
35.51022947;34.12582474;4596.194;1.5641;25;45;90;200;1000;2.306
35.51483691;34.13398719;4596.194;0.37584;25;45;90;200;1000;2.643
35.51944523;34.14214946;4596.194;0.57777;25;45;90;200;1000;2.954
35.52405445;34.15031155;4596.194;1.7173;25;45;90;200;1000;3.272
35.52866455;34.15847346;4596.194;3.2747;25;45;90;200;1000;3.52
35.53327554;34.16663518;4596.194;3.6648;25;45;90;200;1000;3.781
35.53788742;34.17479671;4596.194;3.0752;25;45;90;200;1000;4.029
35.54250019;34.18295807;4596.194;1.0068;25;45;90;200;1000;4.316
35.54711385;34.19111923;4596.194;1.2654;25;45;90;200;1000;4.602
35.5517284;34.19928022;4596.194;1.8084;25;45;90;200;1000;4.884
35.55634384;34.20744102;4596.194;2.3617;25;45;90;200;1000;5.123
35.56096017;34.21560164;4596.194;1.5883;25;45;90;200;1000;5.393
35.5655774;34.22376207;4596.194;0.94758;25;45;90;200;1000;5.657
35.57019551;34.23192232;4596.194;0.7885;25;45;90;200;1000;5.915
35.57481452;34.24008238;4596.194;1.1335;25;45;90;200;1000;6.176
35.57943442;34.24824226;4596.194;0.67176;25;45;90;200;1000;6.467
35.58405521;34.25640195;4596.194;1.1331;25;45;90;200;1000;6.745
35.5886769;34.26456146;4596.194;1.0469;25;45;90;200;1000;7.018
35.59329948;34.27272078;4596.194;0.93401;25;45;90;200;1000;7.262
35.59792296;34.28087992;4596.194;1.8731;25;45;90;200;1000;7.498
35.60254733;34.28903888;4596.194;2.4009;25;45;90;200;1000;7.774
35.60717259;34.29719764;4596.194;3.0485;25;45;90;200;1000;8.068
35.61179876;34.30535623;4596.194;3.2183;25;45;90;200;1000;8.342
35.61642582;34.31351463;4596.194;3.4053;25;45;90;200;1000;8.582
35.62105377;34.32167284;4596.194;2.7004;25;45;90;200;1000;8.873
35.62568262;34.32983087;4596.194;2.6989;25;45;90;200;1000;9.119
35.63031237;34.33798871;4596.194;0.86563;25;45;90;200;1000;9.39
35.63494302;34.34614636;4596.194;3.6677;25;45;90;200;1000;9.649
35.63957457;34.35430383;4596.194;2.1097;25;45;90;200;1000;9.85
35.64420701;34.36246112;4596.194;0.9525;25;45;90;200;1000;10.044
35.64884036;34.37061822;4596.194;1.1956;25;45;90;200;1000;10.278
35.6534746;34.37877513;4596.194;0.53423;25;45;90;200;1000;10.456
35.65810975;34.38693185;4596.194;0.27515;25;45;90;200;1000;10.7
35.66274579;34.39508839;4596.194;0.26925;25;45;90;200;1000;10.897
35.66738274;34.40324475;4596.194;0;25;45;90;200;1000;11.154
35.67202058;34.41140092;4596.194;0;25;45;90;200;1000;11.443
35.67665933;34.4195569;4596.194;0;25;45;90;200;1000;11.718
35.68129898;34.42771269;4596.194;0;25;45;90;200;1000;12.032
35.68593954;34.4358683;4596.194;0;25;45;90;200;1000;12.29
35.69058099;34.44402372;4596.194;0;25;45;90;200;1000;12.552
35.69522336;34.45217895;4596.194;0;25;45;90;200;1000;12.777
35.69986662;34.460334;4596.194;0;25;45;90;200;1000;13.038
35.70451079;34.46848886;4596.194;0;25;45;90;200;1000;13.298
35.70915586;34.47664353;4596.194;0;25;45;90;200;1000;13.494
35.71380184;34.48479802;4596.194;0;25;45;90;200;1000;13.728
35.71844873;34.49295232;4596.194;0;25;45;90;200;1000;13.995
35.72309652;34.50110643;4596.194;0;25;45;90;200;1000;14.262
35.72774522;34.50926035;4596.194;0;25;45;90;200;1000;14.515
35.73239482;34.51741409;4596.194;0;25;45;90;200;1000;14.834
35.73704533;34.52556764;4596.194;0;25;45;90;200;1000;15.156
35.74169676;34.533721;4596.194;0;25;45;90;200;1000;15.413
35.74634908;34.54187417;4596.194;0;25;45;90;200;1000;15.68
35.75100232;34.55002716;4596.194;0;25;45;90;200;1000;15.992
35.75565647;34.55817996;4596.194;0;25;45;90;200;1000;16.325
35.30062223;33.74961557;4737.615;0.16374;25;45;90;200;1000;10.714
35.30518944;33.75778637;4737.615;1.2459;25;45;90;200;1000;10.451
35.30975752;33.76595699;4737.615;2.5891;25;45;90;200;1000;10.195
35.31432646;33.77412744;4737.615;2.3105;25;45;90;200;1000;9.965
35.31889627;33.7822977;4737.615;2.6268;25;45;90;200;1000;9.79
35.32346696;33.79046779;4737.615;3.0311;25;45;90;200;1000;9.5
35.32803851;33.79863769;4737.615;3.7037;25;45;90;200;1000;9.156
35.33261093;33.80680742;4737.615;2.9015;25;45;90;200;1000;8.849
35.33718422;33.81497697;4737.615;1.7597;25;45;90;200;1000;8.598
35.34175839;33.82314633;4737.615;1.2333;25;45;90;200;1000;8.367
35.34633342;33.83131551;4737.615;0;25;45;90;200;1000;8.158
35.35090933;33.83948452;4737.615;0.647;25;45;90;200;1000;7.994
35.35548611;33.84765334;4737.615;1.0621;25;45;90;200;1000;7.767
35.36006376;33.85582199;4737.615;2.44;25;45;90;200;1000;7.474
35.36464228;33.86399045;4737.615;3.3071;25;45;90;200;1000;7.166
35.36922168;33.87215873;4737.615;2.6989;25;45;90;200;1000;6.925
35.37380196;33.88032683;4737.615;1.8041;25;45;90;200;1000;6.632
35.3783831;33.88849475;4737.615;1.5119;25;45;90;200;1000;6.347
35.38296512;33.89666249;4737.615;1.6572;25;45;90;200;1000;6.127
35.38754802;33.90483005;4737.615;1.5226;25;45;90;200;1000;5.767
35.39213179;33.91299743;4737.615;1.4042;25;45;90;200;1000;5.457
35.39671644;33.92116463;4737.615;1.4665;25;45;90;200;1000;5.154
35.40130197;33.92933164;4737.615;0.37161;25;45;90;200;1000;4.847
35.40588837;33.93749848;4737.615;0.63519;25;45;90;200;1000;4.595
35.41047565;33.94566513;4737.615;1.0538;25;45;90;200;1000;4.334
35.4150638;33.9538316;4737.615;2.4573;25;45;90;200;1000;4.071
35.41965284;33.96199789;4737.615;5.5018;25;45;90;200;1000;3.812
35.42424275;33.970164;4737.615;5.7383;25;45;90;200;1000;3.538
35.42883354;33.97832992;4737.615;8.1016;25;45;90;200;1000;3.291
35.43342522;33.98649567;4737.615;8.7365;25;45;90;200;1000;3.054
35.43801777;33.99466123;4737.615;7.9264;25;45;90;200;1000;2.805
35.4426112;34.00282661;4737.615;4.9468;25;45;90;200;1000;2.534
35.44720551;34.01099181;4737.615;3.6287;25;45;90;200;1000;2.264
35.45180071;34.01915682;4737.615;4.0038;25;45;90;200;1000;2
35.45639678;34.02732166;4737.615;3.1346;25;45;90;200;1000;1.743
35.46099374;34.03548631;4737.615;2.2807;25;45;90;200;1000;1.535
35.46559158;34.04365078;4737.615;1.256;25;45;90;200;1000;1.323
35.4701903;34.05181506;4737.615;0.71296;25;45;90;200;1000;1.16
35.4747899;34.05997917;4737.615;0.58229;25;45;90;200;1000;0.956
35.47939039;34.06814309;4737.615;2.5984;25;45;90;200;1000;0.773
35.48399177;34.07630682;4737.615;3.4385;25;45;90;200;1000;0.728
35.48859402;34.08447038;4737.615;4.0079;25;45;90;200;1000;0.857
35.49319716;34.09263375;4737.615;3.5309;25;45;90;200;1000;1.152
35.49780119;34.10079694;4737.615;3.8829;25;45;90;200;1000;1.389
35.5024061;34.10895995;4737.615;3.9321;25;45;90;200;1000;1.67
35.5070119;34.11712277;4737.615;2.6784;25;45;90;200;1000;1.956
35.51161859;34.12528541;4737.615;1.3239;25;45;90;200;1000;2.288
35.51622616;34.13344786;4737.615;0.5141;25;45;90;200;1000;2.637
35.52083462;34.14161014;4737.615;0.40019;25;45;90;200;1000;2.97
35.52544397;34.14977222;4737.615;1.1232;25;45;90;200;1000;3.289
35.53005421;34.15793413;4737.615;3.0802;25;45;90;200;1000;3.49
35.53466533;34.16609585;4737.615;3.6059;25;45;90;200;1000;3.768
35.53927734;34.17425739;4737.615;2.4424;25;45;90;200;1000;3.998
35.54389025;34.18241874;4737.615;0.70328;25;45;90;200;1000;4.284
35.54850404;34.19057991;4737.615;1.4193;25;45;90;200;1000;4.567
35.55311872;34.1987409;4737.615;2.2016;25;45;90;200;1000;4.849
35.5577343;34.2069017;4737.615;2.6878;25;45;90;200;1000;5.095
35.56235076;34.21506231;4737.615;1.735;25;45;90;200;1000;5.379
35.56696812;34.22322275;4737.615;0.76256;25;45;90;200;1000;5.649
35.57158637;34.23138299;4737.615;0.70434;25;45;90;200;1000;5.894
35.57620551;34.23954306;4737.615;0.61757;25;45;90;200;1000;6.188
35.58082555;34.24770294;4737.615;0.72232;25;45;90;200;1000;6.506
35.58544647;34.25586263;4737.615;0.86642;25;45;90;200;1000;6.793
35.59006829;34.26402214;4737.615;0.95866;25;45;90;200;1000;7.039
35.59469101;34.27218146;4737.615;1.3428;25;45;90;200;1000;7.293
35.59931462;34.2803406;4737.615;1.9278;25;45;90;200;1000;7.55
35.60393913;34.28849956;4737.615;2.6328;25;45;90;200;1000;7.797
35.60856453;34.29665833;4737.615;3.2589;25;45;90;200;1000;8.067
35.61319082;34.30481691;4737.615;3.6302;25;45;90;200;1000;8.381
35.61781802;34.31297531;4737.615;3.6853;25;45;90;200;1000;8.639
35.62244611;34.32113352;4737.615;2.7531;25;45;90;200;1000;8.89
35.62707509;34.32929155;4737.615;2.8078;25;45;90;200;1000;9.161
35.63170498;34.33744939;4737.615;0.87611;25;45;90;200;1000;9.427
35.63633576;34.34560705;4737.615;3.5613;25;45;90;200;1000;9.687
35.64096744;34.35376452;4737.615;1.2933;25;45;90;200;1000;9.884
35.64560002;34.36192181;4737.615;1.0816;25;45;90;200;1000;10.087
35.6502335;34.3700789;4737.615;1.2134;25;45;90;200;1000;10.319
35.65486788;34.37823582;4737.615;0.8689;25;45;90;200;1000;10.522
35.65950316;34.38639254;4737.615;0.33521;25;45;90;200;1000;10.756
35.66413934;34.39454909;4737.615;0.24713;25;45;90;200;1000;10.95
35.66877642;34.40270544;4737.615;0;25;45;90;200;1000;11.201
35.6734144;34.41086161;4737.615;0;25;45;90;200;1000;11.463
35.67805329;34.41901759;4737.615;0;25;45;90;200;1000;11.756
35.68269307;34.42717338;4737.615;0;25;45;90;200;1000;12.061
35.68733376;34.43532899;4737.615;0;25;45;90;200;1000;12.349
35.69197536;34.44348441;4737.615;0;25;45;90;200;1000;12.573
35.69661785;34.45163965;4737.615;0;25;45;90;200;1000;12.82
35.70126125;34.4597947;4737.615;0;25;45;90;200;1000;13.09
35.70590556;34.46794956;4737.615;0;25;45;90;200;1000;13.363
35.71055077;34.47610423;4737.615;0;25;45;90;200;1000;13.537
35.71519688;34.48425872;4737.615;0;25;45;90;200;1000;13.765
35.7198439;34.49241302;4737.615;0;25;45;90;200;1000;14.012
35.72449183;34.50056713;4737.615;0;25;45;90;200;1000;14.322
35.72914066;34.50872105;4737.615;0;25;45;90;200;1000;14.545
35.7337904;34.51687479;4737.615;0;25;45;90;200;1000;14.844
35.73844105;34.52502834;4737.615;0;25;45;90;200;1000;15.128
35.74309261;34.5331817;4737.615;0;25;45;90;200;1000;15.381
35.74774507;34.54133487;4737.615;0;25;45;90;200;1000;15.655
35.75239845;34.54948786;4737.615;0;25;45;90;200;1000;15.988
35.75705273;34.55764066;4737.615;0;25;45;90;200;1000;16.295
35.30200525;33.7490762;4879.037;0;25;45;90;200;1000;10.65
35.30657259;33.757247;4879.037;1.1985;25;45;90;200;1000;10.426
35.3111408;33.76541763;4879.037;2.7469;25;45;90;200;1000;10.172
35.31570987;33.77358807;4879.037;2.544;25;45;90;200;1000;9.924
35.32027982;33.78175834;4879.037;2.4621;25;45;90;200;1000;9.732
35.32485063;33.78992842;4879.037;3.227;25;45;90;200;1000;9.461
35.32942231;33.79809833;4879.037;3.5427;25;45;90;200;1000;9.076
35.33399487;33.80626805;4879.037;2.7631;25;45;90;200;1000;8.8
35.33856829;33.8144376;4879.037;1.6965;25;45;90;200;1000;8.552
35.34314259;33.82260697;4879.037;1.3271;25;45;90;200;1000;8.322
35.34771775;33.83077615;4879.037;0.13608;25;45;90;200;1000;8.123
35.35229379;33.83894516;4879.037;0.37612;25;45;90;200;1000;7.929
35.3568707;33.84711398;4879.037;0.85161;25;45;90;200;1000;7.71
35.36144849;33.85528262;4879.037;2.3529;25;45;90;200;1000;7.428
35.36602714;33.86345109;4879.037;3.2545;25;45;90;200;1000;7.127
35.37060667;33.87161937;4879.037;2.3163;25;45;90;200;1000;6.863
35.37518708;33.87978747;4879.037;1.7477;25;45;90;200;1000;6.59
35.37976836;33.88795539;4879.037;1.7603;25;45;90;200;1000;6.296
35.38435051;33.89612314;4879.037;1.5342;25;45;90;200;1000;6.064
35.38893354;33.90429069;4879.037;1.6187;25;45;90;200;1000;5.772
35.39351744;33.91245807;4879.037;1.4477;25;45;90;200;1000;5.46
35.39810222;33.92062527;4879.037;1.3624;25;45;90;200;1000;5.142
35.40268788;33.92879229;4879.037;0.38584;25;45;90;200;1000;4.821
35.40727442;33.93695912;4879.037;0.82312;25;45;90;200;1000;4.561
35.41186183;33.94512577;4879.037;1.1183;25;45;90;200;1000;4.309
35.41645012;33.95329224;4879.037;2.3495;25;45;90;200;1000;4.028
35.42103928;33.96145853;4879.037;5.6921;25;45;90;200;1000;3.79
35.42562933;33.96962464;4879.037;5.7358;25;45;90;200;1000;3.511
35.43022025;33.97779057;4879.037;8.0527;25;45;90;200;1000;3.262
35.43481206;33.98595631;4879.037;9.0062;25;45;90;200;1000;3.024
35.43940474;33.99412188;4879.037;7.8368;25;45;90;200;1000;2.774
35.44399831;34.00228726;4879.037;5.0344;25;45;90;200;1000;2.518
35.44859275;34.01045246;4879.037;4.2305;25;45;90;200;1000;2.263
35.45318808;34.01861747;4879.037;4.3827;25;45;90;200;1000;1.986
35.45778429;34.02678231;4879.037;3.6344;25;45;90;200;1000;1.724
35.46238138;34.03494696;4879.037;2.7398;25;45;90;200;1000;1.484
35.46697935;34.04311143;4879.037;1.5859;25;45;90;200;1000;1.274
35.4715782;34.05127571;4879.037;0.56596;25;45;90;200;1000;1.102
35.47617794;34.05943982;4879.037;0.66472;25;45;90;200;1000;0.89
35.48077856;34.06760374;4879.037;2.6019;25;45;90;200;1000;0.706
35.48538007;34.07576748;4879.037;3.4961;25;45;90;200;1000;0.669
35.48998246;34.08393103;4879.037;3.9375;25;45;90;200;1000;0.814
35.49458573;34.0920944;4879.037;3.5154;25;45;90;200;1000;1.087
35.49918989;34.10025759;4879.037;3.8977;25;45;90;200;1000;1.342
35.50379494;34.1084206;4879.037;3.8253;25;45;90;200;1000;1.657
35.50840087;34.11658342;4879.037;2.5989;25;45;90;200;1000;1.948
35.51300769;34.12474606;4879.037;1.4194;25;45;90;200;1000;2.302
35.5176154;34.13290852;4879.037;0.43378;25;45;90;200;1000;2.666
35.52222399;34.14107079;4879.037;0.56763;25;45;90;200;1000;3.024
35.52683347;34.14923288;4879.037;1.0163;25;45;90;200;1000;3.223
35.53144384;34.15739479;4879.037;2.5727;25;45;90;200;1000;3.466
35.5360551;34.16555651;4879.037;3.388;25;45;90;200;1000;3.736
35.54066725;34.17371805;4879.037;1.6768;25;45;90;200;1000;3.984
35.54528028;34.1818794;4879.037;0.72195;25;45;90;200;1000;4.261
35.54989421;34.19004057;4879.037;1.28;25;45;90;200;1000;4.541
35.55450903;34.19820156;4879.037;2.3183;25;45;90;200;1000;4.814
35.55912474;34.20636236;4879.037;2.9305;25;45;90;200;1000;5.054
35.56374134;34.21452298;4879.037;2.0343;25;45;90;200;1000;5.339
35.56835883;34.22268341;4879.037;1.0864;25;45;90;200;1000;5.618
35.57297721;34.23084366;4879.037;0.5896;25;45;90;200;1000;5.885
35.57759649;34.23900372;4879.037;0.5887;25;45;90;200;1000;6.206
35.58221665;34.2471636;4879.037;0.8703;25;45;90;200;1000;6.566
35.58683772;34.2553233;4879.037;0.8036;25;45;90;200;1000;6.838
35.59145967;34.26348281;4879.037;0.60954;25;45;90;200;1000;7.07
35.59608252;34.27164213;4879.037;1.3437;25;45;90;200;1000;7.339
35.60070627;34.27980127;4879.037;2.418;25;45;90;200;1000;7.586
35.60533091;34.28796023;4879.037;2.828;25;45;90;200;1000;7.827
35.60995644;34.296119;4879.037;3.2692;25;45;90;200;1000;8.078
35.61458287;34.30427758;4879.037;4.023;25;45;90;200;1000;8.437
35.6192102;34.31243598;4879.037;3.8563;25;45;90;200;1000;8.686
35.62383843;34.32059419;4879.037;2.9001;25;45;90;200;1000;8.93
35.62846755;34.32875222;4879.037;2.5944;25;45;90;200;1000;9.212
35.63309757;34.33691006;4879.037;0.96942;25;45;90;200;1000;9.492
35.63772848;34.34506772;4879.037;2.9013;25;45;90;200;1000;9.73
35.6423603;34.35322519;4879.037;1.5458;25;45;90;200;1000;9.914
35.64699302;34.36138248;4879.037;1.1873;25;45;90;200;1000;10.144
35.65162663;34.36953958;4879.037;1.2946;25;45;90;200;1000;10.389
35.65626114;34.37769649;4879.037;1.1454;25;45;90;200;1000;10.586
35.66089656;34.38585322;4879.037;0.3474;25;45;90;200;1000;10.812
35.66553287;34.39400976;4879.037;0.16374;25;45;90;200;1000;11.007
35.67017009;34.40216611;4879.037;0;25;45;90;200;1000;11.25
35.67480821;34.41032228;4879.037;0;25;45;90;200;1000;11.507
35.67944723;34.41847826;4879.037;0;25;45;90;200;1000;11.835
35.68408715;34.42663406;4879.037;0;25;45;90;200;1000;12.08
35.68872797;34.43478967;4879.037;0;25;45;90;200;1000;12.43
35.6933697;34.44294509;4879.037;0;25;45;90;200;1000;12.602
35.69801233;34.45110033;4879.037;0;25;45;90;200;1000;12.864
35.70265587;34.45925537;4879.037;0;25;45;90;200;1000;13.155
35.70730031;34.46741024;4879.037;0;25;45;90;200;1000;13.414
35.71194565;34.47556491;4879.037;0;25;45;90;200;1000;13.592
35.7165919;34.4837194;4879.037;0;25;45;90;200;1000;13.807
35.72123906;34.4918737;4879.037;0;25;45;90;200;1000;14.06
35.72588712;34.50002781;4879.037;0;25;45;90;200;1000;14.331
35.73053609;34.50818173;4879.037;0;25;45;90;200;1000;14.57
35.73518597;34.51633547;4879.037;0;25;45;90;200;1000;14.837
35.73983675;34.52448902;4879.037;0;25;45;90;200;1000;15.104
35.74448845;34.53264238;4879.037;0;25;45;90;200;1000;15.364
35.74914105;34.54079556;4879.037;0;25;45;90;200;1000;15.646
35.75379456;34.54894854;4879.037;0;25;45;90;200;1000;15.97
35.75844897;34.55710134;4879.037;0;25;45;90;200;1000;16.251
35.30338826;33.74853681;5020.458;0;25;45;90;200;1000;10.6
35.30795573;33.75670762;5020.458;0.9831;25;45;90;200;1000;10.362
35.31252406;33.76487824;5020.458;2.8948;25;45;90;200;1000;10.141
35.31709327;33.77304869;5020.458;2.8778;25;45;90;200;1000;9.856
35.32166334;33.78121895;5020.458;2.2406;25;45;90;200;1000;9.619
35.32623429;33.78938904;5020.458;3.2557;25;45;90;200;1000;9.345
35.3308061;33.79755895;5020.458;3.4394;25;45;90;200;1000;9.05
35.33537879;33.80572867;5020.458;2.3965;25;45;90;200;1000;8.749
35.33995234;33.81389822;5020.458;1.7324;25;45;90;200;1000;8.53
35.34452677;33.82206759;5020.458;1.4692;25;45;90;200;1000;8.299
35.34910207;33.83023677;5020.458;0.17303;25;45;90;200;1000;8.105
35.35367824;33.83840578;5020.458;0.3351;25;45;90;200;1000;7.886
35.35825528;33.8465746;5020.458;0.74426;25;45;90;200;1000;7.676
35.3628332;33.85474325;5020.458;2.4459;25;45;90;200;1000;7.406
35.36741199;33.86291171;5020.458;2.7558;25;45;90;200;1000;7.065
35.37199165;33.87107999;5020.458;1.9558;25;45;90;200;1000;6.807
35.37657218;33.8792481;5020.458;1.4573;25;45;90;200;1000;6.543
35.38115359;33.88741602;5020.458;1.9388;25;45;90;200;1000;6.265
35.38573588;33.89558376;5020.458;1.604;25;45;90;200;1000;6.038
35.39031904;33.90375132;5020.458;1.6586;25;45;90;200;1000;5.758
35.39490308;33.9119187;5020.458;1.36;25;45;90;200;1000;5.441
35.39948799;33.9200859;5020.458;1.3312;25;45;90;200;1000;5.122
35.40407378;33.92825291;5020.458;0.60364;25;45;90;200;1000;4.813
35.40866045;33.93641975;5020.458;0.83604;25;45;90;200;1000;4.548
35.41324799;33.9445864;5020.458;1.128;25;45;90;200;1000;4.275
35.41783641;33.95275287;5020.458;2.3807;25;45;90;200;1000;4.014
35.42242571;33.96091916;5020.458;5.6619;25;45;90;200;1000;3.779
35.42701589;33.96908527;5020.458;6.0405;25;45;90;200;1000;3.497
35.43160695;33.9772512;5020.458;8.2326;25;45;90;200;1000;3.249
35.43619888;33.98541694;5020.458;8.7065;25;45;90;200;1000;3.003
35.4407917;33.99358251;5020.458;7.9541;25;45;90;200;1000;2.751
35.4453854;34.00174789;5020.458;4.9719;25;45;90;200;1000;2.506
35.44997997;34.00991309;5020.458;4.886;25;45;90;200;1000;2.242
35.45457543;34.01807811;5020.458;4.693;25;45;90;200;1000;1.969
35.45917177;34.02624294;5020.458;3.9641;25;45;90;200;1000;1.715
35.463769;34.03440759;5020.458;2.9009;25;45;90;200;1000;1.472
35.4683671;34.04257206;5020.458;1.7483;25;45;90;200;1000;1.235
35.47296609;34.05073635;5020.458;0.23338;25;45;90;200;1000;1.023
35.47756596;34.05890045;5020.458;0.84969;25;45;90;200;1000;0.793
35.48216671;34.06706437;5020.458;2.7958;25;45;90;200;1000;0.646
35.48676835;34.07522811;5020.458;3.3883;25;45;90;200;1000;0.615
35.49137088;34.08339167;5020.458;3.983;25;45;90;200;1000;0.785
35.49597428;34.09155504;5020.458;3.5457;25;45;90;200;1000;1.016
35.50057858;34.09971823;5020.458;3.7575;25;45;90;200;1000;1.317
35.50518376;34.10788124;5020.458;3.706;25;45;90;200;1000;1.613
35.50978982;34.11604406;5020.458;2.4759;25;45;90;200;1000;1.968
35.51439678;34.1242067;5020.458;1.8238;25;45;90;200;1000;2.302
35.51900462;34.13236916;5020.458;0.52097;25;45;90;200;1000;2.639
35.52361334;34.14053143;5020.458;0.96531;25;45;90;200;1000;2.951
35.52822296;34.14869352;5020.458;1.1542;25;45;90;200;1000;3.2
35.53283346;34.15685543;5020.458;2.3957;25;45;90;200;1000;3.45
35.53744485;34.16501715;5020.458;3.5169;25;45;90;200;1000;3.707
35.54205713;34.17317869;5020.458;1.1547;25;45;90;200;1000;3.995
35.5466703;34.18134005;5020.458;0.9419;25;45;90;200;1000;4.278
35.55128436;34.18950122;5020.458;1.07;25;45;90;200;1000;4.559
35.55589932;34.1976622;5020.458;2.4719;25;45;90;200;1000;4.82
35.56051516;34.205823;5020.458;2.9351;25;45;90;200;1000;5.059
35.56513189;34.21398362;5020.458;2.2532;25;45;90;200;1000;5.343
35.56974952;34.22214406;5020.458;1.4606;25;45;90;200;1000;5.619
35.57436803;34.23030431;5020.458;0.41989;25;45;90;200;1000;5.897
35.57898744;34.23846437;5020.458;0.35619;25;45;90;200;1000;6.212
35.58360775;34.24662425;5020.458;1.0132;25;45;90;200;1000;6.537
35.58822894;34.25478395;5020.458;0.83611;25;45;90;200;1000;6.836
35.59285103;34.26294346;5020.458;0.83958;25;45;90;200;1000;7.13
35.59747402;34.27110278;5020.458;1.2472;25;45;90;200;1000;7.375
35.6020979;34.27926192;5020.458;2.6925;25;45;90;200;1000;7.609
35.60672267;34.28742088;5020.458;2.9943;25;45;90;200;1000;7.872
35.61134834;34.29557965;5020.458;3.4855;25;45;90;200;1000;8.103
35.61597491;34.30373823;5020.458;4.6433;25;45;90;200;1000;8.414
35.62060237;34.31189663;5020.458;3.665;25;45;90;200;1000;8.75
35.62523073;34.32005485;5020.458;3.0399;25;45;90;200;1000;8.985
35.62985998;34.32821288;5020.458;2.3795;25;45;90;200;1000;9.245
35.63449014;34.33637072;5020.458;1.3663;25;45;90;200;1000;9.543
35.63912119;34.34452838;5020.458;2.7161;25;45;90;200;1000;9.771
35.64375314;34.35268585;5020.458;1.855;25;45;90;200;1000;9.955
35.64838599;34.36084313;5020.458;1.2755;25;45;90;200;1000;10.199
35.65301974;34.36900023;5020.458;1.3704;25;45;90;200;1000;10.424
35.65765439;34.37715715;5020.458;1.2348;25;45;90;200;1000;10.656
35.66228994;34.38531388;5020.458;0.2477;25;45;90;200;1000;10.87
35.66692639;34.39347042;5020.458;0;25;45;90;200;1000;11.099
35.67156374;34.40162677;5020.458;0;25;45;90;200;1000;11.275
35.67620199;34.40978294;5020.458;0;25;45;90;200;1000;11.59
35.68084115;34.41793892;5020.458;0;25;45;90;200;1000;11.857
35.6854812;34.42609472;5020.458;0;25;45;90;200;1000;12.102
35.69012216;34.43425033;5020.458;0;25;45;90;200;1000;12.412
35.69476403;34.44240575;5020.458;0;25;45;90;200;1000;12.647
35.69940679;34.45056099;5020.458;0;25;45;90;200;1000;12.894
35.70405046;34.45871604;5020.458;0;25;45;90;200;1000;13.168
35.70869504;34.4668709;5020.458;0;25;45;90;200;1000;13.433
35.71334052;34.47502557;5020.458;0;25;45;90;200;1000;13.646
35.71798691;34.48318006;5020.458;0;25;45;90;200;1000;13.822
35.7226342;34.49133436;5020.458;0;25;45;90;200;1000;14.092
35.7272824;34.49948847;5020.458;0;25;45;90;200;1000;14.346
35.7319315;34.5076424;5020.458;0;25;45;90;200;1000;14.632
35.73658152;34.51579614;5020.458;0;25;45;90;200;1000;14.848
35.74123244;34.52394969;5020.458;0;25;45;90;200;1000;15.088
35.74588426;34.53210305;5020.458;0;25;45;90;200;1000;15.353
35.750537;34.54025623;5020.458;0;25;45;90;200;1000;15.627
35.75519065;34.54840921;5020.458;0;25;45;90;200;1000;15.955
35.7598452;34.55656201;5020.458;0;25;45;90;200;1000;16.223
35.30477124;33.74799741;5161.88;0;25;45;90;200;1000;10.556
35.30933884;33.75616822;5161.88;0.76693;25;45;90;200;1000;10.338
35.31390731;33.76433884;5161.88;2.9585;25;45;90;200;1000;10.082
35.31847665;33.77250929;5161.88;2.998;25;45;90;200;1000;9.808
35.32304685;33.78067956;5161.88;1.7592;25;45;90;200;1000;9.505
35.32761793;33.78884964;5161.88;3.2031;25;45;90;200;1000;9.23
35.33218988;33.79701955;5161.88;3.1636;25;45;90;200;1000;9.021
35.33676269;33.80518928;5161.88;2.374;25;45;90;200;1000;8.737
35.34133638;33.81335882;5161.88;1.6365;25;45;90;200;1000;8.489
35.34591094;33.82152819;5161.88;1.8679;25;45;90;200;1000;8.284
35.35048637;33.82969738;5161.88;0.33422;25;45;90;200;1000;8.078
35.35506267;33.83786638;5161.88;0.30216;25;45;90;200;1000;7.829
35.35963984;33.84603521;5161.88;0.5998;25;45;90;200;1000;7.609
35.36421789;33.85420385;5161.88;2.4265;25;45;90;200;1000;7.376
35.36879681;33.86237232;5161.88;2.4352;25;45;90;200;1000;7.018
35.3733766;33.8705406;5161.88;1.9892;25;45;90;200;1000;6.762
35.37795727;33.87870871;5161.88;1.5964;25;45;90;200;1000;6.524
35.38253881;33.88687663;5161.88;2.0743;25;45;90;200;1000;6.219
35.38712123;33.89504437;5161.88;1.7858;25;45;90;200;1000;5.98
35.39170452;33.90321193;5161.88;1.6269;25;45;90;200;1000;5.706
35.39628869;33.91137931;5161.88;1.7772;25;45;90;200;1000;5.417
35.40087374;33.91954651;5161.88;1.1332;25;45;90;200;1000;5.104
35.40545966;33.92771352;5161.88;0.75529;25;45;90;200;1000;4.825
35.41004646;33.93588036;5161.88;0.85925;25;45;90;200;1000;4.539
35.41463413;33.94404701;5161.88;1.0889;25;45;90;200;1000;4.27
35.41922269;33.95221349;5161.88;2.3275;25;45;90;200;1000;4.015
35.42381212;33.96037978;5161.88;5.4539;25;45;90;200;1000;3.744
35.42840243;33.96854589;5161.88;6.6436;25;45;90;200;1000;3.49
35.43299362;33.97671181;5161.88;8.184;25;45;90;200;1000;3.21
35.43758569;33.98487756;5161.88;9.3282;25;45;90;200;1000;2.993
35.44217864;33.99304312;5161.88;7.7265;25;45;90;200;1000;2.744
35.44677247;34.00120851;5161.88;4.7903;25;45;90;200;1000;2.493
35.45136718;34.00937371;5161.88;5.3736;25;45;90;200;1000;2.208
35.45596277;34.01753872;5161.88;4.955;25;45;90;200;1000;1.966
35.46055924;34.02570356;5161.88;4.1596;25;45;90;200;1000;1.719
35.4651566;34.03386821;5161.88;2.9625;25;45;90;200;1000;1.459
35.46975484;34.04203268;5161.88;1.6699;25;45;90;200;1000;1.208
35.47435396;34.05019697;5161.88;0.56739;25;45;90;200;1000;0.995
35.47895396;34.05836107;5161.88;1.0316;25;45;90;200;1000;0.74
35.48355485;34.066525;5161.88;2.6868;25;45;90;200;1000;0.59
35.48815662;34.07468873;5161.88;3.4134;25;45;90;200;1000;0.576
35.49275928;34.08285229;5161.88;4.2003;25;45;90;200;1000;0.748
35.49736282;34.09101567;5161.88;3.3019;25;45;90;200;1000;0.99
35.50196725;34.09917886;5161.88;3.6089;25;45;90;200;1000;1.278
35.50657256;34.10734186;5161.88;3.4507;25;45;90;200;1000;1.58
35.51117876;34.11550469;5161.88;2.3571;25;45;90;200;1000;1.951
35.51578584;34.12366733;5161.88;2.3346;25;45;90;200;1000;2.287
35.52039382;34.13182979;5161.88;1.2523;25;45;90;200;1000;2.573
35.52500268;34.13999206;5161.88;1.3958;25;45;90;200;1000;2.855
35.52961242;34.14815415;5161.88;1.41;25;45;90;200;1000;3.145
35.53422306;34.15631606;5161.88;2.0938;25;45;90;200;1000;3.428
35.53883459;34.16447778;5161.88;2.7329;25;45;90;200;1000;3.679
35.543447;34.17263932;5161.88;1.6767;25;45;90;200;1000;4.03
35.54806031;34.18080067;5161.88;1.1402;25;45;90;200;1000;4.328
35.5526745;34.18896184;5161.88;1.2347;25;45;90;200;1000;4.58
35.55728958;34.19712283;5161.88;2.6543;25;45;90;200;1000;4.835
35.56190556;34.20528363;5161.88;3.028;25;45;90;200;1000;5.09
35.56652243;34.21344425;5161.88;2.6027;25;45;90;200;1000;5.396
35.57114019;34.22160469;5161.88;1.766;25;45;90;200;1000;5.649
35.57575884;34.22976494;5161.88;0;25;45;90;200;1000;5.914
35.58037838;34.237925;5161.88;0.13608;25;45;90;200;1000;6.227
35.58499882;34.24608488;5161.88;0.99568;25;45;90;200;1000;6.547
35.58962015;34.25424458;5161.88;1.1854;25;45;90;200;1000;6.846
35.59424237;34.26240409;5161.88;0.92255;25;45;90;200;1000;7.172
35.59886549;34.27056342;5161.88;1.2073;25;45;90;200;1000;7.416
35.60348951;34.27872256;5161.88;2.8862;25;45;90;200;1000;7.642
35.60811441;34.28688151;5161.88;3.3198;25;45;90;200;1000;7.929
35.61274022;34.29504028;5161.88;4.0641;25;45;90;200;1000;8.156
35.61736692;34.30319887;5161.88;4.4758;25;45;90;200;1000;8.422
35.62199452;34.31135727;5161.88;3.4794;25;45;90;200;1000;8.725
35.62662301;34.31951548;5161.88;3.1352;25;45;90;200;1000;9.002
35.6312524;34.32767351;5161.88;2.5175;25;45;90;200;1000;9.272
35.63588269;34.33583136;5161.88;1.9103;25;45;90;200;1000;9.561
35.64051388;34.34398902;5161.88;2.7026;25;45;90;200;1000;9.8
35.64514596;34.35214649;5161.88;1.9116;25;45;90;200;1000;10.029
35.64977895;34.36030377;5161.88;1.6134;25;45;90;200;1000;10.245
35.65441283;34.36846088;5161.88;1.6197;25;45;90;200;1000;10.484
35.65904761;34.37661779;5161.88;1.3843;25;45;90;200;1000;10.715
35.6636833;34.38477452;5161.88;0.14935;25;45;90;200;1000;10.899
35.66831988;34.39293106;5161.88;0;25;45;90;200;1000;11.183
35.67295737;34.40108742;5161.88;0;25;45;90;200;1000;11.335
35.67759576;34.40924359;5161.88;0;25;45;90;200;1000;11.641
35.68223505;34.41739957;5161.88;0;25;45;90;200;1000;11.921
35.68687524;34.42555537;5161.88;0;25;45;90;200;1000;12.125
35.69151634;34.43371098;5161.88;0;25;45;90;200;1000;12.407
35.69615833;34.4418664;5161.88;0;25;45;90;200;1000;12.672
35.70080124;34.45002163;5161.88;0;25;45;90;200;1000;12.914
35.70544504;34.45817668;5161.88;0;25;45;90;200;1000;13.19
35.71008975;34.46633155;5161.88;0;25;45;90;200;1000;13.481
35.71473537;34.47448622;5161.88;0;25;45;90;200;1000;13.714
35.71938189;34.48264071;5161.88;0;25;45;90;200;1000;13.845
35.72402932;34.49079501;5161.88;0;25;45;90;200;1000;14.084
35.72867766;34.49894912;5161.88;0;25;45;90;200;1000;14.358
35.7333269;34.50710305;5161.88;0;25;45;90;200;1000;14.641
35.73797704;34.51525679;5161.88;0;25;45;90;200;1000;14.867
35.7426281;34.52341034;5161.88;0;25;45;90;200;1000;15.097
35.74728006;34.5315637;5161.88;0;25;45;90;200;1000;15.358
35.75193294;34.53971688;5161.88;0;25;45;90;200;1000;15.635
35.75658672;34.54786987;5161.88;0;25;45;90;200;1000;15.966
35.76124141;34.55602267;5161.88;0;25;45;90;200;1000;16.206
35.30615421;33.747458;5303.301;0;25;45;90;200;1000;10.512
35.31072194;33.7556288;5303.301;0.6631;25;45;90;200;1000;10.292
35.31529054;33.76379943;5303.301;2.6888;25;45;90;200;1000;10.04
35.31986001;33.77196987;5303.301;2.7899;25;45;90;200;1000;9.764
35.32443035;33.78014014;5303.301;1.3576;25;45;90;200;1000;9.478
35.32900155;33.78831023;5303.301;2.9829;25;45;90;200;1000;9.181
35.33357363;33.79648014;5303.301;3.1311;25;45;90;200;1000;8.97
35.33814658;33.80464986;5303.301;2.6044;25;45;90;200;1000;8.735
35.3427204;33.81281941;5303.301;1.7434;25;45;90;200;1000;8.466
35.34729509;33.82098878;5303.301;1.8038;25;45;90;200;1000;8.245
35.35187065;33.82915797;5303.301;0.52809;25;45;90;200;1000;8.042
35.35644708;33.83732697;5303.301;0.1923;25;45;90;200;1000;7.799
35.36102439;33.8454958;5303.301;0.37784;25;45;90;200;1000;7.562
35.36560256;33.85366444;5303.301;2.2711;25;45;90;200;1000;7.313
35.37018162;33.86183291;5303.301;1.8504;25;45;90;200;1000;6.999
35.37476154;33.87000119;5303.301;1.8529;25;45;90;200;1000;6.727
35.37934234;33.8781693;5303.301;1.9953;25;45;90;200;1000;6.492
35.38392402;33.88633722;5303.301;2.3991;25;45;90;200;1000;6.2
35.38850657;33.89450496;5303.301;1.9104;25;45;90;200;1000;5.94
35.39308999;33.90267252;5303.301;1.6098;25;45;90;200;1000;5.678
35.39767429;33.9108399;5303.301;2.1444;25;45;90;200;1000;5.396
35.40225947;33.9190071;5303.301;1.1873;25;45;90;200;1000;5.096
35.40684552;33.92717412;5303.301;1.0621;25;45;90;200;1000;4.816
35.41143245;33.93534096;5303.301;0.81201;25;45;90;200;1000;4.526
35.41602026;33.94350761;5303.301;0.99313;25;45;90;200;1000;4.246
35.42060895;33.95167408;5303.301;2.354;25;45;90;200;1000;3.988
35.42519851;33.95984038;5303.301;5.6827;25;45;90;200;1000;3.69
35.42978895;33.96800649;5303.301;7.1375;25;45;90;200;1000;3.437
35.43438028;33.97617241;5303.301;8.8127;25;45;90;200;1000;3.192
35.43897248;33.98433816;5303.301;9.8415;25;45;90;200;1000;2.97
35.44356556;33.99250372;5303.301;7.6898;25;45;90;200;1000;2.751
35.44815952;34.00066911;5303.301;4.686;25;45;90;200;1000;2.487
35.45275437;34.00883431;5303.301;5.7724;25;45;90;200;1000;2.201
35.45735009;34.01699932;5303.301;5.4447;25;45;90;200;1000;1.953
35.4619467;34.02516416;5303.301;4.214;25;45;90;200;1000;1.702
35.46654418;34.03332881;5303.301;3.1772;25;45;90;200;1000;1.424
35.47114255;34.04149328;5303.301;2.115;25;45;90;200;1000;1.186
35.47574181;34.04965757;5303.301;1.0049;25;45;90;200;1000;0.974
35.48034195;34.05782168;5303.301;1.3766;25;45;90;200;1000;0.712
35.48494297;34.0659856;5303.301;2.4681;25;45;90;200;1000;0.537
35.48954487;34.07414934;5303.301;3.6885;25;45;90;200;1000;0.532
35.49414766;34.0823129;5303.301;4.2959;25;45;90;200;1000;0.706
35.49875133;34.09047627;5303.301;3.2467;25;45;90;200;1000;0.956
35.50335589;34.09863946;5303.301;3.6723;25;45;90;200;1000;1.265
35.50796134;34.10680247;5303.301;3.0584;25;45;90;200;1000;1.569
35.51256767;34.1149653;5303.301;2.0387;25;45;90;200;1000;1.903
35.51717489;34.12312794;5303.301;2.7317;25;45;90;200;1000;2.245
35.521783;34.13129039;5303.301;1.9725;25;45;90;200;1000;2.543
35.52639199;34.13945267;5303.301;1.5798;25;45;90;200;1000;2.806
35.53100187;34.14761476;5303.301;1.8452;25;45;90;200;1000;3.08
35.53561264;34.15577667;5303.301;2.1204;25;45;90;200;1000;3.368
35.5402243;34.16393839;5303.301;2.2916;25;45;90;200;1000;3.651
35.54483685;34.17209993;5303.301;1.8827;25;45;90;200;1000;4.065
35.54945029;34.18026129;5303.301;1.0476;25;45;90;200;1000;4.345
35.55406462;34.18842246;5303.301;1.3331;25;45;90;200;1000;4.592
35.55867984;34.19658345;5303.301;2.7791;25;45;90;200;1000;4.86
35.56329595;34.20474425;5303.301;3.0307;25;45;90;200;1000;5.112
35.56791295;34.21290487;5303.301;2.877;25;45;90;200;1000;5.418
35.57253084;34.2210653;5303.301;1.9475;25;45;90;200;1000;5.692
35.57714963;34.22922555;5303.301;0;25;45;90;200;1000;5.961
35.5817693;34.23738562;5303.301;0.40175;25;45;90;200;1000;6.296
35.58638987;34.2455455;5303.301;1.1542;25;45;90;200;1000;6.593
35.59101134;34.2537052;5303.301;1.4295;25;45;90;200;1000;6.867
35.5956337;34.26186471;5303.301;0.97462;25;45;90;200;1000;7.197
35.60025695;34.27002403;5303.301;1.1941;25;45;90;200;1000;7.463
35.6048811;34.27818318;5303.301;3.0146;25;45;90;200;1000;7.673
35.60950614;34.28634213;5303.301;3.7111;25;45;90;200;1000;7.94
35.61413208;34.2945009;5303.301;4.3427;25;45;90;200;1000;8.186
35.61875892;34.30265949;5303.301;4.0057;25;45;90;200;1000;8.446
35.62338665;34.31081789;5303.301;3.1017;25;45;90;200;1000;8.7
35.62801527;34.31897611;5303.301;3.1977;25;45;90;200;1000;8.985
35.6326448;34.32713414;5303.301;2.5236;25;45;90;200;1000;9.268
35.63727522;34.33529198;5303.301;2.2083;25;45;90;200;1000;9.547
35.64190655;34.34344964;5303.301;2.7029;25;45;90;200;1000;9.842
35.64653877;34.35160711;5303.301;1.8609;25;45;90;200;1000;10.077
35.65117189;34.3597644;5303.301;2.2324;25;45;90;200;1000;10.287
35.6558059;34.3679215;5303.301;1.8212;25;45;90;200;1000;10.519
35.66044082;34.37607842;5303.301;1.482;25;45;90;200;1000;10.745
35.66507664;34.38423514;5303.301;0.10433;25;45;90;200;1000;10.966
35.66971336;34.39239169;5303.301;0;25;45;90;200;1000;11.273
35.67435098;34.40054804;5303.301;0;25;45;90;200;1000;11.419
35.67898951;34.40870421;5303.301;0;25;45;90;200;1000;11.723
35.68362893;34.4168602;5303.301;0;25;45;90;200;1000;11.958
35.68826926;34.42501599;5303.301;0;25;45;90;200;1000;12.161
35.69291049;34.4331716;5303.301;0;25;45;90;200;1000;12.418
35.69755262;34.44132703;5303.301;0;25;45;90;200;1000;12.68
35.70219566;34.44948226;5303.301;0;25;45;90;200;1000;12.927
35.7068396;34.45763731;5303.301;0;25;45;90;200;1000;13.223
35.71148445;34.46579218;5303.301;0;25;45;90;200;1000;13.5
35.7161302;34.47394685;5303.301;0;25;45;90;200;1000;13.773
35.72077686;34.48210134;5303.301;0;25;45;90;200;1000;13.882
35.72542442;34.49025564;5303.301;0;25;45;90;200;1000;14.094
35.73007289;34.49840976;5303.301;0;25;45;90;200;1000;14.367
35.73472227;34.50656368;5303.301;0;25;45;90;200;1000;14.644
35.73937256;34.51471742;5303.301;0;25;45;90;200;1000;14.911
35.74402375;34.52287097;5303.301;0;25;45;90;200;1000;15.113
35.74867585;34.53102434;5303.301;0;25;45;90;200;1000;15.37
35.75332886;34.53917751;5303.301;0;25;45;90;200;1000;15.656
35.75798277;34.5473305;5303.301;0;25;45;90;200;1000;15.937
35.7626376;34.5554833;5303.301;0;25;45;90;200;1000;16.184
35.30753716;33.74691856;5444.722;0;25;45;90;200;1000;10.491
35.31210502;33.75508937;5444.722;0.51807;25;45;90;200;1000;10.253
35.31667375;33.76326;5444.722;2.116;25;45;90;200;1000;10.026
35.32124335;33.77143044;5444.722;2.5489;25;45;90;200;1000;9.746
35.32581382;33.77960071;5444.722;1.0213;25;45;90;200;1000;9.439
35.33038516;33.7877708;5444.722;2.7157;25;45;90;200;1000;9.17
35.33495737;33.79594071;5444.722;2.9901;25;45;90;200;1000;8.936
35.33953045;33.80411044;5444.722;2.6178;25;45;90;200;1000;8.717
35.3441044;33.81227998;5444.722;1.7621;25;45;90;200;1000;8.443
35.34867922;33.82044935;5444.722;1.5425;25;45;90;200;1000;8.209
35.35325491;33.82861854;5444.722;0.6298;25;45;90;200;1000;7.99
35.35783147;33.83678755;5444.722;0.26957;25;45;90;200;1000;7.787
35.36240891;33.84495637;5444.722;0;25;45;90;200;1000;7.54
35.36698722;33.85312502;5444.722;1.8828;25;45;90;200;1000;7.261
35.37156641;33.86129349;5444.722;1.5688;25;45;90;200;1000;6.99
35.37614646;33.86946177;5444.722;1.5831;25;45;90;200;1000;6.709
35.3807274;33.87762987;5444.722;2.224;25;45;90;200;1000;6.445
35.3853092;33.8857978;5444.722;2.7124;25;45;90;200;1000;6.178
35.38989188;33.89396554;5444.722;2.2108;25;45;90;200;1000;5.923
35.39447544;33.9021331;5444.722;1.6886;25;45;90;200;1000;5.634
35.39905987;33.91030048;5444.722;2.3491;25;45;90;200;1000;5.357
35.40364518;33.91846768;5444.722;1.3342;25;45;90;200;1000;5.085
35.40823137;33.9266347;5444.722;1.3981;25;45;90;200;1000;4.81
35.41281843;33.93480154;5444.722;0.89936;25;45;90;200;1000;4.518
35.41740637;33.94296819;5444.722;1.0835;25;45;90;200;1000;4.232
35.42199519;33.95113467;5444.722;2.1304;25;45;90;200;1000;3.964
35.42658489;33.95930096;5444.722;5.7295;25;45;90;200;1000;3.664
35.43117546;33.96746707;5444.722;8.1627;25;45;90;200;1000;3.41
35.43576692;33.975633;5444.722;9.7384;25;45;90;200;1000;3.175
35.44035925;33.98379874;5444.722;10.899;25;45;90;200;1000;2.958
35.44495246;33.99196431;5444.722;7.9582;25;45;90;200;1000;2.74
35.44954656;34.00012969;5444.722;5.0849;25;45;90;200;1000;2.493
35.45414154;34.00829489;5444.722;5.9964;25;45;90;200;1000;2.221
35.45873739;34.01645991;5444.722;5.7287;25;45;90;200;1000;1.953
35.46333413;34.02462475;5444.722;4.4489;25;45;90;200;1000;1.698
35.46793175;34.0327894;5444.722;3.469;25;45;90;200;1000;1.417
35.47253026;34.04095387;5444.722;2.4148;25;45;90;200;1000;1.175
35.47712964;34.04911816;5444.722;1.4892;25;45;90;200;1000;0.931
35.48172991;34.05728227;5444.722;1.6209;25;45;90;200;1000;0.681
35.48633107;34.06544619;5444.722;2.4453;25;45;90;200;1000;0.478
35.4909331;34.07360993;5444.722;3.6636;25;45;90;200;1000;0.484
35.49553603;34.08177349;5444.722;4.5274;25;45;90;200;1000;0.667
35.50013983;34.08993686;5444.722;3.3479;25;45;90;200;1000;0.937
35.50474453;34.09810005;5444.722;3.8062;25;45;90;200;1000;1.238
35.50935011;34.10626306;5444.722;2.9778;25;45;90;200;1000;1.547
35.51395657;34.11442589;5444.722;1.9913;25;45;90;200;1000;1.869
35.51856392;34.12258853;5444.722;3.2923;25;45;90;200;1000;2.205
35.52317216;34.13075099;5444.722;2.5985;25;45;90;200;1000;2.53
35.52778129;34.13891326;5444.722;1.6838;25;45;90;200;1000;2.783
35.53239131;34.14707535;5444.722;2.0113;25;45;90;200;1000;3.034
35.53700221;34.15523726;5444.722;2.3224;25;45;90;200;1000;3.339
35.541614;34.16339899;5444.722;2.3729;25;45;90;200;1000;3.643
35.54622668;34.17156053;5444.722;1.9037;25;45;90;200;1000;4.053
35.55084026;34.17972188;5444.722;1.4664;25;45;90;200;1000;4.336
35.55545472;34.18788306;5444.722;1.3563;25;45;90;200;1000;4.575
35.56007007;34.19604404;5444.722;3.0517;25;45;90;200;1000;4.896
35.56468631;34.20420485;5444.722;3.0521;25;45;90;200;1000;5.167
35.56930345;34.21236547;5444.722;2.9893;25;45;90;200;1000;5.436
35.57392148;34.2205259;5444.722;2.0662;25;45;90;200;1000;5.716
35.5785404;34.22868615;5444.722;0;25;45;90;200;1000;6.003
35.58316021;34.23684622;5444.722;0.57459;25;45;90;200;1000;6.393
35.58778091;34.2450061;5444.722;1.233;25;45;90;200;1000;6.695
35.59240251;34.2531658;5444.722;1.4673;25;45;90;200;1000;6.913
35.597025;34.26132531;5444.722;0.8822;25;45;90;200;1000;7.245
35.60164839;34.26948464;5444.722;1.1332;25;45;90;200;1000;7.51
35.60627267;34.27764378;5444.722;3.0734;25;45;90;200;1000;7.722
35.61089785;34.28580274;5444.722;3.9563;25;45;90;200;1000;7.957
35.61552392;34.29396151;5444.722;4.516;25;45;90;200;1000;8.208
35.62015089;34.30212009;5444.722;4.0087;25;45;90;200;1000;8.458
35.62477876;34.3102785;5444.722;2.9723;25;45;90;200;1000;8.707
35.62940752;34.31843671;5444.722;3.4248;25;45;90;200;1000;8.993
35.63403718;34.32659474;5444.722;2.5237;25;45;90;200;1000;9.28
35.63866774;34.33475259;5444.722;2.2339;25;45;90;200;1000;9.551
35.6432992;34.34291025;5444.722;2.7159;25;45;90;200;1000;9.844
35.64793155;34.35106772;5444.722;2.0893;25;45;90;200;1000;10.142
35.65256481;34.35922501;5444.722;2.4666;25;45;90;200;1000;10.306
35.65719896;34.36738211;5444.722;1.8647;25;45;90;200;1000;10.576
35.66183401;34.37553902;5444.722;1.5355;25;45;90;200;1000;10.789
35.66646997;34.38369575;5444.722;0;25;45;90;200;1000;11.03
35.67110682;34.3918523;5444.722;0.31964;25;45;90;200;1000;11.309
35.67574458;34.40000865;5444.722;0;25;45;90;200;1000;11.52
35.68038324;34.40816483;5444.722;0;25;45;90;200;1000;11.763
35.6850228;34.41632081;5444.722;0;25;45;90;200;1000;12.03
35.68966326;34.42447661;5444.722;0;25;45;90;200;1000;12.218
35.69430463;34.43263222;5444.722;0;25;45;90;200;1000;12.455
35.6989469;34.44078764;5444.722;0;25;45;90;200;1000;12.722
35.70359007;34.44894288;5444.722;0;25;45;90;200;1000;12.944
35.70823415;34.45709793;5444.722;0;25;45;90;200;1000;13.243
35.71287913;34.46525279;5444.722;0;25;45;90;200;1000;13.521
35.71752502;34.47340747;5444.722;0;25;45;90;200;1000;13.798
35.72217181;34.48156196;5444.722;0;25;45;90;200;1000;13.923
35.72681951;34.48971626;5444.722;0;25;45;90;200;1000;14.108
35.73146812;34.49787038;5444.722;0;25;45;90;200;1000;14.352
35.73611763;34.5060243;5444.722;0;25;45;90;200;1000;14.634
35.74076805;34.51417804;5444.722;0;25;45;90;200;1000;14.941
35.74541938;34.52233159;5444.722;0;25;45;90;200;1000;15.14
35.75007161;34.53048496;5444.722;0;25;45;90;200;1000;15.391
35.75472476;34.53863813;5444.722;0;25;45;90;200;1000;15.653
35.75937881;34.54679112;5444.722;0;25;45;90;200;1000;15.917
35.76403377;34.55494392;5444.722;0;25;45;90;200;1000;16.171
35.30892009;33.74637912;5586.144;0;25;45;90;200;1000;10.478
35.31348808;33.75454992;5586.144;0.27246;25;45;90;200;1000;10.224
35.31805695;33.76272055;5586.144;1.1162;25;45;90;200;1000;9.981
35.32262668;33.770891;5586.144;2.0305;25;45;90;200;1000;9.733
35.32719728;33.77906127;5586.144;0.82427;25;45;90;200;1000;9.415
35.33176875;33.78723136;5586.144;2.1996;25;45;90;200;1000;9.168
35.33634109;33.79540126;5586.144;2.685;25;45;90;200;1000;8.919
35.3409143;33.80357099;5586.144;2.4272;25;45;90;200;1000;8.688
35.34548838;33.81174054;5586.144;1.9031;25;45;90;200;1000;8.43
35.35006333;33.81990991;5586.144;1.7125;25;45;90;200;1000;8.191
35.35463916;33.8280791;5586.144;0.52809;25;45;90;200;1000;7.971
35.35921585;33.83624811;5586.144;0.28834;25;45;90;200;1000;7.767
35.36379342;33.84441693;5586.144;0.26552;25;45;90;200;1000;7.509
35.36837186;33.85258558;5586.144;1.4635;25;45;90;200;1000;7.244
35.37295118;33.86075405;5586.144;1.4533;25;45;90;200;1000;6.955
35.37753137;33.86892233;5586.144;1.7141;25;45;90;200;1000;6.693
35.38211243;33.87709044;5586.144;2.2389;25;45;90;200;1000;6.426
35.38669437;33.88525836;5586.144;3.1926;25;45;90;200;1000;6.16
35.39127718;33.8934261;5586.144;2.7398;25;45;90;200;1000;5.898
35.39586087;33.90159367;5586.144;1.8054;25;45;90;200;1000;5.61
35.40044544;33.90976105;5586.144;2.5132;25;45;90;200;1000;5.34
35.40503088;33.91792825;5586.144;1.6771;25;45;90;200;1000;5.08
35.4096172;33.92609526;5586.144;1.7318;25;45;90;200;1000;4.812
35.41420439;33.9342621;5586.144;1.0122;25;45;90;200;1000;4.518
35.41879246;33.94242876;5586.144;0.98836;25;45;90;200;1000;4.234
35.42338141;33.95059523;5586.144;1.6417;25;45;90;200;1000;3.955
35.42797124;33.95876152;5586.144;5.6411;25;45;90;200;1000;3.663
35.43256195;33.96692764;5586.144;8.8197;25;45;90;200;1000;3.41
35.43715354;33.97509356;5586.144;10.358;25;45;90;200;1000;3.178
35.441746;33.98325931;5586.144;11.711;25;45;90;200;1000;2.964
35.44633935;33.99142488;5586.144;8.5708;25;45;90;200;1000;2.747
35.45093358;33.99959026;5586.144;5.0816;25;45;90;200;1000;2.503
35.45552869;34.00775546;5586.144;6.3239;25;45;90;200;1000;2.247
35.46012468;34.01592048;5586.144;5.9383;25;45;90;200;1000;1.971
35.46472155;34.02408532;5586.144;4.7877;25;45;90;200;1000;1.72
35.4693193;34.03224997;5586.144;3.6635;25;45;90;200;1000;1.441
35.47391794;34.04041444;5586.144;2.424;25;45;90;200;1000;1.162
35.47851746;34.04857873;5586.144;1.9547;25;45;90;200;1000;0.903
35.48311786;34.05674284;5586.144;2.0045;25;45;90;200;1000;0.665
35.48771915;34.06490676;5586.144;2.5557;25;45;90;200;1000;0.427
35.49232132;34.0730705;5586.144;3.4575;25;45;90;200;1000;0.426
35.49692437;34.08123406;5586.144;4.4603;25;45;90;200;1000;0.628
35.50152831;34.08939744;5586.144;3.5905;25;45;90;200;1000;0.909
35.50613314;34.09756063;5586.144;3.8112;25;45;90;200;1000;1.208
35.51073885;34.10572364;5586.144;2.9595;25;45;90;200;1000;1.525
35.51534545;34.11388646;5586.144;2.0757;25;45;90;200;1000;1.845
35.51995294;34.12204911;5586.144;3.9324;25;45;90;200;1000;2.167
35.52456131;34.13021157;5586.144;3.0912;25;45;90;200;1000;2.452
35.52917057;34.13837384;5586.144;1.6079;25;45;90;200;1000;2.743
35.53378072;34.14653593;5586.144;2.0208;25;45;90;200;1000;3.004
35.53839176;34.15469784;5586.144;2.4833;25;45;90;200;1000;3.325
35.54300368;34.16285957;5586.144;2.41;25;45;90;200;1000;3.653
35.5476165;34.17102111;5586.144;2.0544;25;45;90;200;1000;3.985
35.55223021;34.17918246;5586.144;1.5144;25;45;90;200;1000;4.266
35.5568448;34.18734364;5586.144;1.4544;25;45;90;200;1000;4.545
35.56146029;34.19550463;5586.144;3.3016;25;45;90;200;1000;4.895
35.56607666;34.20366543;5586.144;2.8728;25;45;90;200;1000;5.207
35.57069393;34.21182605;5586.144;2.8518;25;45;90;200;1000;5.471
35.57531209;34.21998649;5586.144;2.1435;25;45;90;200;1000;5.777
35.57993115;34.22814674;5586.144;0;25;45;90;200;1000;6.017
35.58455109;34.2363068;5586.144;0.7635;25;45;90;200;1000;6.366
35.58917193;34.24446669;5586.144;1.1895;25;45;90;200;1000;6.669
35.59379367;34.25262638;5586.144;1.3477;25;45;90;200;1000;7.012
35.59841629;34.2607859;5586.144;0.96524;25;45;90;200;1000;7.263
35.60303981;34.26894522;5586.144;1.606;25;45;90;200;1000;7.561
35.60766423;34.27710437;5586.144;3.1116;25;45;90;200;1000;7.792
35.61228954;34.28526332;5586.144;4.3161;25;45;90;200;1000;7.983
35.61691575;34.2934221;5586.144;4.5952;25;45;90;200;1000;8.267
35.62154285;34.30158068;5586.144;4.2526;25;45;90;200;1000;8.484
35.62617085;34.30973909;5586.144;2.9722;25;45;90;200;1000;8.729
35.63079975;34.3178973;5586.144;3.4988;25;45;90;200;1000;8.984
35.63542955;34.32605533;5586.144;2.5739;25;45;90;200;1000;9.303
35.64006024;34.33421318;5586.144;2.0455;25;45;90;200;1000;9.573
35.64469183;34.34237084;5586.144;2.914;25;45;90;200;1000;9.88
35.64932432;34.35052831;5586.144;2.2005;25;45;90;200;1000;10.201
35.65395771;34.3586856;5586.144;2.7123;25;45;90;200;1000;10.335
35.658592;34.3668427;5586.144;1.8511;25;45;90;200;1000;10.613
35.66322719;34.37499962;5586.144;1.5446;25;45;90;200;1000;10.83
35.66786328;34.38315635;5586.144;0.35344;25;45;90;200;1000;11.072
35.67250027;34.39131289;5586.144;0.55855;25;45;90;200;1000;11.33
35.67713816;34.39946925;5586.144;0;25;45;90;200;1000;11.606
35.68177695;34.40762542;5586.144;0;25;45;90;200;1000;11.824
35.68641665;34.41578141;5586.144;0;25;45;90;200;1000;12.076
35.69105725;34.4239372;5586.144;0;25;45;90;200;1000;12.267
35.69569875;34.43209282;5586.144;0;25;45;90;200;1000;12.496
35.70034115;34.44024824;5586.144;0;25;45;90;200;1000;12.75
35.70498446;34.44840348;5586.144;0;25;45;90;200;1000;12.97
35.70962867;34.45655853;5586.144;0;25;45;90;200;1000;13.267
35.71427379;34.46471339;5586.144;0;25;45;90;200;1000;13.55
35.71891981;34.47286807;5586.144;0;25;45;90;200;1000;13.822
35.72356674;34.48102256;5586.144;0;25;45;90;200;1000;13.974
35.72821458;34.48917686;5586.144;0;25;45;90;200;1000;14.132
35.73286332;34.49733098;5586.144;0;25;45;90;200;1000;14.361
35.73751297;34.5054849;5586.144;0;25;45;90;200;1000;14.661
35.74216352;34.51363864;5586.144;0;25;45;90;200;1000;14.951
35.74681499;34.5217922;5586.144;0;25;45;90;200;1000;15.179
35.75146736;34.52994556;5586.144;0;25;45;90;200;1000;15.406
35.75612064;34.53809874;5586.144;0;25;45;90;200;1000;15.657
35.76077483;34.54625173;5586.144;0;25;45;90;200;1000;15.91
35.76542993;34.55440453;5586.144;0;25;45;90;200;1000;16.143
35.31030301;33.74583965;5727.565;0;25;45;90;200;1000;10.449
35.31487113;33.75401046;5727.565;0.16898;25;45;90;200;1000;10.202
35.31944012;33.76218109;5727.565;0.70332;25;45;90;200;1000;9.94
35.32400999;33.77035154;5727.565;1.5676;25;45;90;200;1000;9.675
35.32858072;33.77852181;5727.565;0.97896;25;45;90;200;1000;9.395
35.33315232;33.7866919;5727.565;2.0684;25;45;90;200;1000;9.163
35.33772479;33.7948618;5727.565;2.675;25;45;90;200;1000;8.916
35.34229813;33.80303153;5727.565;1.8811;25;45;90;200;1000;8.659
35.34687234;33.81120108;5727.565;2.1908;25;45;90;200;1000;8.405
35.35144743;33.81937045;5727.565;1.7454;25;45;90;200;1000;8.184
35.35602338;33.82753964;5727.565;0.19814;25;45;90;200;1000;7.957
35.36060021;33.83570865;5727.565;0.30676;25;45;90;200;1000;7.742
35.36517791;33.84387748;5727.565;0.8433;25;45;90;200;1000;7.507
35.36975649;33.85204612;5727.565;1.3661;25;45;90;200;1000;7.232
35.37433593;33.86021459;5727.565;1.6906;25;45;90;200;1000;6.956
35.37891625;33.86838288;5727.565;1.7583;25;45;90;200;1000;6.694
35.38349745;33.87655098;5727.565;2.3629;25;45;90;200;1000;6.428
35.38807952;33.88471891;5727.565;3.6063;25;45;90;200;1000;6.152
35.39266247;33.89288665;5727.565;2.977;25;45;90;200;1000;5.883
35.39724629;33.90105421;5727.565;2.0286;25;45;90;200;1000;5.603
35.40183098;33.90922159;5727.565;2.4497;25;45;90;200;1000;5.346
35.40641656;33.91738879;5727.565;2.0083;25;45;90;200;1000;5.09
35.41100301;33.92555581;5727.565;1.9395;25;45;90;200;1000;4.831
35.41559033;33.93372265;5727.565;1.324;25;45;90;200;1000;4.536
35.42017854;33.94188931;5727.565;1.0714;25;45;90;200;1000;4.257
35.42476762;33.95005578;5727.565;1.2899;25;45;90;200;1000;3.97
35.42935758;33.95822208;5727.565;5.8631;25;45;90;200;1000;3.684
35.43394842;33.96638819;5727.565;9.4902;25;45;90;200;1000;3.428
35.43854014;33.97455412;5727.565;11.019;25;45;90;200;1000;3.189
35.44313274;33.98271986;5727.565;12.154;25;45;90;200;1000;2.991
35.44772622;33.99088543;5727.565;9.0828;25;45;90;200;1000;2.773
35.45232058;33.99905081;5727.565;5.8362;25;45;90;200;1000;2.542
35.45691582;34.00721602;5727.565;6.9677;25;45;90;200;1000;2.266
35.46151194;34.01538104;5727.565;6.228;25;45;90;200;1000;1.975
35.46610895;34.02354587;5727.565;4.9589;25;45;90;200;1000;1.718
35.47070683;34.03171053;5727.565;4.4637;25;45;90;200;1000;1.446
35.4753056;34.039875;5727.565;2.826;25;45;90;200;1000;1.152
35.47990526;34.04803929;5727.565;2.2066;25;45;90;200;1000;0.886
35.48450579;34.0562034;5727.565;2.2984;25;45;90;200;1000;0.644
35.48910721;34.06436732;5727.565;2.6874;25;45;90;200;1000;0.373
35.49370952;34.07253106;5727.565;2.9384;25;45;90;200;1000;0.383
35.4983127;34.08069462;5727.565;4.172;25;45;90;200;1000;0.547
35.50291678;34.088858;5727.565;3.9865;25;45;90;200;1000;0.883
35.50752174;34.09702119;5727.565;4.0951;25;45;90;200;1000;1.182
35.51212758;34.1051842;5727.565;3.002;25;45;90;200;1000;1.491
35.51673432;34.11334703;5727.565;2.5297;25;45;90;200;1000;1.823
35.52134193;34.12150967;5727.565;4.3451;25;45;90;200;1000;2.145
35.52595044;34.12967213;5727.565;3.7829;25;45;90;200;1000;2.434
35.53055983;34.1378344;5727.565;1.7334;25;45;90;200;1000;2.721
35.53517012;34.1459965;5727.565;1.9772;25;45;90;200;1000;2.994
35.53978129;34.15415841;5727.565;2.4896;25;45;90;200;1000;3.32
35.54439335;34.16232013;5727.565;2.2204;25;45;90;200;1000;3.628
35.5490063;34.17048167;5727.565;2.2267;25;45;90;200;1000;3.927
35.55362014;34.17864303;5727.565;1.3165;25;45;90;200;1000;4.207
35.55823487;34.1868042;5727.565;1.5721;25;45;90;200;1000;4.508
35.56285049;34.19496519;5727.565;3.3227;25;45;90;200;1000;4.861
35.567467;34.203126;5727.565;2.755;25;45;90;200;1000;5.199
35.5720844;34.21128662;5727.565;2.6785;25;45;90;200;1000;5.501
35.5767027;34.21944705;5727.565;2.2432;25;45;90;200;1000;5.822
35.58132188;34.22760731;5727.565;0;25;45;90;200;1000;6.065
35.58594196;34.23576737;5727.565;0.62628;25;45;90;200;1000;6.341
35.59056294;34.24392725;5727.565;1.1933;25;45;90;200;1000;6.657
35.5951848;34.25208695;5727.565;1.0615;25;45;90;200;1000;7.004
35.59980756;34.26024647;5727.565;1.0646;25;45;90;200;1000;7.296
35.60443122;34.26840579;5727.565;1.939;25;45;90;200;1000;7.587
35.60905577;34.27656494;5727.565;3.5145;25;45;90;200;1000;7.828
35.61368122;34.2847239;5727.565;4.6158;25;45;90;200;1000;8.043
35.61830756;34.29288267;5727.565;4.4635;25;45;90;200;1000;8.298
35.6229348;34.30104126;5727.565;4.3751;25;45;90;200;1000;8.547
35.62756293;34.30919966;5727.565;2.9473;25;45;90;200;1000;8.743
35.63219196;34.31735788;5727.565;3.3601;25;45;90;200;1000;8.992
35.63682189;34.32551591;5727.565;2.5481;25;45;90;200;1000;9.304
35.64145272;34.33367375;5727.565;1.9546;25;45;90;200;1000;9.613
35.64608445;34.34183141;5727.565;2.9183;25;45;90;200;1000;9.909
35.65071707;34.34998889;5727.565;2.4772;25;45;90;200;1000;10.225
35.65535059;34.35814618;5727.565;2.6799;25;45;90;200;1000;10.396
35.65998502;34.36630328;5727.565;2.1606;25;45;90;200;1000;10.644
35.66462034;34.3744602;5727.565;1.6953;25;45;90;200;1000;10.889
35.66925657;34.38261693;5727.565;0.5658;25;45;90;200;1000;11.157
35.67389369;34.39077347;5727.565;0.5203;25;45;90;200;1000;11.38
35.67853172;34.39892983;5727.565;0;25;45;90;200;1000;11.696
35.68317065;34.407086;5727.565;0;25;45;90;200;1000;11.87
35.68781048;34.41524199;5727.565;0;25;45;90;200;1000;12.113
35.69245121;34.42339778;5727.565;0;25;45;90;200;1000;12.305
35.69709285;34.4315534;5727.565;0;25;45;90;200;1000;12.522
35.70173539;34.43970882;5727.565;0;25;45;90;200;1000;12.773
35.70637883;34.44786406;5727.565;0;25;45;90;200;1000;13.004
35.71102318;34.45601911;5727.565;0;25;45;90;200;1000;13.281
35.71566843;34.46417398;5727.565;0;25;45;90;200;1000;13.573
35.72031459;34.47232865;5727.565;0;25;45;90;200;1000;13.835
35.72496166;34.48048314;5727.565;0;25;45;90;200;1000;14.025
35.72960963;34.48863745;5727.565;0;25;45;90;200;1000;14.164
35.7342585;34.49679156;5727.565;0;25;45;90;200;1000;14.409
35.73890829;34.50494549;5727.565;0;25;45;90;200;1000;14.703
35.74355898;34.51309923;5727.565;0;25;45;90;200;1000;14.967
35.74821058;34.52125278;5727.565;0;25;45;90;200;1000;15.216
35.75286309;34.52940615;5727.565;0;25;45;90;200;1000;15.424
35.7575165;34.53755933;5727.565;0;25;45;90;200;1000;15.66
35.76217083;34.54571232;5727.565;0;25;45;90;200;1000;15.885
35.76682606;34.55386512;5727.565;0;25;45;90;200;1000;16.125
35.3116859;33.74530018;5868.986;0;25;45;90;200;1000;10.417
35.31625416;33.75347098;5868.986;0.58556;25;45;90;200;1000;10.187
35.32082328;33.76164161;5868.986;0.21374;25;45;90;200;1000;9.918
35.32539328;33.76981206;5868.986;0.9072;25;45;90;200;1000;9.644
35.32996414;33.77798233;5868.986;1.0579;25;45;90;200;1000;9.387
35.33453587;33.78615242;5868.986;1.7858;25;45;90;200;1000;9.147
35.33910847;33.79432233;5868.986;2.3671;25;45;90;200;1000;8.902
35.34368195;33.80249206;5868.986;1.5354;25;45;90;200;1000;8.657
35.34825629;33.81066161;5868.986;2.229;25;45;90;200;1000;8.406
35.35283151;33.81883098;5868.986;1.7755;25;45;90;200;1000;8.184
35.35740759;33.82700017;5868.986;0;25;45;90;200;1000;7.938
35.36198455;33.83516918;5868.986;0.99526;25;45;90;200;1000;7.724
35.36656239;33.843338;5868.986;1.2552;25;45;90;200;1000;7.497
35.37114109;33.85150665;5868.986;1.9577;25;45;90;200;1000;7.236
35.37572067;33.85967512;5868.986;1.7512;25;45;90;200;1000;6.995
35.38030112;33.86784341;5868.986;1.7141;25;45;90;200;1000;6.715
35.38488245;33.87601151;5868.986;2.5754;25;45;90;200;1000;6.453
35.38946465;33.88417944;5868.986;3.8155;25;45;90;200;1000;6.191
35.39404773;33.89234718;5868.986;3.0719;25;45;90;200;1000;5.898
35.39863168;33.90051474;5868.986;2.248;25;45;90;200;1000;5.611
35.40321651;33.90868213;5868.986;2.213;25;45;90;200;1000;5.372
35.40780222;33.91684933;5868.986;2.5492;25;45;90;200;1000;5.119
35.4123888;33.92501635;5868.986;1.7997;25;45;90;200;1000;4.846
35.41697626;33.93318318;5868.986;1.4756;25;45;90;200;1000;4.568
35.4215646;33.94134984;5868.986;1.0631;25;45;90;200;1000;4.296
35.42615381;33.94951632;5868.986;1.1946;25;45;90;200;1000;3.989
35.4307439;33.95768261;5868.986;5.7137;25;45;90;200;1000;3.712
35.43533488;33.96584872;5868.986;9.8947;25;45;90;200;1000;3.453
35.43992673;33.97401465;5868.986;11.588;25;45;90;200;1000;3.238
35.44451946;33.9821804;5868.986;12.556;25;45;90;200;1000;3.05
35.44911307;33.99034597;5868.986;9.5673;25;45;90;200;1000;2.801
35.45370756;33.99851135;5868.986;6.2949;25;45;90;200;1000;2.555
35.45830294;34.00667655;5868.986;7.2641;25;45;90;200;1000;2.286
35.46289919;34.01484157;5868.986;6.6335;25;45;90;200;1000;1.985
35.46749633;34.02300641;5868.986;5.5247;25;45;90;200;1000;1.732
35.47209435;34.03117107;5868.986;4.8747;25;45;90;200;1000;1.462
35.47669325;34.03933554;5868.986;3.2767;25;45;90;200;1000;1.186
35.48129304;34.04749983;5868.986;2.292;25;45;90;200;1000;0.877
35.4858937;34.05566394;5868.986;2.7531;25;45;90;200;1000;0.622
35.49049526;34.06382786;5868.986;2.7588;25;45;90;200;1000;0.316
35.49509769;34.07199161;5868.986;2.8965;25;45;90;200;1000;0.304
35.49970102;34.08015516;5868.986;3.524;25;45;90;200;1000;0.509
35.50430522;34.08831854;5868.986;3.9342;25;45;90;200;1000;0.827
35.50891032;34.09648173;5868.986;3.9364;25;45;90;200;1000;1.167
35.5135163;34.10464474;5868.986;3.4431;25;45;90;200;1000;1.482
35.51812316;34.11280757;5868.986;3.2854;25;45;90;200;1000;1.821
35.52273091;34.12097021;5868.986;4.077;25;45;90;200;1000;2.153
35.52733955;34.12913267;5868.986;4.1223;25;45;90;200;1000;2.442
35.53194908;34.13729495;5868.986;1.7937;25;45;90;200;1000;2.731
35.5365595;34.14545704;5868.986;1.9147;25;45;90;200;1000;3.031
35.5411708;34.15361895;5868.986;2.3673;25;45;90;200;1000;3.366
35.54578299;34.16178068;5868.986;2.0022;25;45;90;200;1000;3.646
35.55039608;34.16994222;5868.986;2.3166;25;45;90;200;1000;3.937
35.55501005;34.17810358;5868.986;1.8557;25;45;90;200;1000;4.213
35.55962491;34.18626475;5868.986;1.5089;25;45;90;200;1000;4.511
35.56424067;34.19442574;5868.986;3.1356;25;45;90;200;1000;4.854
35.56885731;34.20258655;5868.986;2.7779;25;45;90;200;1000;5.168
35.57347485;34.21074717;5868.986;2.575;25;45;90;200;1000;5.479
35.57809328;34.21890761;5868.986;2.1338;25;45;90;200;1000;5.801
35.5827126;34.22706786;5868.986;0;25;45;90;200;1000;6.094
35.58733281;34.23522793;5868.986;0.74752;25;45;90;200;1000;6.35
35.59195392;34.24338781;5868.986;1.2014;25;45;90;200;1000;6.663
35.59657592;34.25154751;5868.986;0.94376;25;45;90;200;1000;7.008
35.60119882;34.25970702;5868.986;1.1345;25;45;90;200;1000;7.285
35.60582261;34.26786635;5868.986;2.1135;25;45;90;200;1000;7.537
35.61044729;34.27602549;5868.986;3.8706;25;45;90;200;1000;7.808
35.61507287;34.28418445;5868.986;4.8893;25;45;90;200;1000;8.1
35.61969935;34.29234323;5868.986;4.6701;25;45;90;200;1000;8.329
35.62432672;34.30050181;5868.986;4.535;25;45;90;200;1000;8.578
35.62895499;34.30866022;5868.986;2.8922;25;45;90;200;1000;8.769
35.63358416;34.31681843;5868.986;3.3368;25;45;90;200;1000;9.027
35.63821422;34.32497647;5868.986;2.6565;25;45;90;200;1000;9.319
35.64284518;34.33313431;5868.986;2.0001;25;45;90;200;1000;9.63
35.64747704;34.34129197;5868.986;2.6552;25;45;90;200;1000;9.934
35.6521098;34.34944945;5868.986;2.5975;25;45;90;200;1000;10.259
35.65674346;34.35760674;5868.986;3.0501;25;45;90;200;1000;10.483
35.66137802;34.36576384;5868.986;2.2646;25;45;90;200;1000;10.703
35.66601348;34.37392076;5868.986;1.5735;25;45;90;200;1000;10.927
35.67064984;34.38207749;5868.986;1.0941;25;45;90;200;1000;11.186
35.6752871;34.39023403;5868.986;0.34497;25;45;90;200;1000;11.412
35.67992526;34.39839039;5868.986;0;25;45;90;200;1000;11.74
35.68456432;34.40654656;5868.986;0;25;45;90;200;1000;11.923
35.68920429;34.41470255;5868.986;0;25;45;90;200;1000;12.168
35.69384516;34.42285835;5868.986;0;25;45;90;200;1000;12.363
35.69848693;34.43101396;5868.986;0;25;45;90;200;1000;12.557
35.70312961;34.43916939;5868.986;0;25;45;90;200;1000;12.806
35.70777319;34.44732463;5868.986;0;25;45;90;200;1000;13.051
35.71241767;34.45547968;5868.986;0;25;45;90;200;1000;13.316
35.71706306;34.46363454;5868.986;0;25;45;90;200;1000;13.609
35.72170935;34.47178922;5868.986;0;25;45;90;200;1000;13.873
35.72635655;34.47994371;5868.986;0;25;45;90;200;1000;14.081
35.73100466;34.48809802;5868.986;0;25;45;90;200;1000;14.22
35.73565367;34.49625213;5868.986;0;25;45;90;200;1000;14.447
35.74030359;34.50440606;5868.986;0;25;45;90;200;1000;14.726
35.74495442;34.5125598;5868.986;0;25;45;90;200;1000;15.01
35.74960615;34.52071336;5868.986;0;25;45;90;200;1000;15.249
35.7542588;34.52886672;5868.986;0;25;45;90;200;1000;15.436
35.75891235;34.5370199;5868.986;0;25;45;90;200;1000;15.673
35.76356681;34.54517289;5868.986;0;25;45;90;200;1000;15.892
35.76822218;34.55332569;5868.986;0;25;45;90;200;1000;16.13
35.31306878;33.74476068;6010.408;0;25;45;90;200;1000;10.392
35.31763717;33.75293149;6010.408;0.65286;25;45;90;200;1000;10.166
35.32220643;33.76110212;6010.408;0.29145;25;45;90;200;1000;9.895
35.32677655;33.76927257;6010.408;1.1354;25;45;90;200;1000;9.651
35.33134754;33.77744284;6010.408;1.3904;25;45;90;200;1000;9.402
35.33591941;33.78561293;6010.408;1.6047;25;45;90;200;1000;9.137
35.34049214;33.79378284;6010.408;2.1917;25;45;90;200;1000;8.897
35.34506575;33.80195257;6010.408;1.4277;25;45;90;200;1000;8.678
35.34964022;33.81012212;6010.408;2.0336;25;45;90;200;1000;8.429
35.35421557;33.81829149;6010.408;1.7132;25;45;90;200;1000;8.217
35.35879179;33.82646068;6010.408;0;25;45;90;200;1000;7.943
35.36336888;33.83462969;6010.408;1.3604;25;45;90;200;1000;7.727
35.36794684;33.84279852;6010.408;1.5097;25;45;90;200;1000;7.499
35.37252568;33.85096717;6010.408;2.3754;25;45;90;200;1000;7.256
35.37710539;33.85913563;6010.408;2.3403;25;45;90;200;1000;7.049
35.38168598;33.86730392;6010.408;1.5831;25;45;90;200;1000;6.756
35.38626743;33.87547203;6010.408;2.5857;25;45;90;200;1000;6.501
35.39084977;33.88363995;6010.408;3.6756;25;45;90;200;1000;6.182
35.39543298;33.8918077;6010.408;2.9929;25;45;90;200;1000;5.879
35.40001706;33.89997526;6010.408;2.2606;25;45;90;200;1000;5.583
35.40460202;33.90814264;6010.408;2.0357;25;45;90;200;1000;5.348
35.40918786;33.91630984;6010.408;3.0397;25;45;90;200;1000;5.082
35.41377457;33.92447686;6010.408;1.556;25;45;90;200;1000;4.84
35.41836217;33.9326437;6010.408;1.522;25;45;90;200;1000;4.568
35.42295064;33.94081036;6010.408;0.92638;25;45;90;200;1000;4.311
35.42753998;33.94897684;6010.408;1.3142;25;45;90;200;1000;4.014
35.43213021;33.95714313;6010.408;5.8521;25;45;90;200;1000;3.739
35.43672131;33.96530924;6010.408;10.275;25;45;90;200;1000;3.482
35.4413133;33.97347517;6010.408;11.999;25;45;90;200;1000;3.279
35.44590616;33.98164092;6010.408;12.908;25;45;90;200;1000;3.085
35.45049991;33.98980649;6010.408;10.08;25;45;90;200;1000;2.865
35.45509453;33.99797187;6010.408;6.9304;25;45;90;200;1000;2.594
35.45969004;34.00613708;6010.408;7.407;25;45;90;200;1000;2.304
35.46428643;34.0143021;6010.408;6.8239;25;45;90;200;1000;2.015
35.46888369;34.02246694;6010.408;6.1419;25;45;90;200;1000;1.8
35.47348185;34.03063159;6010.408;5.0957;25;45;90;200;1000;1.48
35.47808088;34.03879606;6010.408;3.5707;25;45;90;200;1000;1.216
35.4826808;34.04696036;6010.408;2.2753;25;45;90;200;1000;0.924
35.4872816;34.05512446;6010.408;2.8252;25;45;90;200;1000;0.614
35.49188329;34.06328839;6010.408;2.8872;25;45;90;200;1000;0.281
35.49648586;34.07145213;6010.408;2.7197;25;45;90;200;1000;0.233
35.50108931;34.07961569;6010.408;3.2123;25;45;90;200;1000;0.476
35.50569365;34.08777907;6010.408;4.3465;25;45;90;200;1000;0.814
35.51029888;34.09594226;6010.408;3.8195;25;45;90;200;1000;1.161
35.51490499;34.10410527;6010.408;3.749;25;45;90;200;1000;1.521
35.51951199;34.1122681;6010.408;3.836;25;45;90;200;1000;1.854
35.52411987;34.12043074;6010.408;4.1053;25;45;90;200;1000;2.168
35.52872865;34.1285932;6010.408;4.1771;25;45;90;200;1000;2.461
35.53333831;34.13675548;6010.408;1.7743;25;45;90;200;1000;2.785
35.53794886;34.14491758;6010.408;1.6593;25;45;90;200;1000;3.058
35.5425603;34.15307949;6010.408;1.9515;25;45;90;200;1000;3.422
35.54717262;34.16124121;6010.408;1.6664;25;45;90;200;1000;3.682
35.55178584;34.16940275;6010.408;2.4996;25;45;90;200;1000;3.956
35.55639995;34.17756411;6010.408;2.2571;25;45;90;200;1000;4.242
35.56101494;34.18572529;6010.408;1.6274;25;45;90;200;1000;4.533
35.56563083;34.19388628;6010.408;2.7405;25;45;90;200;1000;4.843
35.57024761;34.20204708;6010.408;2.7839;25;45;90;200;1000;5.161
35.57486528;34.2102077;6010.408;2.5818;25;45;90;200;1000;5.442
35.57948384;34.21836814;6010.408;2.3664;25;45;90;200;1000;5.763
35.5841033;34.22652839;6010.408;0.12734;25;45;90;200;1000;6.083
35.58872365;34.23468846;6010.408;0.93479;25;45;90;200;1000;6.361
35.59334489;34.24284835;6010.408;0.78398;25;45;90;200;1000;6.665
35.59796702;34.25100805;6010.408;0.98113;25;45;90;200;1000;7.008
35.60259005;34.25916756;6010.408;1.4363;25;45;90;200;1000;7.277
35.60721398;34.26732689;6010.408;2.1962;25;45;90;200;1000;7.532
35.6118388;34.27548603;6010.408;4.0293;25;45;90;200;1000;7.804
35.61646451;34.28364499;6010.408;5.2926;25;45;90;200;1000;8.107
35.62109112;34.29180377;6010.408;5.136;25;45;90;200;1000;8.366
35.62571863;34.29996235;6010.408;5.0158;25;45;90;200;1000;8.612
35.63034703;34.30812076;6010.408;2.794;25;45;90;200;1000;8.825
35.63497633;34.31627898;6010.408;3.1961;25;45;90;200;1000;9.079
35.63960653;34.32443701;6010.408;2.8772;25;45;90;200;1000;9.357
35.64423763;34.33259486;6010.408;2.0194;25;45;90;200;1000;9.646
35.64886962;34.34075252;6010.408;2.2522;25;45;90;200;1000;9.972
35.65350252;34.34890999;6010.408;2.5158;25;45;90;200;1000;10.283
35.65813631;34.35706728;6010.408;3.073;25;45;90;200;1000;10.558
35.66277101;34.36522439;6010.408;2.2889;25;45;90;200;1000;10.745
35.6674066;34.3733813;6010.408;1.6468;25;45;90;200;1000;10.989
35.67204309;34.38153804;6010.408;1.707;25;45;90;200;1000;11.249
35.67668049;34.38969458;6010.408;0.328;25;45;90;200;1000;11.462
35.68131878;34.39785094;6010.408;0;25;45;90;200;1000;11.741
35.68595798;34.40600711;6010.408;0;25;45;90;200;1000;11.968
35.69059808;34.4141631;6010.408;0;25;45;90;200;1000;12.219
35.69523909;34.4223189;6010.408;0;25;45;90;200;1000;12.423
35.699881;34.43047451;6010.408;0;25;45;90;200;1000;12.597
35.70452381;34.43862994;6010.408;0;25;45;90;200;1000;12.865
35.70916752;34.44678518;6010.408;0;25;45;90;200;1000;13.091
35.71381214;34.45494023;6010.408;0;25;45;90;200;1000;13.36
35.71845766;34.4630951;6010.408;0;25;45;90;200;1000;13.662
35.72310409;34.47124977;6010.408;0;25;45;90;200;1000;13.887
35.72775143;34.47940427;6010.408;0;25;45;90;200;1000;14.134
35.73239967;34.48755857;6010.408;0;25;45;90;200;1000;14.262
35.73704882;34.49571269;6010.408;0;25;45;90;200;1000;14.483
35.74169888;34.50386662;6010.408;0;25;45;90;200;1000;14.766
35.74634984;34.51202036;6010.408;0;25;45;90;200;1000;15.046
35.75100171;34.52017391;6010.408;0;25;45;90;200;1000;15.261
35.75565449;34.52832728;6010.408;0;25;45;90;200;1000;15.456
35.76030818;34.53648046;6010.408;0;25;45;90;200;1000;15.691
35.76496277;34.54463345;6010.408;0;25;45;90;200;1000;15.93
35.76961828;34.55278625;6010.408;0;25;45;90;200;1000;16.155
35.31445165;33.74422117;6151.829;0;25;45;90;200;1000;10.387
35.31902017;33.75239198;6151.829;0.61746;25;45;90;200;1000;10.159
35.32358955;33.76056261;6151.829;0.40607;25;45;90;200;1000;9.89
35.32815981;33.76873306;6151.829;1.3227;25;45;90;200;1000;9.652
35.33273093;33.77690333;6151.829;1.4992;25;45;90;200;1000;9.389
35.33730293;33.78507342;6151.829;1.4946;25;45;90;200;1000;9.141
35.34187579;33.79324333;6151.829;1.8962;25;45;90;200;1000;8.905
35.34644953;33.80141306;6151.829;1.1873;25;45;90;200;1000;8.699
35.35102414;33.80958261;6151.829;1.9401;25;45;90;200;1000;8.459
35.35559961;33.81775198;6151.829;1.3688;25;45;90;200;1000;8.229
35.36017596;33.82592117;6151.829;0.46199;25;45;90;200;1000;7.974
35.36475319;33.83409018;6151.829;1.5288;25;45;90;200;1000;7.763
35.36933128;33.84225901;6151.829;1.6834;25;45;90;200;1000;7.514
35.37391025;33.85042766;6151.829;2.546;25;45;90;200;1000;7.31
35.37849009;33.85859613;6151.829;2.6051;25;45;90;200;1000;7.117
35.38307081;33.86676442;6151.829;1.565;25;45;90;200;1000;6.795
35.3876524;33.87493253;6151.829;2.7781;25;45;90;200;1000;6.516
35.39223487;33.88310045;6151.829;3.7412;25;45;90;200;1000;6.175
35.39681821;33.8912682;6151.829;3.3308;25;45;90;200;1000;5.849
35.40140242;33.89943576;6151.829;2.3608;25;45;90;200;1000;5.57
35.40598752;33.90760314;6151.829;2.3409;25;45;90;200;1000;5.322
35.41057349;33.91577035;6151.829;3.1751;25;45;90;200;1000;5.066
35.41516033;33.92393737;6151.829;1.521;25;45;90;200;1000;4.831
35.41974806;33.93210421;6151.829;1.0822;25;45;90;200;1000;4.573
35.42433666;33.94027086;6151.829;0.83422;25;45;90;200;1000;4.317
35.42892614;33.94843734;6151.829;1.4472;25;45;90;200;1000;4.044
35.4335165;33.95660363;6151.829;5.383;25;45;90;200;1000;3.772
35.43810773;33.96476975;6151.829;10.296;25;45;90;200;1000;3.531
35.44269985;33.97293568;6151.829;12.594;25;45;90;200;1000;3.327
35.44729285;33.98110143;6151.829;12.938;25;45;90;200;1000;3.095
35.45188672;33.989267;6151.829;10.097;25;45;90;200;1000;2.849
35.45648148;33.99743238;6151.829;7.2165;25;45;90;200;1000;2.601
35.46107712;34.00559758;6151.829;7.5798;25;45;90;200;1000;2.309
35.46567364;34.0137626;6151.829;6.7748;25;45;90;200;1000;2.057
35.47027104;34.02192744;6151.829;6.7387;25;45;90;200;1000;1.795
35.47486933;34.0300921;6151.829;5.3617;25;45;90;200;1000;1.517
35.47946849;34.03825657;6151.829;3.9133;25;45;90;200;1000;1.241
35.48406854;34.04642087;6151.829;2.3223;25;45;90;200;1000;0.99
35.48866948;34.05458497;6151.829;2.7823;25;45;90;200;1000;0.641
35.4932713;34.0627489;6151.829;2.7696;25;45;90;200;1000;0.23
35.497874;34.07091264;6151.829;2.8683;25;45;90;200;1000;0.168
35.50247759;34.0790762;6151.829;2.8683;25;45;90;200;1000;0.46
35.50708206;34.08723958;6151.829;4.2527;25;45;90;200;1000;0.822
35.51168742;34.09540278;6151.829;3.8593;25;45;90;200;1000;1.202
35.51629367;34.10356579;6151.829;3.7586;25;45;90;200;1000;1.574
35.5209008;34.11172861;6151.829;3.9674;25;45;90;200;1000;1.912
35.52550882;34.11989126;6151.829;4.1048;25;45;90;200;1000;2.192
35.53011772;34.12805372;6151.829;4.3081;25;45;90;200;1000;2.507
35.53472752;34.136216;6151.829;1.7813;25;45;90;200;1000;2.845
35.5393382;34.14437809;6151.829;0.97467;25;45;90;200;1000;3.105
35.54394977;34.15254;6151.829;1.7981;25;45;90;200;1000;3.443
35.54856223;34.16070173;6151.829;1.6154;25;45;90;200;1000;3.743
35.55317558;34.16886327;6151.829;2.3144;25;45;90;200;1000;3.988
35.55778982;34.17702463;6151.829;2.8166;25;45;90;200;1000;4.266
35.56240495;34.1851858;6151.829;1.8606;25;45;90;200;1000;4.56
35.56702098;34.1933468;6151.829;2.5287;25;45;90;200;1000;4.857
35.57163789;34.2015076;6151.829;2.773;25;45;90;200;1000;5.198
35.57625569;34.20966822;6151.829;2.7456;25;45;90;200;1000;5.455
35.58087439;34.21782866;6151.829;2.3757;25;45;90;200;1000;5.761
35.58549398;34.22598892;6151.829;0.77713;25;45;90;200;1000;6.054
35.59011446;34.23414898;6151.829;1.0728;25;45;90;200;1000;6.342
35.59473584;34.24230887;6151.829;0.62167;25;45;90;200;1000;6.682
35.59935811;34.25046857;6151.829;0.77056;25;45;90;200;1000;7.022
35.60398127;34.25862808;6151.829;1.237;25;45;90;200;1000;7.301
35.60860533;34.26678741;6151.829;2.4895;25;45;90;200;1000;7.568
35.61323028;34.27494656;6151.829;4.6691;25;45;90;200;1000;7.856
35.61785613;34.28310552;6151.829;5.4125;25;45;90;200;1000;8.127
35.62248288;34.29126429;6151.829;5.5146;25;45;90;200;1000;8.392
35.62711052;34.29942288;6151.829;5.0356;25;45;90;200;1000;8.657
35.63173906;34.30758128;6151.829;2.604;25;45;90;200;1000;8.873
35.63636849;34.3157395;6151.829;2.9651;25;45;90;200;1000;9.122
35.64099883;34.32389754;6151.829;3.091;25;45;90;200;1000;9.387
35.64563006;34.33205538;6151.829;2.0123;25;45;90;200;1000;9.671
35.65026219;34.34021305;6151.829;2.0974;25;45;90;200;1000;9.994
35.65489522;34.34837052;6151.829;2.5469;25;45;90;200;1000;10.353
35.65952914;34.35652781;6151.829;3.0938;25;45;90;200;1000;10.63
35.66416397;34.36468492;6151.829;2.2401;25;45;90;200;1000;10.775
35.6687997;34.37284183;6151.829;1.9765;25;45;90;200;1000;11.046
35.67343633;34.38099857;6151.829;1.8435;25;45;90;200;1000;11.299
35.67807386;34.38915511;6151.829;0.27078;25;45;90;200;1000;11.506
35.68271229;34.39731147;6151.829;0;25;45;90;200;1000;11.752
35.68735163;34.40546765;6151.829;0;25;45;90;200;1000;12.024
35.69199186;34.41362363;6151.829;0;25;45;90;200;1000;12.257
35.696633;34.42177943;6151.829;0;25;45;90;200;1000;12.48
35.70127504;34.42993505;6151.829;0;25;45;90;200;1000;12.655
35.70591799;34.43809047;6151.829;0;25;45;90;200;1000;12.924
35.71056184;34.44624571;6151.829;0;25;45;90;200;1000;13.148
35.71520659;34.45440077;6151.829;0;25;45;90;200;1000;13.393
35.71985225;34.46255563;6151.829;0;25;45;90;200;1000;13.685
35.72449882;34.47071031;6151.829;0;25;45;90;200;1000;13.918
35.72914629;34.4788648;6151.829;0;25;45;90;200;1000;14.193
35.73379467;34.48701911;6151.829;0;25;45;90;200;1000;14.317
35.73844395;34.49517322;6151.829;0;25;45;90;200;1000;14.522
35.74309414;34.50332715;6151.829;0;25;45;90;200;1000;14.791
35.74774524;34.5114809;6151.829;0;25;45;90;200;1000;15.06
35.75239725;34.51963445;6151.829;0;25;45;90;200;1000;15.291
35.75705016;34.52778782;6151.829;0;25;45;90;200;1000;15.49
35.76170399;34.535941;6151.829;0;25;45;90;200;1000;15.71
35.76635872;34.54409399;6151.829;0;25;45;90;200;1000;15.955
35.77101436;34.55224679;6151.829;0;25;45;90;200;1000;16.175
35.31583449;33.74368165;6293.25;0;25;45;90;200;1000;10.412
35.32040314;33.75185246;6293.25;0.57936;25;45;90;200;1000;10.182
35.32497266;33.76002309;6293.25;0.47116;25;45;90;200;1000;9.901
35.32954305;33.76819354;6293.25;1.3754;25;45;90;200;1000;9.661
35.3341143;33.77636381;6293.25;1.2863;25;45;90;200;1000;9.397
35.33868643;33.7845339;6293.25;1.4444;25;45;90;200;1000;9.159
35.34325943;33.79270381;6293.25;1.7058;25;45;90;200;1000;8.926
35.34783329;33.80087354;6293.25;1.0816;25;45;90;200;1000;8.717
35.35240803;33.80904309;6293.25;1.9416;25;45;90;200;1000;8.482
35.35698364;33.81721246;6293.25;1.3207;25;45;90;200;1000;8.264
35.36156012;33.82538165;6293.25;1.0524;25;45;90;200;1000;8.012
35.36613748;33.83355066;6293.25;1.972;25;45;90;200;1000;7.79
35.3707157;33.84171949;6293.25;1.7938;25;45;90;200;1000;7.544
35.3752948;33.84988814;6293.25;2.6997;25;45;90;200;1000;7.332
35.37987478;33.85805661;6293.25;2.7252;25;45;90;200;1000;7.121
35.38445563;33.8662249;6293.25;1.5392;25;45;90;200;1000;6.843
35.38903735;33.87439301;6293.25;2.6986;25;45;90;200;1000;6.531
35.39361995;33.88256094;6293.25;4.2218;25;45;90;200;1000;6.184
35.39820342;33.89072868;6293.25;3.58;25;45;90;200;1000;5.851
35.40278777;33.89889625;6293.25;2.428;25;45;90;200;1000;5.569
35.40737299;33.90706363;6293.25;2.6451;25;45;90;200;1000;5.327
35.41195909;33.91523083;6293.25;3.2295;25;45;90;200;1000;5.077
35.41654607;33.92339785;6293.25;1.6123;25;45;90;200;1000;4.84
35.42113393;33.93156469;6293.25;0.97698;25;45;90;200;1000;4.592
35.42572266;33.93973135;6293.25;0.81613;25;45;90;200;1000;4.302
35.43031227;33.94789783;6293.25;1.6289;25;45;90;200;1000;4.033
35.43490276;33.95606412;6293.25;5.1746;25;45;90;200;1000;3.787
35.43949413;33.96423024;6293.25;10.451;25;45;90;200;1000;3.542
35.44408638;33.97239617;6293.25;12.853;25;45;90;200;1000;3.356
35.44867951;33.98056192;6293.25;12.729;25;45;90;200;1000;3.134
35.45327352;33.98872749;6293.25;9.708;25;45;90;200;1000;2.837
35.45786841;33.99689287;6293.25;7.7333;25;45;90;200;1000;2.572
35.46246418;34.00505808;6293.25;7.535;25;45;90;200;1000;2.304
35.46706084;34.0132231;6293.25;6.633;25;45;90;200;1000;2.064
35.47165837;34.02138794;6293.25;7.124;25;45;90;200;1000;1.806
35.47625679;34.02955259;6293.25;5.5674;25;45;90;200;1000;1.533
35.48085609;34.03771707;6293.25;4.2811;25;45;90;200;1000;1.282
35.48545627;34.04588136;6293.25;2.2854;25;45;90;200;1000;1.019
35.49005734;34.05404547;6293.25;2.4929;25;45;90;200;1000;0.585
35.49465929;34.06220939;6293.25;2.8386;25;45;90;200;1000;0.204
35.49926213;34.07037314;6293.25;2.793;25;45;90;200;1000;0.141
35.50386585;34.0785367;6293.25;2.6899;25;45;90;200;1000;0.458
35.50847046;34.08670008;6293.25;4.213;25;45;90;200;1000;0.82
35.51307595;34.09486327;6293.25;3.8561;25;45;90;200;1000;1.223
35.51768233;34.10302628;6293.25;3.4766;25;45;90;200;1000;1.605
35.52228959;34.11118911;6293.25;4.0323;25;45;90;200;1000;1.958
35.52689774;34.11935176;6293.25;3.9158;25;45;90;200;1000;2.244
35.53150678;34.12751422;6293.25;4.135;25;45;90;200;1000;2.601
35.53611671;34.1356765;6293.25;1.6529;25;45;90;200;1000;2.897
35.54072753;34.14383859;6293.25;0.87435;25;45;90;200;1000;3.157
35.54533923;34.1520005;6293.25;1.6968;25;45;90;200;1000;3.437
35.54995183;34.16016223;6293.25;1.5267;25;45;90;200;1000;3.707
35.55456531;34.16832377;6293.25;1.7552;25;45;90;200;1000;4.03
35.55917968;34.17648513;6293.25;2.9006;25;45;90;200;1000;4.308
35.56379495;34.18464631;6293.25;2.2509;25;45;90;200;1000;4.615
35.5684111;34.1928073;6293.25;2.8704;25;45;90;200;1000;4.883
35.57302815;34.20096811;6293.25;2.7449;25;45;90;200;1000;5.212
35.57764609;34.20912873;6293.25;3.1804;25;45;90;200;1000;5.505
35.58226492;34.21728917;6293.25;2.1415;25;45;90;200;1000;5.782
35.58688464;34.22544942;6293.25;1.0862;25;45;90;200;1000;6.061
35.59150526;34.23360949;6293.25;1.3839;25;45;90;200;1000;6.346
35.59612677;34.24176937;6293.25;0.4712;25;45;90;200;1000;6.652
35.60074917;34.24992907;6293.25;0.46612;25;45;90;200;1000;7.003
35.60537247;34.25808859;6293.25;1.2372;25;45;90;200;1000;7.299
35.60999666;34.26624792;6293.25;2.8275;25;45;90;200;1000;7.581
35.61462175;34.27440706;6293.25;5.0055;25;45;90;200;1000;7.883
35.61924773;34.28256603;6293.25;6.1686;25;45;90;200;1000;8.164
35.62387461;34.2907248;6293.25;5.76;25;45;90;200;1000;8.429
35.62850239;34.29888339;6293.25;5.193;25;45;90;200;1000;8.677
35.63313106;34.30704179;6293.25;2.6217;25;45;90;200;1000;8.917
35.63776063;34.31520001;6293.25;3.1514;25;45;90;200;1000;9.183
35.6423911;34.32335805;6293.25;3.0103;25;45;90;200;1000;9.435
35.64702247;34.3315159;6293.25;1.9766;25;45;90;200;1000;9.697
35.65165473;34.33967356;6293.25;2.1036;25;45;90;200;1000;10.029
35.65628789;34.34783103;6293.25;2.5409;25;45;90;200;1000;10.371
35.66092196;34.35598832;6293.25;2.9395;25;45;90;200;1000;10.63
35.66555692;34.36414543;6293.25;2.2346;25;45;90;200;1000;10.803
35.67019278;34.37230235;6293.25;2.1319;25;45;90;200;1000;11.069
35.67482955;34.38045908;6293.25;1.6077;25;45;90;200;1000;11.32
35.67946721;34.38861563;6293.25;0.29108;25;45;90;200;1000;11.556
35.68410578;34.39677199;6293.25;0;25;45;90;200;1000;11.819
35.68874525;34.40492816;6293.25;0;25;45;90;200;1000;12.099
35.69338562;34.41308415;6293.25;0;25;45;90;200;1000;12.315
35.69802689;34.42123995;6293.25;0;25;45;90;200;1000;12.573
35.70266907;34.42939556;6293.25;0;25;45;90;200;1000;12.731
35.70731215;34.43755099;6293.25;0;25;45;90;200;1000;12.95
35.71195614;34.44570623;6293.25;0;25;45;90;200;1000;13.23
35.71660103;34.45386128;6293.25;0;25;45;90;200;1000;13.46
35.72124682;34.46201615;6293.25;0;25;45;90;200;1000;13.732
35.72589352;34.47017083;6293.25;0;25;45;90;200;1000;13.95
35.73054113;34.47832532;6293.25;0;25;45;90;200;1000;14.205
35.73518964;34.48647963;6293.25;0;25;45;90;200;1000;14.376
35.73983906;34.49463375;6293.25;0;25;45;90;200;1000;14.543
35.74448939;34.50278768;6293.25;0;25;45;90;200;1000;14.838
35.74914063;34.51094142;6293.25;0;25;45;90;200;1000;15.09
35.75379277;34.51909497;6293.25;0;25;45;90;200;1000;15.326
35.75844582;34.52724834;6293.25;0;25;45;90;200;1000;15.543
35.76309978;34.53540152;6293.25;0;25;45;90;200;1000;15.746
35.76775465;34.54355451;6293.25;0;25;45;90;200;1000;15.984
35.77241043;34.55170732;6293.25;0;25;45;90;200;1000;16.212
35.31721732;33.74314211;6434.672;0;25;45;90;200;1000;10.399
35.3217861;33.75131292;6434.672;0.72252;25;45;90;200;1000;10.18
35.32635575;33.75948355;6434.672;0.50622;25;45;90;200;1000;9.915
35.33092627;33.767654;6434.672;1.578;25;45;90;200;1000;9.669
35.33549766;33.77582427;6434.672;1.1468;25;45;90;200;1000;9.412
35.34006991;33.78399436;6434.672;1.0624;25;45;90;200;1000;9.177
35.34464304;33.79216427;6434.672;1.2665;25;45;90;200;1000;8.956
35.34921704;33.80033401;6434.672;0.9525;25;45;90;200;1000;8.746
35.35379191;33.80850356;6434.672;1.7413;25;45;90;200;1000;8.524
35.35836765;33.81667293;6434.672;1.2788;25;45;90;200;1000;8.29
35.36294426;33.82484212;6434.672;1.5029;25;45;90;200;1000;8.07
35.36752175;33.83301113;6434.672;2.3521;25;45;90;200;1000;7.804
35.37210011;33.84117996;6434.672;1.835;25;45;90;200;1000;7.591
35.37667934;33.84934861;6434.672;2.8498;25;45;90;200;1000;7.362
35.38125945;33.85751708;6434.672;2.7841;25;45;90;200;1000;7.109
35.38584043;33.86568537;6434.672;2.0728;25;45;90;200;1000;6.826
35.39042228;33.87385348;6434.672;2.7692;25;45;90;200;1000;6.561
35.39500501;33.8820214;6434.672;4.5572;25;45;90;200;1000;6.211
35.39958861;33.89018915;6434.672;3.7291;25;45;90;200;1000;5.875
35.4041731;33.89835671;6434.672;3.2036;25;45;90;200;1000;5.578
35.40875845;33.9065241;6434.672;3.2513;25;45;90;200;1000;5.342
35.41334469;33.9146913;6434.672;3.3911;25;45;90;200;1000;5.106
35.4179318;33.92285832;6434.672;1.7695;25;45;90;200;1000;4.857
35.42251978;33.93102516;6434.672;0.59181;25;45;90;200;1000;4.594
35.42710865;33.93919182;6434.672;1.0834;25;45;90;200;1000;4.302
35.43169839;33.9473583;6434.672;1.7514;25;45;90;200;1000;4.043
35.43628902;33.9555246;6434.672;4.8771;25;45;90;200;1000;3.809
35.44088052;33.96369071;6434.672;10.205;25;45;90;200;1000;3.564
35.4454729;33.97185664;6434.672;12.744;25;45;90;200;1000;3.386
35.45006616;33.98002239;6434.672;12.219;25;45;90;200;1000;3.124
35.4546603;33.98818796;6434.672;9.7114;25;45;90;200;1000;2.845
35.45925533;33.99635335;6434.672;8.0563;25;45;90;200;1000;2.577
35.46385123;34.00451855;6434.672;7.291;25;45;90;200;1000;2.312
35.46844802;34.01268357;6434.672;6.9467;25;45;90;200;1000;2.078
35.47304568;34.02084841;6434.672;7.1906;25;45;90;200;1000;1.839
35.47764423;34.02901307;6434.672;6.2489;25;45;90;200;1000;1.559
35.48224367;34.03717755;6434.672;4.7371;25;45;90;200;1000;1.3
35.48684398;34.04534184;6434.672;2.0331;25;45;90;200;1000;0.968
35.49144518;34.05350595;6434.672;2.3199;25;45;90;200;1000;0.579
35.49604727;34.06166987;6434.672;2.8685;25;45;90;200;1000;0.197
35.50065024;34.06983362;6434.672;2.8432;25;45;90;200;1000;0.132
35.50525409;34.07799718;6434.672;2.4168;25;45;90;200;1000;0.47
35.50985883;34.08616056;6434.672;3.8668;25;45;90;200;1000;0.861
35.51446446;34.09432375;6434.672;3.8114;25;45;90;200;1000;1.256
35.51907097;34.10248677;6434.672;3.3447;25;45;90;200;1000;1.601
35.52367837;34.11064959;6434.672;4.0414;25;45;90;200;1000;1.989
35.52828665;34.11881224;6434.672;3.7202;25;45;90;200;1000;2.291
35.53289583;34.1269747;6434.672;3.8358;25;45;90;200;1000;2.62
35.53750589;34.13513698;6434.672;1.6704;25;45;90;200;1000;2.928
35.54211684;34.14329908;6434.672;0.8678;25;45;90;200;1000;3.182
35.54672867;34.15146099;6434.672;1.5463;25;45;90;200;1000;3.448
35.5513414;34.15962271;6434.672;1.497;25;45;90;200;1000;3.714
35.55595502;34.16778426;6434.672;1.3091;25;45;90;200;1000;4.051
35.56056953;34.17594562;6434.672;3.1497;25;45;90;200;1000;4.343
35.56518493;34.18410679;6434.672;2.6372;25;45;90;200;1000;4.675
35.56980121;34.19226779;6434.672;3.2246;25;45;90;200;1000;4.907
35.57441839;34.20042859;6434.672;2.6988;25;45;90;200;1000;5.216
35.57903647;34.20858922;6434.672;3.4829;25;45;90;200;1000;5.519
35.58365543;34.21674965;6434.672;2.236;25;45;90;200;1000;5.814
35.58827529;34.22490991;6434.672;1.2379;25;45;90;200;1000;6.078
35.59289604;34.23306998;6434.672;1.7315;25;45;90;200;1000;6.362
35.59751768;34.24122986;6434.672;0.55535;25;45;90;200;1000;6.659
35.60214022;34.24938956;6434.672;0.25578;25;45;90;200;1000;6.975
35.60676365;34.25754908;6434.672;1.6581;25;45;90;200;1000;7.295
35.61138798;34.26570841;6434.672;3.1068;25;45;90;200;1000;7.595
35.6160132;34.27386756;6434.672;4.9694;25;45;90;200;1000;7.892
35.62063932;34.28202652;6434.672;6.4654;25;45;90;200;1000;8.199
35.62526633;34.29018529;6434.672;6.2963;25;45;90;200;1000;8.471
35.62989424;34.29834388;6434.672;5.5085;25;45;90;200;1000;8.727
35.63452305;34.30650229;6434.672;2.8083;25;45;90;200;1000;8.976
35.63915276;34.31466051;6434.672;3.2255;25;45;90;200;1000;9.242
35.64378336;34.32281854;6434.672;3.0336;25;45;90;200;1000;9.487
35.64841486;34.33097639;6434.672;1.9072;25;45;90;200;1000;9.72
35.65304726;34.33913405;6434.672;2.0305;25;45;90;200;1000;10.018
35.65768056;34.34729153;6434.672;2.5281;25;45;90;200;1000;10.337
35.66231475;34.35544882;6434.672;2.8453;25;45;90;200;1000;10.593
35.66694985;34.36360593;6434.672;1.8557;25;45;90;200;1000;10.846
35.67158585;34.37176285;6434.672;2.3708;25;45;90;200;1000;11.119
35.67622275;34.37991958;6434.672;1.336;25;45;90;200;1000;11.342
35.68086055;34.38807613;6434.672;0.24713;25;45;90;200;1000;11.594
35.68549925;34.39623249;6434.672;0;25;45;90;200;1000;11.868
35.69013885;34.40438866;6434.672;0;25;45;90;200;1000;12.186
35.69477936;34.41254465;6434.672;0;25;45;90;200;1000;12.365
35.69942077;34.42070045;6434.672;0;25;45;90;200;1000;12.643
35.70406308;34.42885607;6434.672;0;25;45;90;200;1000;12.826
35.7087063;34.43701149;6434.672;0;25;45;90;200;1000;13.016
35.71335042;34.44516673;6434.672;0;25;45;90;200;1000;13.249
35.71799545;34.45332179;6434.672;0;25;45;90;200;1000;13.496
35.72264138;34.46147665;6434.672;0;25;45;90;200;1000;13.784
35.72728821;34.46963133;6434.672;0;25;45;90;200;1000;14.022
35.73193596;34.47778583;6434.672;0;25;45;90;200;1000;14.245
35.7365846;34.48594013;6434.672;0;25;45;90;200;1000;14.447
35.74123416;34.49409425;6434.672;0;25;45;90;200;1000;14.599
35.74588462;34.50224818;6434.672;0;25;45;90;200;1000;14.858
35.75053599;34.51040193;6434.672;0;25;45;90;200;1000;15.135
35.75518827;34.51855548;6434.672;0;25;45;90;200;1000;15.356
35.75984146;34.52670885;6434.672;0;25;45;90;200;1000;15.582
35.76449555;34.53486203;6434.672;0;25;45;90;200;1000;15.762
35.76915056;34.54301502;6434.672;0;25;45;90;200;1000;16.01
35.77380647;34.55116783;6434.672;0;25;45;90;200;1000;16.243
35.31860013;33.74260255;6576.093;0;25;45;90;200;1000;10.372
35.32316905;33.75077336;6576.093;0.53944;25;45;90;200;1000;10.165
35.32773883;33.75894399;6576.093;0.67478;25;45;90;200;1000;9.915
35.33230947;33.76711444;6576.093;1.701;25;45;90;200;1000;9.685
35.33688099;33.77528472;6576.093;1.023;25;45;90;200;1000;9.447
35.34145338;33.78345481;6576.093;0.57096;25;45;90;200;1000;9.214
35.34602664;33.79162472;6576.093;0.89729;25;45;90;200;1000;8.987
35.35060077;33.79979445;6576.093;0.7885;25;45;90;200;1000;8.795
35.35517577;33.807964;6576.093;1.3919;25;45;90;200;1000;8.561
35.35975164;33.81613338;6576.093;1.3151;25;45;90;200;1000;8.325
35.36432839;33.82430257;6576.093;1.9574;25;45;90;200;1000;8.127
35.36890601;33.83247158;6576.093;2.3733;25;45;90;200;1000;7.852
35.3734845;33.84064041;6576.093;1.6853;25;45;90;200;1000;7.649
35.37806386;33.84880906;6576.093;3.0078;25;45;90;200;1000;7.398
35.3826441;33.85697753;6576.093;3.0757;25;45;90;200;1000;7.094
35.38722521;33.86514582;6576.093;2.4513;25;45;90;200;1000;6.804
35.39180719;33.87331393;6576.093;2.6435;25;45;90;200;1000;6.548
35.39639006;33.88148186;6576.093;4.4419;25;45;90;200;1000;6.25
35.40097379;33.8896496;6576.093;3.9912;25;45;90;200;1000;5.917
35.4055584;33.89781717;6576.093;3.6072;25;45;90;200;1000;5.58
35.41014389;33.90598455;6576.093;3.9157;25;45;90;200;1000;5.315
35.41473026;33.91415176;6576.093;3.4719;25;45;90;200;1000;5.092
35.4193175;33.92231878;6576.093;1.8182;25;45;90;200;1000;4.816
35.42390562;33.93048562;6576.093;0.51794;25;45;90;200;1000;4.601
35.42849462;33.93865228;6576.093;1.4374;25;45;90;200;1000;4.319
35.4330845;33.94681876;6576.093;1.9128;25;45;90;200;1000;4.067
35.43767525;33.95498505;6576.093;4.5924;25;45;90;200;1000;3.848
35.44226689;33.96315117;6576.093;9.5819;25;45;90;200;1000;3.606
35.4468594;33.9713171;6576.093;12.181;25;45;90;200;1000;3.412
35.45145279;33.97948285;6576.093;11.921;25;45;90;200;1000;3.13
35.45604707;33.98764842;6576.093;9.9731;25;45;90;200;1000;2.852
35.46064222;33.99581381;6576.093;8.7302;25;45;90;200;1000;2.587
35.46523826;34.00397901;6576.093;7.4208;25;45;90;200;1000;2.327
35.46983518;34.01214403;6576.093;7.0529;25;45;90;200;1000;2.097
35.47443298;34.02030887;6576.093;7.1849;25;45;90;200;1000;1.86
35.47903166;34.02847353;6576.093;6.8772;25;45;90;200;1000;1.571
35.48363123;34.03663801;6576.093;5.4808;25;45;90;200;1000;1.277
35.48823168;34.0448023;6576.093;1.996;25;45;90;200;1000;0.979
35.49283301;34.05296641;6576.093;2.0432;25;45;90;200;1000;0.661
35.49743523;34.06113034;6576.093;2.8487;25;45;90;200;1000;0.229
35.50203833;34.06929408;6576.093;2.8442;25;45;90;200;1000;0.185
35.50664232;34.07745764;6576.093;2.3511;25;45;90;200;1000;0.503
35.51124719;34.08562102;6576.093;3.5781;25;45;90;200;1000;0.84
35.51585295;34.09378422;6576.093;3.7219;25;45;90;200;1000;1.291
35.52045959;34.10194723;6576.093;3.2902;25;45;90;200;1000;1.618
35.52506712;34.11011006;6576.093;3.7754;25;45;90;200;1000;2.035
35.52967554;34.11827271;6576.093;3.5716;25;45;90;200;1000;2.35
35.53428485;34.12643517;6576.093;3.398;25;45;90;200;1000;2.66
35.53889504;34.13459745;6576.093;1.7474;25;45;90;200;1000;2.975
35.54350613;34.14275954;6576.093;0.84783;25;45;90;200;1000;3.205
35.5481181;34.15092146;6576.093;1.306;25;45;90;200;1000;3.488
35.55273096;34.15908318;6576.093;1.6075;25;45;90;200;1000;3.781
35.55734471;34.16724473;6576.093;1.1867;25;45;90;200;1000;4.094
35.56195935;34.17540609;6576.093;3.0902;25;45;90;200;1000;4.431
35.56657488;34.18356726;6576.093;3.0629;25;45;90;200;1000;4.718
35.57119131;34.19172826;6576.093;3.8579;25;45;90;200;1000;4.949
35.57580862;34.19988906;6576.093;3.2887;25;45;90;200;1000;5.231
35.58042683;34.20804969;6576.093;3.6928;25;45;90;200;1000;5.526
35.58504593;34.21621013;6576.093;3.0101;25;45;90;200;1000;5.81
35.58966592;34.22437038;6576.093;1.29;25;45;90;200;1000;6.107
35.5942868;34.23253045;6576.093;1.9378;25;45;90;200;1000;6.389
35.59890858;34.24069034;6576.093;0.69073;25;45;90;200;1000;6.665
35.60353125;34.24885004;6576.093;0.27078;25;45;90;200;1000;6.962
35.60815482;34.25700956;6576.093;1.9991;25;45;90;200;1000;7.301
35.61277928;34.26516889;6576.093;3.5504;25;45;90;200;1000;7.65
35.61740463;34.27332803;6576.093;4.7753;25;45;90;200;1000;7.934
35.62203089;34.28148699;6576.093;6.8661;25;45;90;200;1000;8.206
35.62665803;34.28964577;6576.093;7.1635;25;45;90;200;1000;8.483
35.63128608;34.29780436;6576.093;6.0158;25;45;90;200;1000;8.766
35.63591502;34.30596277;6576.093;3.0534;25;45;90;200;1000;9.049
35.64054486;34.31412099;6576.093;3.3725;25;45;90;200;1000;9.329
35.6451756;34.32227902;6576.093;2.9119;25;45;90;200;1000;9.552
35.64980723;34.33043687;6576.093;1.7912;25;45;90;200;1000;9.773
35.65443977;34.33859453;6576.093;2.0031;25;45;90;200;1000;10.035
35.6590732;34.34675201;6576.093;2.6128;25;45;90;200;1000;10.305
35.66370753;34.3549093;6576.093;2.6163;25;45;90;200;1000;10.563
35.66834276;34.36306641;6576.093;1.762;25;45;90;200;1000;10.837
35.6729789;34.37122333;6576.093;2.1846;25;45;90;200;1000;11.153
35.67761593;34.37938006;6576.093;1.1213;25;45;90;200;1000;11.398
35.68225387;34.38753661;6576.093;0.26925;25;45;90;200;1000;11.654
35.6868927;34.39569297;6576.093;0;25;45;90;200;1000;11.892
35.69153244;34.40384915;6576.093;0;25;45;90;200;1000;12.255
35.69617308;34.41200513;6576.093;0;25;45;90;200;1000;12.425
35.70081463;34.42016094;6576.093;0;25;45;90;200;1000;12.678
35.70545708;34.42831655;6576.093;0;25;45;90;200;1000;12.905
35.71010043;34.43647198;6576.093;0;25;45;90;200;1000;13.073
35.71474469;34.44462722;6576.093;0;25;45;90;200;1000;13.271
35.71938985;34.45278228;6576.093;0;25;45;90;200;1000;13.544
35.72403591;34.46093714;6576.093;0;25;45;90;200;1000;13.829
35.72868288;34.46909182;6576.093;0;25;45;90;200;1000;14.085
35.73333076;34.47724632;6576.093;0;25;45;90;200;1000;14.321
35.73797955;34.48540062;6576.093;0;25;45;90;200;1000;14.539
35.74262924;34.49355474;6576.093;0;25;45;90;200;1000;14.668
35.74727983;34.50170867;6576.093;0;25;45;90;200;1000;14.887
35.75193134;34.50986242;6576.093;0;25;45;90;200;1000;15.158
35.75658376;34.51801597;6576.093;0;25;45;90;200;1000;15.408
35.76123708;34.52616934;6576.093;0;25;45;90;200;1000;15.624
35.76589131;34.53432252;6576.093;0;25;45;90;200;1000;15.786
35.77054645;34.54247551;6576.093;0;25;45;90;200;1000;16.026
35.7752025;34.55062832;6576.093;0;25;45;90;200;1000;16.267
35.31998293;33.74206298;6717.514;0.15224;25;45;90;200;1000;10.354
35.32455197;33.75023379;6717.514;0.57774;25;45;90;200;1000;10.135
35.32912188;33.75840442;6717.514;1.0058;25;45;90;200;1000;9.921
35.33369266;33.76657487;6717.514;1.585;25;45;90;200;1000;9.705
35.33826431;33.77474515;6717.514;0.89133;25;45;90;200;1000;9.463
35.34283683;33.78291524;6717.514;0.15806;25;45;90;200;1000;9.248
35.34741022;33.79108515;6717.514;0.70158;25;45;90;200;1000;9.046
35.35198448;33.79925488;6717.514;0.75972;25;45;90;200;1000;8.831
35.35655961;33.80742444;6717.514;0.86679;25;45;90;200;1000;8.603
35.36113562;33.81559381;6717.514;1.6736;25;45;90;200;1000;8.383
35.36571249;33.823763;6717.514;2.2089;25;45;90;200;1000;8.174
35.37029024;33.83193201;6717.514;2.3709;25;45;90;200;1000;7.897
35.37486887;33.84010085;6717.514;1.7873;25;45;90;200;1000;7.674
35.37944836;33.8482695;6717.514;3.091;25;45;90;200;1000;7.392
35.38402873;33.85643797;6717.514;3.3723;25;45;90;200;1000;7.089
35.38860997;33.86460626;6717.514;2.6236;25;45;90;200;1000;6.798
35.39319209;33.87277436;6717.514;2.8858;25;45;90;200;1000;6.537
35.39777508;33.88094229;6717.514;4.3067;25;45;90;200;1000;6.234
35.40235895;33.88911004;6717.514;4.1414;25;45;90;200;1000;5.894
35.4069437;33.89727761;6717.514;3.8441;25;45;90;200;1000;5.578
35.41152932;33.90544499;6717.514;4.7048;25;45;90;200;1000;5.295
35.41611582;33.9136122;6717.514;3.6704;25;45;90;200;1000;5.063
35.42070319;33.92177922;6717.514;1.7403;25;45;90;200;1000;4.796
35.42529144;33.92994606;6717.514;0.68457;25;45;90;200;1000;4.571
35.42988057;33.93811272;6717.514;1.3796;25;45;90;200;1000;4.37
35.43447058;33.9462792;6717.514;2.25;25;45;90;200;1000;4.097
35.43906147;33.95444549;6717.514;4.3421;25;45;90;200;1000;3.868
35.44365323;33.96261161;6717.514;8.5448;25;45;90;200;1000;3.632
35.44824588;33.97077754;6717.514;11.948;25;45;90;200;1000;3.391
35.45283941;33.97894329;6717.514;11.296;25;45;90;200;1000;3.132
35.45743381;33.98710886;6717.514;10.231;25;45;90;200;1000;2.849
35.4620291;33.99527425;6717.514;9.0293;25;45;90;200;1000;2.605
35.46662527;34.00343946;6717.514;7.3625;25;45;90;200;1000;2.36
35.47122232;34.01160448;6717.514;7.0764;25;45;90;200;1000;2.121
35.47582025;34.01976932;6717.514;7.2716;25;45;90;200;1000;1.892
35.48041907;34.02793398;6717.514;7.1652;25;45;90;200;1000;1.593
35.48501877;34.03609845;6717.514;5.8454;25;45;90;200;1000;1.302
35.48961935;34.04426275;6717.514;2.1175;25;45;90;200;1000;1.003
35.49422082;34.05242686;6717.514;2.0328;25;45;90;200;1000;0.686
35.49882317;34.06059079;6717.514;3.0745;25;45;90;200;1000;0.294
35.5034264;34.06875453;6717.514;2.8871;25;45;90;200;1000;0.218
35.50803052;34.07691809;6717.514;2.1888;25;45;90;200;1000;0.495
35.51263553;34.08508147;6717.514;3.1494;25;45;90;200;1000;0.827
35.51724142;34.09324467;6717.514;3.704;25;45;90;200;1000;1.296
35.5218482;34.10140768;6717.514;3.193;25;45;90;200;1000;1.701
35.52645586;34.10957051;6717.514;3.8093;25;45;90;200;1000;2.061
35.53106442;34.11773316;6717.514;3.4706;25;45;90;200;1000;2.4
35.53567386;34.12589562;6717.514;3.0226;25;45;90;200;1000;2.695
35.54028418;34.1340579;6717.514;1.5883;25;45;90;200;1000;3.004
35.5448954;34.14222;6717.514;0.94189;25;45;90;200;1000;3.26
35.54950751;34.15038191;6717.514;1.2183;25;45;90;200;1000;3.516
35.5541205;34.15854364;6717.514;1.2886;25;45;90;200;1000;3.828
35.55873438;34.16670518;6717.514;1.7303;25;45;90;200;1000;4.123
35.56334916;34.17486654;6717.514;2.9719;25;45;90;200;1000;4.465
35.56796482;34.18302772;6717.514;3.2912;25;45;90;200;1000;4.732
35.57258138;34.19118871;6717.514;4.4158;25;45;90;200;1000;5.01
35.57719883;34.19934952;6717.514;3.8689;25;45;90;200;1000;5.244
35.58181717;34.20751015;6717.514;4.0071;25;45;90;200;1000;5.51
35.5864364;34.21567058;6717.514;3.2291;25;45;90;200;1000;5.803
35.59105653;34.22383084;6717.514;1.3981;25;45;90;200;1000;6.095
35.59567755;34.23199091;6717.514;1.6706;25;45;90;200;1000;6.419
35.60029946;34.2401508;6717.514;0.69422;25;45;90;200;1000;6.679
35.60492226;34.2483105;6717.514;0.328;25;45;90;200;1000;6.974
35.60954596;34.25647002;6717.514;1.986;25;45;90;200;1000;7.277
35.61417056;34.26462935;6717.514;3.8165;25;45;90;200;1000;7.634
35.61879605;34.27278849;6717.514;4.9179;25;45;90;200;1000;7.99
35.62342244;34.28094746;6717.514;6.959;25;45;90;200;1000;8.222
35.62804972;34.28910623;6717.514;7.4189;25;45;90;200;1000;8.495
35.6326779;34.29726482;6717.514;6.0732;25;45;90;200;1000;8.805
35.63730697;34.30542323;6717.514;3.1566;25;45;90;200;1000;9.112
35.64193695;34.31358145;6717.514;3.5906;25;45;90;200;1000;9.394
35.64656782;34.32173949;6717.514;2.5996;25;45;90;200;1000;9.622
35.65119959;34.32989733;6717.514;1.5797;25;45;90;200;1000;9.805
35.65583226;34.338055;6717.514;1.621;25;45;90;200;1000;10.057
35.66046583;34.34621248;6717.514;2.874;25;45;90;200;1000;10.306
35.66510029;34.35436977;6717.514;2.3823;25;45;90;200;1000;10.564
35.66973566;34.36252688;6717.514;1.8929;25;45;90;200;1000;10.87
35.67437193;34.3706838;6717.514;1.9756;25;45;90;200;1000;11.171
35.6790091;34.37884053;6717.514;1.0609;25;45;90;200;1000;11.446
35.68364717;34.38699708;6717.514;0.24713;25;45;90;200;1000;11.703
35.68828614;34.39515344;6717.514;0;25;45;90;200;1000;11.938
35.69292601;34.40330961;6717.514;0;25;45;90;200;1000;12.262
35.69756679;34.4114656;6717.514;0;25;45;90;200;1000;12.496
35.70220847;34.41962141;6717.514;0;25;45;90;200;1000;12.737
35.70685105;34.42777702;6717.514;0;25;45;90;200;1000;12.948
35.71149454;34.43593245;6717.514;0;25;45;90;200;1000;13.111
35.71613893;34.44408769;6717.514;0;25;45;90;200;1000;13.308
35.72078423;34.45224275;6717.514;0;25;45;90;200;1000;13.592
35.72543043;34.46039761;6717.514;0;25;45;90;200;1000;13.85
35.73007754;34.4685523;6717.514;0;25;45;90;200;1000;14.104
35.73472555;34.47670679;6717.514;0;25;45;90;200;1000;14.365
35.73937447;34.4848611;6717.514;0;25;45;90;200;1000;14.616
35.7440243;34.49301522;6717.514;0;25;45;90;200;1000;14.719
35.74867503;34.50116915;6717.514;0;25;45;90;200;1000;14.92
35.75332667;34.50932289;6717.514;0;25;45;90;200;1000;15.2
35.75797922;34.51747645;6717.514;0;25;45;90;200;1000;15.452
35.76263268;34.52562982;6717.514;0;25;45;90;200;1000;15.649
35.76728705;34.533783;6717.514;0;25;45;90;200;1000;15.84
35.77194233;34.54193599;6717.514;0;25;45;90;200;1000;16.06
35.77659851;34.5500888;6717.514;0;25;45;90;200;1000;16.303
35.32136571;33.74152339;6858.936;0.18601;25;45;90;200;1000;10.343
35.32593488;33.7496942;6858.936;0.4867;25;45;90;200;1000;10.139
35.33050492;33.75786484;6858.936;1.0799;25;45;90;200;1000;9.936
35.33507583;33.76603529;6858.936;1.4934;25;45;90;200;1000;9.72
35.33964761;33.77420556;6858.936;0.64563;25;45;90;200;1000;9.498
35.34422026;33.78237566;6858.936;0.48608;25;45;90;200;1000;9.277
35.34879378;33.79054557;6858.936;0.87224;25;45;90;200;1000;9.097
35.35336818;33.7987153;6858.936;0.31157;25;45;90;200;1000;8.869
35.35794344;33.80688485;6858.936;1.0094;25;45;90;200;1000;8.658
35.36251958;33.81505423;6858.936;1.6989;25;45;90;200;1000;8.48
35.36709658;33.82322342;6858.936;2.3573;25;45;90;200;1000;8.235
35.37167446;33.83139243;6858.936;2.616;25;45;90;200;1000;7.934
35.37625322;33.83956126;6858.936;1.8776;25;45;90;200;1000;7.689
35.38083284;33.84772992;6858.936;3.1055;25;45;90;200;1000;7.412
35.38541335;33.85589839;6858.936;3.716;25;45;90;200;1000;7.109
35.38999472;33.86406668;6858.936;2.8547;25;45;90;200;1000;6.821
35.39457697;33.87223479;6858.936;3.0079;25;45;90;200;1000;6.556
35.39916009;33.88040271;6858.936;4.0206;25;45;90;200;1000;6.236
35.4037441;33.88857046;6858.936;4.3084;25;45;90;200;1000;5.902
35.40832897;33.89673803;6858.936;4.2046;25;45;90;200;1000;5.59
35.41291472;33.90490541;6858.936;5.009;25;45;90;200;1000;5.282
35.41750135;33.91307262;6858.936;4.0368;25;45;90;200;1000;5.022
35.42208886;33.92123964;6858.936;1.3102;25;45;90;200;1000;4.77
35.42667724;33.92940648;6858.936;0.63716;25;45;90;200;1000;4.548
35.43126651;33.93757314;6858.936;1.4997;25;45;90;200;1000;4.352
35.43585665;33.94573962;6858.936;2.6221;25;45;90;200;1000;4.123
35.44044767;33.95390592;6858.936;4.5743;25;45;90;200;1000;3.882
35.44503957;33.96207203;6858.936;8.028;25;45;90;200;1000;3.629
35.44963234;33.97023797;6858.936;11.076;25;45;90;200;1000;3.375
35.454226;33.97840372;6858.936;10.403;25;45;90;200;1000;3.128
35.45882054;33.98656929;6858.936;10.195;25;45;90;200;1000;2.858
35.46341596;33.99473468;6858.936;9.3205;25;45;90;200;1000;2.626
35.46801226;34.00289988;6858.936;7.093;25;45;90;200;1000;2.392
35.47260945;34.01106491;6858.936;7.0261;25;45;90;200;1000;2.145
35.47720751;34.01922975;6858.936;7.2776;25;45;90;200;1000;1.941
35.48180646;34.02739441;6858.936;7.2299;25;45;90;200;1000;1.633
35.48640629;34.03555888;6858.936;6.1488;25;45;90;200;1000;1.335
35.49100701;34.04372318;6858.936;2.3227;25;45;90;200;1000;1.057
35.49560861;34.05188729;6858.936;2.6676;25;45;90;200;1000;0.702
35.50021109;34.06005122;6858.936;3.2404;25;45;90;200;1000;0.329
35.50481446;34.06821496;6858.936;2.9492;25;45;90;200;1000;0.271
35.50941871;34.07637853;6858.936;2.1364;25;45;90;200;1000;0.505
35.51402385;34.08454191;6858.936;2.8419;25;45;90;200;1000;0.835
35.51862988;34.0927051;6858.936;3.5491;25;45;90;200;1000;1.244
35.52323679;34.10086812;6858.936;2.9432;25;45;90;200;1000;1.62
35.52784459;34.10903095;6858.936;3.7486;25;45;90;200;1000;1.967
35.53245327;34.11719359;6858.936;3.2313;25;45;90;200;1000;2.428
35.53706284;34.12535606;6858.936;2.6369;25;45;90;200;1000;2.779
35.54167331;34.13351834;6858.936;1.2466;25;45;90;200;1000;3.052
35.54628466;34.14168043;6858.936;0.98803;25;45;90;200;1000;3.302
35.55089689;34.14984235;6858.936;1.4257;25;45;90;200;1000;3.535
35.55551002;34.15800408;6858.936;1.3437;25;45;90;200;1000;3.837
35.56012404;34.16616562;6858.936;1.9095;25;45;90;200;1000;4.144
35.56473895;34.17432698;6858.936;2.6653;25;45;90;200;1000;4.474
35.56935475;34.18248816;6858.936;4.1404;25;45;90;200;1000;4.794
35.57397144;34.19064915;6858.936;4.7123;25;45;90;200;1000;5.066
35.57858902;34.19880996;6858.936;4.5201;25;45;90;200;1000;5.265
35.58320749;34.20697059;6858.936;4.2299;25;45;90;200;1000;5.52
35.58782686;34.21513103;6858.936;3.0243;25;45;90;200;1000;5.826
35.59244712;34.22329128;6858.936;1.3521;25;45;90;200;1000;6.133
35.59706827;34.23145135;6858.936;1.4767;25;45;90;200;1000;6.44
35.60169032;34.23961124;6858.936;0.54698;25;45;90;200;1000;6.708
35.60631326;34.24777094;6858.936;1.1989;25;45;90;200;1000;7.021
35.61093709;34.25593046;6858.936;2.4458;25;45;90;200;1000;7.291
35.61556182;34.26408979;6858.936;3.8713;25;45;90;200;1000;7.626
35.62018745;34.27224894;6858.936;5.2317;25;45;90;200;1000;8.016
35.62481397;34.2804079;6858.936;7.0709;25;45;90;200;1000;8.254
35.62944138;34.28856668;6858.936;7.7706;25;45;90;200;1000;8.539
35.6340697;34.29672527;6858.936;5.9264;25;45;90;200;1000;8.822
35.63869891;34.30488368;6858.936;3.2742;25;45;90;200;1000;9.141
35.64332902;34.3130419;6858.936;3.6845;25;45;90;200;1000;9.429
35.64796002;34.32119993;6858.936;2.4372;25;45;90;200;1000;9.674
35.65259193;34.32935778;6858.936;1.4403;25;45;90;200;1000;9.864
35.65722473;34.33751545;6858.936;1.5525;25;45;90;200;1000;10.095
35.66185843;34.34567293;6858.936;2.8528;25;45;90;200;1000;10.314
35.66649304;34.35383022;6858.936;2.0956;25;45;90;200;1000;10.581
35.67112854;34.36198733;6858.936;1.9234;25;45;90;200;1000;10.881
35.67576494;34.37014425;6858.936;1.6607;25;45;90;200;1000;11.199
35.68040224;34.37830098;6858.936;0.94835;25;45;90;200;1000;11.481
35.68504045;34.38645753;6858.936;0.16374;25;45;90;200;1000;11.744
35.68967956;34.39461389;6858.936;0;25;45;90;200;1000;11.984
35.69431957;34.40277007;6858.936;0;25;45;90;200;1000;12.262
35.69896048;34.41092606;6858.936;0;25;45;90;200;1000;12.559
35.70360229;34.41908186;6858.936;0;25;45;90;200;1000;12.779
35.70824501;34.42723747;6858.936;0;25;45;90;200;1000;12.974
35.71288863;34.4353929;6858.936;0;25;45;90;200;1000;13.151
35.71753316;34.44354815;6858.936;0;25;45;90;200;1000;13.349
35.72217859;34.4517032;6858.936;0;25;45;90;200;1000;13.634
35.72682493;34.45985807;6858.936;0;25;45;90;200;1000;13.899
35.73147217;34.46801275;6858.936;0;25;45;90;200;1000;14.144
35.73612032;34.47616725;6858.936;0;25;45;90;200;1000;14.415
35.74076937;34.48432155;6858.936;0;25;45;90;200;1000;14.685
35.74541934;34.49247567;6858.936;0;25;45;90;200;1000;14.785
35.75007021;34.50062961;6858.936;0;25;45;90;200;1000;14.966
35.75472198;34.50878335;6858.936;0;25;45;90;200;1000;15.278
35.75937467;34.51693691;6858.936;0;25;45;90;200;1000;15.531
35.76402826;34.52509028;6858.936;0;25;45;90;200;1000;15.71
35.76868277;34.53324346;6858.936;0;25;45;90;200;1000;15.909
35.77333818;34.54139645;6858.936;0;25;45;90;200;1000;16.096
35.77799451;34.54954926;6858.936;0;25;45;90;200;1000;16.324
35.32274847;33.74098379;7000.357;0.15224;25;45;90;200;1000;10.349
35.32731777;33.7491546;7000.357;0.38013;25;45;90;200;1000;10.149
35.33188794;33.75732524;7000.357;1.18;25;45;90;200;1000;9.951
35.33645898;33.76549569;7000.357;1.2498;25;45;90;200;1000;9.752
35.3410309;33.77366596;7000.357;1.0253;25;45;90;200;1000;9.537
35.34560368;33.78183606;7000.357;1.246;25;45;90;200;1000;9.331
35.35017733;33.79000597;7000.357;1.7092;25;45;90;200;1000;9.169
35.35475185;33.7981757;7000.357;0.48263;25;45;90;200;1000;8.94
35.35932725;33.80634526;7000.357;1.196;25;45;90;200;1000;8.723
35.36390352;33.81451463;7000.357;2.0749;25;45;90;200;1000;8.547
35.36848066;33.82268382;7000.357;2.3352;25;45;90;200;1000;8.303
35.37305867;33.83085283;7000.357;2.6667;25;45;90;200;1000;8.004
35.37763755;33.83902167;7000.357;2.1825;25;45;90;200;1000;7.74
35.38221731;33.84719032;7000.357;3.4107;25;45;90;200;1000;7.486
35.38679794;33.85535879;7000.357;4.0384;25;45;90;200;1000;7.145
35.39137945;33.86352708;7000.357;2.92;25;45;90;200;1000;6.845
35.39596183;33.87169519;7000.357;3.2466;25;45;90;200;1000;6.597
35.40054509;33.87986312;7000.357;4.2873;25;45;90;200;1000;6.261
35.40512922;33.88803087;7000.357;4.4872;25;45;90;200;1000;5.946
35.40971423;33.89619844;7000.357;4.8651;25;45;90;200;1000;5.614
35.41430011;33.90436582;7000.357;4.9812;25;45;90;200;1000;5.288
35.41888687;33.91253303;7000.357;4.3047;25;45;90;200;1000;5.013
35.42347451;33.92070005;7000.357;1.2147;25;45;90;200;1000;4.758
35.42806303;33.92886689;7000.357;0.49875;25;45;90;200;1000;4.529
35.43265242;33.93703355;7000.357;1.6824;25;45;90;200;1000;4.322
35.4372427;33.94520003;7000.357;2.7723;25;45;90;200;1000;4.105
35.44183385;33.95336633;7000.357;4.6438;25;45;90;200;1000;3.872
35.44642588;33.96153245;7000.357;7.5488;25;45;90;200;1000;3.639
35.45101879;33.96969838;7000.357;10.494;25;45;90;200;1000;3.383
35.45561258;33.97786413;7000.357;10.29;25;45;90;200;1000;3.146
35.46020725;33.9860297;7000.357;9.9913;25;45;90;200;1000;2.878
35.46480281;33.99419509;7000.357;9.6802;25;45;90;200;1000;2.654
35.46939924;34.0023603;7000.357;7.3277;25;45;90;200;1000;2.404
35.47399656;34.01052532;7000.357;6.8915;25;45;90;200;1000;2.159
35.47859476;34.01869016;7000.357;7.2002;25;45;90;200;1000;1.926
35.48319384;34.02685482;7000.357;7.6422;25;45;90;200;1000;1.643
35.4877938;34.0350193;7000.357;6.9938;25;45;90;200;1000;1.354
35.49239465;34.04318359;7000.357;2.6485;25;45;90;200;1000;1.088
35.49699638;34.0513477;7000.357;2.932;25;45;90;200;1000;0.73
35.501599;34.05951163;7000.357;3.248;25;45;90;200;1000;0.402
35.5062025;34.06767538;7000.357;2.8962;25;45;90;200;1000;0.337
35.51080688;34.07583894;7000.357;2.298;25;45;90;200;1000;0.555
35.51541216;34.08400232;7000.357;2.7771;25;45;90;200;1000;0.855
35.52001831;34.09216552;7000.357;3.2548;25;45;90;200;1000;1.246
35.52462536;34.10032853;7000.357;2.7454;25;45;90;200;1000;1.571
35.52923329;34.10849137;7000.357;3.667;25;45;90;200;1000;1.933
35.53384211;34.11665401;7000.357;2.7911;25;45;90;200;1000;2.39
35.53845182;34.12481648;7000.357;2.0347;25;45;90;200;1000;2.795
35.54306241;34.13297876;7000.357;1.2233;25;45;90;200;1000;3.123
35.54767389;34.14114085;7000.357;1.0294;25;45;90;200;1000;3.361
35.55228627;34.14930277;7000.357;1.4961;25;45;90;200;1000;3.571
35.55689953;34.1574645;7000.357;1.4011;25;45;90;200;1000;3.852
35.56151368;34.16562604;7000.357;2.0487;25;45;90;200;1000;4.169
35.56612872;34.1737874;7000.357;2.5575;25;45;90;200;1000;4.481
35.57074465;34.18194858;7000.357;4.5136;25;45;90;200;1000;4.792
35.57536148;34.19010958;7000.357;5.1415;25;45;90;200;1000;5.1
35.57997919;34.19827039;7000.357;4.6586;25;45;90;200;1000;5.308
35.5845978;34.20643101;7000.357;4.2259;25;45;90;200;1000;5.58
35.5892173;34.21459145;7000.357;2.9067;25;45;90;200;1000;5.861
35.59383769;34.22275171;7000.357;1.1787;25;45;90;200;1000;6.152
35.59845898;34.23091178;7000.357;1.2207;25;45;90;200;1000;6.453
35.60308116;34.23907167;7000.357;0.26269;25;45;90;200;1000;6.742
35.60770423;34.24723137;7000.357;1.6327;25;45;90;200;1000;7.056
35.6123282;34.25539089;7000.357;2.6174;25;45;90;200;1000;7.329
35.61695307;34.26355022;7000.357;3.948;25;45;90;200;1000;7.641
35.62157883;34.27170937;7000.357;5.5825;25;45;90;200;1000;7.982
35.62620548;34.27986833;7000.357;7.2533;25;45;90;200;1000;8.293
35.63083303;34.28802711;7000.357;8.2043;25;45;90;200;1000;8.561
35.63546148;34.2961857;7000.357;5.675;25;45;90;200;1000;8.839
35.64009083;34.30434411;7000.357;3.4267;25;45;90;200;1000;9.155
35.64472107;34.31250233;7000.357;3.3563;25;45;90;200;1000;9.446
35.64935221;34.32066036;7000.357;2.4443;25;45;90;200;1000;9.73
35.65398425;34.32881822;7000.357;1.7399;25;45;90;200;1000;9.903
35.65861719;34.33697588;7000.357;1.7783;25;45;90;200;1000;10.12
35.66325102;34.34513336;7000.357;3.1262;25;45;90;200;1000;10.328
35.66788576;34.35329065;7000.357;2.1389;25;45;90;200;1000;10.58
35.6725214;34.36144776;7000.357;1.8314;25;45;90;200;1000;10.866
35.67715793;34.36960468;7000.357;1.4404;25;45;90;200;1000;11.202
35.68179537;34.37776142;7000.357;0.7595;25;45;90;200;1000;11.528
35.68643371;34.38591796;7000.357;0;25;45;90;200;1000;11.771
35.69107296;34.39407433;7000.357;0;25;45;90;200;1000;12.022
35.6957131;34.4022305;7000.357;0;25;45;90;200;1000;12.274
35.70035415;34.41038649;7000.357;0;25;45;90;200;1000;12.556
35.7049961;34.4185423;7000.357;0;25;45;90;200;1000;12.841
35.70963895;34.42669791;7000.357;0;25;45;90;200;1000;13.001
35.71428271;34.43485334;7000.357;0;25;45;90;200;1000;13.218
35.71892737;34.44300859;7000.357;0;25;45;90;200;1000;13.423
35.72357294;34.45116364;7000.357;0;25;45;90;200;1000;13.665
35.72821941;34.45931851;7000.357;0;25;45;90;200;1000;13.931
35.73286679;34.46747319;7000.357;0;25;45;90;200;1000;14.209
35.73751507;34.47562769;7000.357;0;25;45;90;200;1000;14.458
35.74216426;34.48378199;7000.357;0;25;45;90;200;1000;14.753
35.74681436;34.49193612;7000.357;0;25;45;90;200;1000;14.84
35.75146537;34.50009005;7000.357;0;25;45;90;200;1000;14.993
35.75611728;34.50824379;7000.357;0;25;45;90;200;1000;15.298
35.7607701;34.51639735;7000.357;0;25;45;90;200;1000;15.611
35.76542383;34.52455072;7000.357;0;25;45;90;200;1000;15.799
35.77007847;34.5327039;7000.357;0;25;45;90;200;1000;15.966
35.77473402;34.5408569;7000.357;0;25;45;90;200;1000;16.126
35.77939048;34.5490097;7000.357;0;25;45;90;200;1000;16.363
35.32413121;33.74044417;7141.778;0;25;45;90;200;1000;10.362
35.32870064;33.74861499;7141.778;0.45388;25;45;90;200;1000;10.175
35.33327095;33.75678562;7141.778;0.94866;25;45;90;200;1000;9.964
35.33784212;33.76495607;7141.778;1.4369;25;45;90;200;1000;9.781
35.34241416;33.77312635;7141.778;1.0759;25;45;90;200;1000;9.579
35.34698708;33.78129644;7141.778;1.8073;25;45;90;200;1000;9.399
35.35156086;33.78946635;7141.778;2.1471;25;45;90;200;1000;9.257
35.35613551;33.79763609;7141.778;1.279;25;45;90;200;1000;9.004
35.36071104;33.80580564;7141.778;1.1999;25;45;90;200;1000;8.784
35.36528744;33.81397502;7141.778;2.006;25;45;90;200;1000;8.617
35.36986471;33.82214421;7141.778;2.5511;25;45;90;200;1000;8.349
35.37444285;33.83031322;7141.778;3.1472;25;45;90;200;1000;8.079
35.37902187;33.83848205;7141.778;2.523;25;45;90;200;1000;7.799
35.38360176;33.84665071;7141.778;3.4201;25;45;90;200;1000;7.523
35.38818252;33.85481918;7141.778;4.0639;25;45;90;200;1000;7.16
35.39276416;33.86298747;7141.778;3.1856;25;45;90;200;1000;6.888
35.39734668;33.87115558;7141.778;3.9252;25;45;90;200;1000;6.65
35.40193006;33.87932351;7141.778;4.8737;25;45;90;200;1000;6.32
35.40651433;33.88749126;7141.778;5.0181;25;45;90;200;1000;5.986
35.41109947;33.89565883;7141.778;5.6951;25;45;90;200;1000;5.647
35.41568548;33.90382621;7141.778;5.2079;25;45;90;200;1000;5.316
35.42027238;33.91199342;7141.778;4.1518;25;45;90;200;1000;5.024
35.42486015;33.92016044;7141.778;1.2726;25;45;90;200;1000;4.758
35.4294488;33.92832728;7141.778;0.5492;25;45;90;200;1000;4.526
35.43403832;33.93649395;7141.778;1.821;25;45;90;200;1000;4.318
35.43862873;33.94466043;7141.778;2.9754;25;45;90;200;1000;4.1
35.44322001;33.95282672;7141.778;4.8713;25;45;90;200;1000;3.865
35.44781218;33.96099284;7141.778;7.3968;25;45;90;200;1000;3.625
35.45240522;33.96915877;7141.778;10.323;25;45;90;200;1000;3.393
35.45699914;33.97732453;7141.778;10.27;25;45;90;200;1000;3.171
35.46159395;33.9854901;7141.778;9.6368;25;45;90;200;1000;2.916
35.46618963;33.99365549;7141.778;9.941;25;45;90;200;1000;2.67
35.4707862;34.00182069;7141.778;7.9623;25;45;90;200;1000;2.4
35.47538365;34.00998572;7141.778;6.5461;25;45;90;200;1000;2.165
35.47998198;34.01815056;7141.778;7.2372;25;45;90;200;1000;1.934
35.48458119;34.02631522;7141.778;8.1223;25;45;90;200;1000;1.665
35.48918129;34.0344797;7141.778;7.2313;25;45;90;200;1000;1.405
35.49378227;34.04264399;7141.778;3.746;25;45;90;200;1000;1.159
35.49838414;34.0508081;7141.778;2.8869;25;45;90;200;1000;0.758
35.50298689;34.05897203;7141.778;3.2424;25;45;90;200;1000;0.508
35.50759052;34.06713578;7141.778;3.0293;25;45;90;200;1000;0.431
35.51219504;34.07529934;7141.778;2.302;25;45;90;200;1000;0.631
35.51680044;34.08346273;7141.778;2.8401;25;45;90;200;1000;0.886
35.52140673;34.09162592;7141.778;3.2999;25;45;90;200;1000;1.264
35.52601391;34.09978894;7141.778;2.6542;25;45;90;200;1000;1.581
35.53062198;34.10795177;7141.778;3.7198;25;45;90;200;1000;1.917
35.53523093;34.11611442;7141.778;2.2089;25;45;90;200;1000;2.382
35.53984077;34.12427688;7141.778;1.6072;25;45;90;200;1000;2.815
35.5444515;34.13243916;7141.778;1.136;25;45;90;200;1000;3.184
35.54906311;34.14060126;7141.778;0.95813;25;45;90;200;1000;3.452
35.55367562;34.14876317;7141.778;1.3657;25;45;90;200;1000;3.648
35.55828901;34.1569249;7141.778;1.4007;25;45;90;200;1000;3.894
35.5629033;34.16508645;7141.778;1.6303;25;45;90;200;1000;4.198
35.56751848;34.17324781;7141.778;2.3413;25;45;90;200;1000;4.497
35.57213454;34.18140899;7141.778;4.6513;25;45;90;200;1000;4.797
35.5767515;34.18956998;7141.778;5.2716;25;45;90;200;1000;5.138
35.58136935;34.19773079;7141.778;4.6856;25;45;90;200;1000;5.338
35.58598809;34.20589142;7141.778;4.4023;25;45;90;200;1000;5.599
35.59060772;34.21405186;7141.778;2.9165;25;45;90;200;1000;5.883
35.59522825;34.22221212;7141.778;1.2528;25;45;90;200;1000;6.169
35.59984967;34.23037219;7141.778;0.99606;25;45;90;200;1000;6.455
35.60447199;34.23853208;7141.778;0.13823;25;45;90;200;1000;6.787
35.60909519;34.24669178;7141.778;1.8121;25;45;90;200;1000;7.084
35.6137193;34.2548513;7141.778;2.4621;25;45;90;200;1000;7.411
35.61834429;34.26301063;7141.778;4.1899;25;45;90;200;1000;7.692
35.62297019;34.27116978;7141.778;5.559;25;45;90;200;1000;8.001
35.62759698;34.27932874;7141.778;7.3497;25;45;90;200;1000;8.33
35.63222466;34.28748752;7141.778;8.3241;25;45;90;200;1000;8.621
35.63685324;34.29564611;7141.778;5.8219;25;45;90;200;1000;8.854
35.64148272;34.30380452;7141.778;3.5506;25;45;90;200;1000;9.166
35.6461131;34.31196274;7141.778;3.3142;25;45;90;200;1000;9.453
35.65074438;34.32012078;7141.778;2.6269;25;45;90;200;1000;9.781
35.65537655;34.32827863;7141.778;1.8862;25;45;90;200;1000;9.953
35.66000962;34.3364363;7141.778;2.0983;25;45;90;200;1000;10.135
35.66464359;34.34459378;7141.778;2.9454;25;45;90;200;1000;10.358
35.66927847;34.35275107;7141.778;2.4442;25;45;90;200;1000;10.594
35.67391424;34.36090818;7141.778;1.6382;25;45;90;200;1000;10.87
35.67855091;34.3690651;7141.778;1.1332;25;45;90;200;1000;11.193
35.68318848;34.37722183;7141.778;0.29145;25;45;90;200;1000;11.514
35.68782696;34.38537838;7141.778;0.29742;25;45;90;200;1000;11.825
35.69246634;34.39353475;7141.778;0;25;45;90;200;1000;12.062
35.69710662;34.40169092;7141.778;0;25;45;90;200;1000;12.3
35.7017478;34.40984691;7141.778;0;25;45;90;200;1000;12.567
35.70638988;34.41800272;7141.778;0;25;45;90;200;1000;12.86
35.71103287;34.42615833;7141.778;0;25;45;90;200;1000;13.07
35.71567677;34.43431377;7141.778;0;25;45;90;200;1000;13.315
35.72032156;34.44246901;7141.778;0;25;45;90;200;1000;13.49
35.72496726;34.45062407;7141.778;0;25;45;90;200;1000;13.711
35.72961387;34.45877893;7141.778;0;25;45;90;200;1000;13.957
35.73426139;34.46693362;7141.778;0;25;45;90;200;1000;14.269
35.73890981;34.47508811;7141.778;0;25;45;90;200;1000;14.5
35.74355913;34.48324242;7141.778;0;25;45;90;200;1000;14.8
35.74820937;34.49139654;7141.778;0;25;45;90;200;1000;14.889
35.75286051;34.49955047;7141.778;0;25;45;90;200;1000;15.042
35.75751256;34.50770422;7141.778;0;25;45;90;200;1000;15.311
35.76216551;34.51585778;7141.778;0;25;45;90;200;1000;15.647
35.76681938;34.52401115;7141.778;0;25;45;90;200;1000;15.852
35.77147416;34.53216433;7141.778;0;25;45;90;200;1000;16.013
35.77612984;34.54031733;7141.778;0;25;45;90;200;1000;16.171
35.78078644;34.54847013;7141.778;0;25;45;90;200;1000;16.433
35.32551393;33.73990454;7283.2;0;25;45;90;200;1000;10.394
35.3300835;33.74807535;7283.2;0.47476;25;45;90;200;1000;10.214
35.33465393;33.75624599;7283.2;1.2061;25;45;90;200;1000;9.997
35.33922524;33.76441644;7283.2;1.6528;25;45;90;200;1000;9.822
35.34379741;33.77258671;7283.2;1.2702;25;45;90;200;1000;9.633
35.34837046;33.78075681;7283.2;2.1559;25;45;90;200;1000;9.455
35.35294437;33.78892672;7283.2;2.3714;25;45;90;200;1000;9.334
35.35751916;33.79709646;7283.2;1.7282;25;45;90;200;1000;9.027
35.36209482;33.80526601;7283.2;1.0916;25;45;90;200;1000;8.836
35.36667135;33.81343539;7283.2;2.0122;25;45;90;200;1000;8.649
35.37124875;33.82160458;7283.2;2.7799;25;45;90;200;1000;8.377
35.37582702;33.82977359;7283.2;3.4411;25;45;90;200;1000;8.12
35.38040617;33.83794243;7283.2;2.8591;25;45;90;200;1000;7.896
35.38498619;33.84611108;7283.2;3.8633;25;45;90;200;1000;7.524
35.38956709;33.85427955;7283.2;4.5151;25;45;90;200;1000;7.182
35.39414886;33.86244784;7283.2;3.8841;25;45;90;200;1000;6.95
35.3987315;33.87061595;7283.2;4.2992;25;45;90;200;1000;6.673
35.40331502;33.87878388;7283.2;4.6995;25;45;90;200;1000;6.354
35.40789942;33.88695163;7283.2;5.735;25;45;90;200;1000;6.008
35.41248469;33.8951192;7283.2;6.0602;25;45;90;200;1000;5.624
35.41707084;33.90328659;7283.2;5.1709;25;45;90;200;1000;5.317
35.42165786;33.91145379;7283.2;3.6401;25;45;90;200;1000;5.04
35.42624577;33.91962082;7283.2;1.4363;25;45;90;200;1000;4.774
35.43083455;33.92778766;7283.2;0.91379;25;45;90;200;1000;4.548
35.43542421;33.93595432;7283.2;1.9251;25;45;90;200;1000;4.335
35.44001474;33.9441208;7283.2;2.9817;25;45;90;200;1000;4.14
35.44460616;33.9522871;7283.2;4.8283;25;45;90;200;1000;3.894
35.44919846;33.96045322;7283.2;7.005;25;45;90;200;1000;3.634
35.45379163;33.96861915;7283.2;9.8046;25;45;90;200;1000;3.41
35.45838569;33.97678491;7283.2;10.126;25;45;90;200;1000;3.193
35.46298062;33.98495048;7283.2;9.054;25;45;90;200;1000;2.947
35.46757644;33.99311587;7283.2;9.8619;25;45;90;200;1000;2.696
35.47217314;34.00128108;7283.2;8.4727;25;45;90;200;1000;2.415
35.47677072;34.0094461;7283.2;6.3846;25;45;90;200;1000;2.194
35.48136919;34.01761094;7283.2;7.6771;25;45;90;200;1000;1.951
35.48596853;34.0257756;7283.2;8.4388;25;45;90;200;1000;1.695
35.49056876;34.03394008;7283.2;7.1975;25;45;90;200;1000;1.483
35.49516988;34.04210438;7283.2;4.4721;25;45;90;200;1000;1.197
35.49977187;34.05026849;7283.2;2.7662;25;45;90;200;1000;0.799
35.50437476;34.05843242;7283.2;2.9485;25;45;90;200;1000;0.624
35.50897852;34.06659617;7283.2;3.0466;25;45;90;200;1000;0.524
35.51358317;34.07475973;7283.2;2.155;25;45;90;200;1000;0.702
35.51818871;34.08292311;7283.2;2.7574;25;45;90;200;1000;0.951
35.52279514;34.09108631;7283.2;3.424;25;45;90;200;1000;1.344
35.52740245;34.09924932;7283.2;2.5389;25;45;90;200;1000;1.646
35.53201065;34.10741216;7283.2;3.5323;25;45;90;200;1000;1.941
35.53661973;34.11557481;7283.2;1.7955;25;45;90;200;1000;2.405
35.5412297;34.12373727;7283.2;1.394;25;45;90;200;1000;2.835
35.54584057;34.13189955;7283.2;1.2706;25;45;90;200;1000;3.293
35.55045232;34.14006165;7283.2;0.80725;25;45;90;200;1000;3.551
35.55506496;34.14822356;7283.2;1.0723;25;45;90;200;1000;3.754
35.55967848;34.15638529;7283.2;1.0882;25;45;90;200;1000;3.959
35.5642929;34.16454684;7283.2;1.3756;25;45;90;200;1000;4.28
35.56890821;34.1727082;7283.2;2.7221;25;45;90;200;1000;4.528
35.57352441;34.18086938;7283.2;4.423;25;45;90;200;1000;4.812
35.5781415;34.18903038;7283.2;5.1128;25;45;90;200;1000;5.168
35.58275949;34.19719119;7283.2;4.6029;25;45;90;200;1000;5.387
35.58737836;34.20535181;7283.2;4.406;25;45;90;200;1000;5.626
35.59199813;34.21351226;7283.2;2.7091;25;45;90;200;1000;5.92
35.59661879;34.22167251;7283.2;1.2863;25;45;90;200;1000;6.215
35.60124034;34.22983259;7283.2;0.9818;25;45;90;200;1000;6.483
35.60586279;34.23799247;7283.2;0;25;45;90;200;1000;6.83
35.61048614;34.24615218;7283.2;1.7725;25;45;90;200;1000;7.128
35.61511037;34.2543117;7283.2;2.5894;25;45;90;200;1000;7.454
35.6197355;34.26247103;7283.2;4.1357;25;45;90;200;1000;7.795
35.62436153;34.27063018;7283.2;5.8915;25;45;90;200;1000;8.05
35.62898846;34.27878914;7283.2;7.1175;25;45;90;200;1000;8.367
35.63361628;34.28694792;7283.2;8.2238;25;45;90;200;1000;8.684
35.63824499;34.29510651;7283.2;5.9597;25;45;90;200;1000;8.883
35.64287461;34.30326492;7283.2;3.6459;25;45;90;200;1000;9.17
35.64750512;34.31142314;7283.2;3.1508;25;45;90;200;1000;9.452
35.65213653;34.31958118;7283.2;2.7152;25;45;90;200;1000;9.776
35.65676884;34.32773903;7283.2;2.2331;25;45;90;200;1000;10.011
35.66140204;34.3358967;7283.2;2.1444;25;45;90;200;1000;10.158
35.66603615;34.34405418;7283.2;2.6127;25;45;90;200;1000;10.381
35.67067116;34.35221147;7283.2;2.5781;25;45;90;200;1000;10.631
35.67530706;34.36036858;7283.2;1.621;25;45;90;200;1000;10.884
35.67994387;34.3685255;7283.2;1.0657;25;45;90;200;1000;11.174
35.68458158;34.37668224;7283.2;0.16375;25;45;90;200;1000;11.519
35.68922019;34.38483879;7283.2;0.56131;25;45;90;200;1000;11.905
35.6938597;34.39299515;7283.2;0;25;45;90;200;1000;12.104
35.69850011;34.40115133;7283.2;0;25;45;90;200;1000;12.336
35.70314143;34.40930732;7283.2;0;25;45;90;200;1000;12.602
35.70778365;34.41746312;7283.2;0;25;45;90;200;1000;12.89
35.71242678;34.42561874;7283.2;0;25;45;90;200;1000;13.149
35.7170708;34.43377417;7283.2;0;25;45;90;200;1000;13.4
35.72171574;34.44192942;7283.2;0;25;45;90;200;1000;13.579
35.72636157;34.45008447;7283.2;0;25;45;90;200;1000;13.788
35.73100832;34.45823934;7283.2;0;25;45;90;200;1000;14.022
35.73565597;34.46639403;7283.2;0;25;45;90;200;1000;14.282
35.74030452;34.47454852;7283.2;0;25;45;90;200;1000;14.532
35.74495398;34.48270283;7283.2;0;25;45;90;200;1000;14.821
35.74960435;34.49085695;7283.2;0;25;45;90;200;1000;14.953
35.75425563;34.49901088;7283.2;0;25;45;90;200;1000;15.112
35.75890781;34.50716463;7283.2;0;25;45;90;200;1000;15.359
35.76356091;34.51531819;7283.2;0;25;45;90;200;1000;15.662
35.76821491;34.52347156;7283.2;0;25;45;90;200;1000;15.897
35.77286982;34.53162474;7283.2;0;25;45;90;200;1000;16.056
35.77752564;34.53977774;7283.2;0;25;45;90;200;1000;16.226
35.78218237;34.54793055;7283.2;0;25;45;90;200;1000;16.501
35.32689664;33.73936489;7424.621;0;25;45;90;200;1000;10.452
35.33146634;33.7475357;7424.621;0.51834;25;45;90;200;1000;10.255
35.3360369;33.75570634;7424.621;1.3822;25;45;90;200;1000;10.049
35.34060834;33.76387679;7424.621;1.8212;25;45;90;200;1000;9.87
35.34518064;33.77204707;7424.621;1.2788;25;45;90;200;1000;9.685
35.34975382;33.78021716;7424.621;2.3972;25;45;90;200;1000;9.525
35.35432787;33.78838708;7424.621;2.4199;25;45;90;200;1000;9.376
35.35890278;33.79655681;7424.621;2.4018;25;45;90;200;1000;9.058
35.36347857;33.80472637;7424.621;1.1388;25;45;90;200;1000;8.889
35.36805523;33.81289574;7424.621;2.4134;25;45;90;200;1000;8.678
35.37263277;33.82106494;7424.621;3.3921;25;45;90;200;1000;8.404
35.37721117;33.82923395;7424.621;3.638;25;45;90;200;1000;8.154
35.38179045;33.83740278;7424.621;3.1443;25;45;90;200;1000;7.892
35.38637061;33.84557144;7424.621;4.0581;25;45;90;200;1000;7.547
35.39095163;33.85373991;7424.621;4.903;25;45;90;200;1000;7.27
35.39553354;33.8619082;7424.621;4.1649;25;45;90;200;1000;6.995
35.40011631;33.87007631;7424.621;4.3214;25;45;90;200;1000;6.743
35.40469996;33.87824424;7424.621;4.2655;25;45;90;200;1000;6.43
35.40928449;33.88641199;7424.621;5.9437;25;45;90;200;1000;6.074
35.4138699;33.89457956;7424.621;6.4671;25;45;90;200;1000;5.639
35.41845618;33.90274695;7424.621;4.8801;25;45;90;200;1000;5.332
35.42304333;33.91091416;7424.621;2.8656;25;45;90;200;1000;5.066
35.42763137;33.91908118;7424.621;1.5326;25;45;90;200;1000;4.803
35.43222028;33.92724802;7424.621;1.0409;25;45;90;200;1000;4.601
35.43681007;33.93541469;7424.621;2.0001;25;45;90;200;1000;4.373
35.44140074;33.94358117;7424.621;3.0398;25;45;90;200;1000;4.181
35.44599229;33.95174747;7424.621;4.5475;25;45;90;200;1000;3.907
35.45058472;33.95991358;7424.621;6.5996;25;45;90;200;1000;3.663
35.45517803;33.96807952;7424.621;9.1435;25;45;90;200;1000;3.434
35.45977221;33.97624527;7424.621;9.6894;25;45;90;200;1000;3.222
35.46436728;33.98441084;7424.621;8.8037;25;45;90;200;1000;2.994
35.46896323;33.99257623;7424.621;9.5553;25;45;90;200;1000;2.724
35.47356007;34.00074144;7424.621;8.4345;25;45;90;200;1000;2.436
35.47815778;34.00890647;7424.621;6.1586;25;45;90;200;1000;2.209
35.48275638;34.01707131;7424.621;8.4169;25;45;90;200;1000;1.985
35.48735585;34.02523597;7424.621;9.3825;25;45;90;200;1000;1.744
35.49195622;34.03340045;7424.621;7.6117;25;45;90;200;1000;1.549
35.49655746;34.04156474;7424.621;4.8972;25;45;90;200;1000;1.29
35.50115959;34.04972886;7424.621;2.8927;25;45;90;200;1000;0.872
35.50576261;34.05789279;7424.621;2.4969;25;45;90;200;1000;0.75
35.51036651;34.06605654;7424.621;2.8913;25;45;90;200;1000;0.629
35.51497129;34.0742201;7424.621;1.8485;25;45;90;200;1000;0.802
35.51957696;34.08238348;7424.621;2.5741;25;45;90;200;1000;1.073
35.52418352;34.09054668;7424.621;3.2487;25;45;90;200;1000;1.389
35.52879097;34.0987097;7424.621;2.5452;25;45;90;200;1000;1.718
35.5333993;34.10687253;7424.621;3.1421;25;45;90;200;1000;2.003
35.53800852;34.11503518;7424.621;1.8241;25;45;90;200;1000;2.378
35.54261862;34.12319764;7424.621;1.1132;25;45;90;200;1000;2.846
35.54722962;34.13135992;7424.621;1.302;25;45;90;200;1000;3.217
35.5518415;34.13952202;7424.621;0.35789;25;45;90;200;1000;3.604
35.55645427;34.14768394;7424.621;0.64519;25;45;90;200;1000;3.901
35.56106794;34.15584567;7424.621;0.81489;25;45;90;200;1000;4.055
35.56568249;34.16400722;7424.621;1.0505;25;45;90;200;1000;4.342
35.57029793;34.17216858;7424.621;2.3816;25;45;90;200;1000;4.556
35.57491426;34.18032976;7424.621;4.043;25;45;90;200;1000;4.825
35.57953149;34.18849075;7424.621;4.9927;25;45;90;200;1000;5.169
35.58414961;34.19665156;7424.621;4.3009;25;45;90;200;1000;5.467
35.58876862;34.20481219;7424.621;3.9171;25;45;90;200;1000;5.709
35.59338852;34.21297263;7424.621;2.6537;25;45;90;200;1000;5.965
35.59800931;34.22113289;7424.621;1.1192;25;45;90;200;1000;6.234
35.602631;34.22929296;7424.621;0.76218;25;45;90;200;1000;6.53
35.60725358;34.23745285;7424.621;0;25;45;90;200;1000;6.847
35.61187706;34.24561256;7424.621;1.5874;25;45;90;200;1000;7.177
35.61650143;34.25377208;7424.621;2.6524;25;45;90;200;1000;7.495
35.6211267;34.26193141;7424.621;4.0811;25;45;90;200;1000;7.823
35.62575286;34.27009056;7424.621;6.1731;25;45;90;200;1000;8.106
35.63037992;34.27824952;7424.621;6.7756;25;45;90;200;1000;8.371
35.63500787;34.2864083;7424.621;7.7963;25;45;90;200;1000;8.677
35.63963672;34.2945669;7424.621;6.379;25;45;90;200;1000;8.926
35.64426647;34.3027253;7424.621;4.2129;25;45;90;200;1000;9.192
35.64889712;34.31088353;7424.621;3.2507;25;45;90;200;1000;9.477
35.65352866;34.31904156;7424.621;2.601;25;45;90;200;1000;9.81
35.6581611;34.32719942;7424.621;2.3289;25;45;90;200;1000;10.074
35.66279444;34.33535708;7424.621;1.9681;25;45;90;200;1000;10.212
35.66742869;34.34351456;7424.621;2.9853;25;45;90;200;1000;10.401
35.67206383;34.35167186;7424.621;2.5085;25;45;90;200;1000;10.671
35.67669987;34.35982897;7424.621;1.7222;25;45;90;200;1000;10.908
35.68133681;34.36798589;7424.621;1.1105;25;45;90;200;1000;11.191
35.68597465;34.37614263;7424.621;0.48052;25;45;90;200;1000;11.579
35.6906134;34.38429918;7424.621;0.59136;25;45;90;200;1000;11.946
35.69525305;34.39245554;7424.621;0;25;45;90;200;1000;12.144
35.69989359;34.40061172;7424.621;0;25;45;90;200;1000;12.391
35.70453505;34.40876771;7424.621;0;25;45;90;200;1000;12.672
35.7091774;34.41692351;7424.621;0;25;45;90;200;1000;12.925
35.71382066;34.42507913;7424.621;0;25;45;90;200;1000;13.22
35.71846483;34.43323456;7424.621;0;25;45;90;200;1000;13.502
35.72310989;34.44138981;7424.621;0;25;45;90;200;1000;13.652
35.72775587;34.44954486;7424.621;0;25;45;90;200;1000;13.814
35.73240275;34.45769973;7424.621;0;25;45;90;200;1000;14.079
35.73705053;34.46585442;7424.621;0;25;45;90;200;1000;14.303
35.74169922;34.47400891;7424.621;0;25;45;90;200;1000;14.554
35.74634882;34.48216322;7424.621;0;25;45;90;200;1000;14.838
35.75099932;34.49031734;7424.621;0;25;45;90;200;1000;15.03
35.75565074;34.49847128;7424.621;0;25;45;90;200;1000;15.169
35.76030306;34.50662503;7424.621;0;25;45;90;200;1000;15.405
35.76495628;34.51477858;7424.621;0;25;45;90;200;1000;15.699
35.76961042;34.52293196;7424.621;0;25;45;90;200;1000;15.964
35.77426547;34.53108514;7424.621;0;25;45;90;200;1000;16.12
35.77892143;34.53923814;7424.621;0;25;45;90;200;1000;16.291
35.78357829;34.54739094;7424.621;0;25;45;90;200;1000;16.534
35.32827933;33.73882523;7566.043;0;25;45;90;200;1000;10.52
35.33284916;33.74699604;7566.043;0.65902;25;45;90;200;1000;10.311
35.33741985;33.75516667;7566.043;1.4746;25;45;90;200;1000;10.115
35.34199142;33.76333713;7566.043;1.9716;25;45;90;200;1000;9.898
35.34656386;33.7715074;7566.043;1.5309;25;45;90;200;1000;9.743
35.35113716;33.7796775;7566.043;2.5579;25;45;90;200;1000;9.577
35.35571134;33.78784741;7566.043;2.6329;25;45;90;200;1000;9.389
35.36028639;33.79601715;7566.043;3.0218;25;45;90;200;1000;9.105
35.36486231;33.80418671;7566.043;1.7975;25;45;90;200;1000;8.952
35.3694391;33.81235608;7566.043;2.7263;25;45;90;200;1000;8.724
35.37401677;33.82052528;7566.043;4.1303;25;45;90;200;1000;8.444
35.37859531;33.82869429;7566.043;3.8541;25;45;90;200;1000;8.196
35.38317472;33.83686312;7566.043;3.6615;25;45;90;200;1000;7.92
35.387755;33.84503178;7566.043;4.0414;25;45;90;200;1000;7.575
35.39233616;33.85320025;7566.043;4.953;25;45;90;200;1000;7.319
35.3969182;33.86136854;7566.043;4.4307;25;45;90;200;1000;7.038
35.4015011;33.86953666;7566.043;4.0027;25;45;90;200;1000;6.802
35.40608489;33.87770459;7566.043;4.2808;25;45;90;200;1000;6.561
35.41066955;33.88587234;7566.043;6.1248;25;45;90;200;1000;6.142
35.41525508;33.89403991;7566.043;6.4751;25;45;90;200;1000;5.668
35.4198415;33.90220729;7566.043;4.8309;25;45;90;200;1000;5.371
35.42442878;33.9103745;7566.043;2.7634;25;45;90;200;1000;5.086
35.42901695;33.91854153;7566.043;1.4008;25;45;90;200;1000;4.847
35.433606;33.92670837;7566.043;1.1533;25;45;90;200;1000;4.654
35.43819592;33.93487503;7566.043;2.0489;25;45;90;200;1000;4.436
35.44278672;33.94304151;7566.043;2.9711;25;45;90;200;1000;4.205
35.4473784;33.95120781;7566.043;3.9732;25;45;90;200;1000;3.926
35.45197096;33.95937393;7566.043;6.1628;25;45;90;200;1000;3.689
35.4565644;33.96753987;7566.043;8.831;25;45;90;200;1000;3.464
35.46115872;33.97570562;7566.043;9.2376;25;45;90;200;1000;3.255
35.46575392;33.98387119;7566.043;8.8994;25;45;90;200;1000;3.032
35.47035001;33.99203658;7566.043;9.3358;25;45;90;200;1000;2.746
35.47494697;34.00020179;7566.043;8.2417;25;45;90;200;1000;2.466
35.47954482;34.00836682;7566.043;6.2619;25;45;90;200;1000;2.235
35.48414355;34.01653166;7566.043;8.412;25;45;90;200;1000;2.014
35.48874316;34.02469632;7566.043;9.9512;25;45;90;200;1000;1.78
35.49334365;34.0328608;7566.043;8.0599;25;45;90;200;1000;1.618
35.49794503;34.0410251;7566.043;5.5461;25;45;90;200;1000;1.362
35.5025473;34.04918921;7566.043;2.792;25;45;90;200;1000;1.001
35.50715044;34.05735314;7566.043;1.6429;25;45;90;200;1000;0.792
35.51175448;34.06551689;7566.043;2.7157;25;45;90;200;1000;0.717
35.5163594;34.07368045;7566.043;1.6631;25;45;90;200;1000;0.97
35.5209652;34.08184384;7566.043;2.2271;25;45;90;200;1000;1.258
35.52557189;34.09000704;7566.043;3.0065;25;45;90;200;1000;1.514
35.53017947;34.09817005;7566.043;2.6299;25;45;90;200;1000;1.814
35.53478793;34.10633288;7566.043;2.532;25;45;90;200;1000;2.122
35.53939728;34.11449553;7566.043;1.6209;25;45;90;200;1000;2.402
35.54400752;34.122658;7566.043;1.0872;25;45;90;200;1000;2.828
35.54861865;34.13082028;7566.043;1.2068;25;45;90;200;1000;3.178
35.55323067;34.13898238;7566.043;0.13823;25;45;90;200;1000;3.573
35.55784357;34.1471443;7566.043;0.12844;25;45;90;200;1000;4.036
35.56245737;34.15530603;7566.043;0;25;45;90;200;1000;4.141
35.56707206;34.16346758;7566.043;0.85098;25;45;90;200;1000;4.423
35.57168763;34.17162894;7566.043;2.2625;25;45;90;200;1000;4.608
35.5763041;34.17979012;7566.043;3.724;25;45;90;200;1000;4.863
35.58092146;34.18795111;7566.043;4.7363;25;45;90;200;1000;5.181
35.58553971;34.19611193;7566.043;3.9488;25;45;90;200;1000;5.543
35.59015885;34.20427255;7566.043;3.6736;25;45;90;200;1000;5.758
35.59477889;34.212433;7566.043;2.3387;25;45;90;200;1000;6.034
35.59939982;34.22059325;7566.043;1.1305;25;45;90;200;1000;6.271
35.60402164;34.22875333;7566.043;0.37784;25;45;90;200;1000;6.571
35.60864435;34.23691322;7566.043;0.34937;25;45;90;200;1000;6.875
35.61326796;34.24507292;7566.043;1.4064;25;45;90;200;1000;7.25
35.61789247;34.25323244;7566.043;2.6452;25;45;90;200;1000;7.561
35.62251787;34.26139177;7566.043;3.8414;25;45;90;200;1000;7.849
35.62714417;34.26955092;7566.043;6.0667;25;45;90;200;1000;8.15
35.63177136;34.27770989;7566.043;6.4635;25;45;90;200;1000;8.389
35.63639945;34.28586867;7566.043;7.5612;25;45;90;200;1000;8.697
35.64102843;34.29402726;7566.043;6.4668;25;45;90;200;1000;8.973
35.64565832;34.30218567;7566.043;4.4614;25;45;90;200;1000;9.26
35.6502891;34.3103439;7566.043;3.1515;25;45;90;200;1000;9.514
35.65492077;34.31850193;7566.043;2.0226;25;45;90;200;1000;9.836
35.65955335;34.32665979;7566.043;2.2225;25;45;90;200;1000;10.116
35.66418683;34.33481745;7566.043;1.8377;25;45;90;200;1000;10.257
35.6688212;34.34297493;7566.043;3.2675;25;45;90;200;1000;10.444
35.67345648;34.35113223;7566.043;2.4995;25;45;90;200;1000;10.709
35.67809266;34.35928934;7566.043;1.4922;25;45;90;200;1000;10.948
35.68272973;34.36744626;7566.043;1.1029;25;45;90;200;1000;11.223
35.68736771;34.375603;7566.043;0.56713;25;45;90;200;1000;11.614
35.69200659;34.38375955;7566.043;0.36138;25;45;90;200;1000;12.005
35.69664637;34.39191591;7566.043;0;25;45;90;200;1000;12.206
35.70128706;34.40007209;7566.043;0;25;45;90;200;1000;12.459
35.70592865;34.40822808;7566.043;0;25;45;90;200;1000;12.704
35.71057114;34.41638389;7566.043;0;25;45;90;200;1000;13.029
35.71521453;34.42453951;7566.043;0;25;45;90;200;1000;13.354
35.71985883;34.43269494;7566.043;0;25;45;90;200;1000;13.567
35.72450403;34.44085018;7566.043;0;25;45;90;200;1000;13.718
35.72915014;34.44900524;7566.043;0;25;45;90;200;1000;13.853
35.73379715;34.45716011;7566.043;0;25;45;90;200;1000;14.151
35.73844507;34.46531479;7566.043;0;25;45;90;200;1000;14.361
35.7430939;34.47346929;7566.043;0;25;45;90;200;1000;14.628
35.74774363;34.4816236;7566.043;0;25;45;90;200;1000;14.867
35.75239427;34.48977772;7566.043;0;25;45;90;200;1000;15.1
35.75704582;34.49793166;7566.043;0;25;45;90;200;1000;15.219
35.76169828;34.5060854;7566.043;0;25;45;90;200;1000;15.461
35.76635164;34.51423896;7566.043;0;25;45;90;200;1000;15.787
35.77100592;34.52239234;7566.043;0;25;45;90;200;1000;16.055
35.7756611;34.53054552;7566.043;0;25;45;90;200;1000;16.187
35.78031719;34.53869852;7566.043;0;25;45;90;200;1000;16.347
35.7849742;34.54685132;7566.043;0;25;45;90;200;1000;16.573
35.329662;33.73828555;7707.464;0;25;45;90;200;1000;10.577
35.33423196;33.74645636;7707.464;0.65134;25;45;90;200;1000;10.363
35.33880279;33.75462699;7707.464;1.3633;25;45;90;200;1000;10.163
35.34337449;33.76279745;7707.464;2.1237;25;45;90;200;1000;9.93
35.34794706;33.77096773;7707.464;2.0366;25;45;90;200;1000;9.806
35.35252049;33.77913782;7707.464;2.7704;25;45;90;200;1000;9.634
35.3570948;33.78730774;7707.464;2.96;25;45;90;200;1000;9.411
35.36166998;33.79547747;7707.464;3.4766;25;45;90;200;1000;9.17
35.36624603;33.80364703;7707.464;2.3251;25;45;90;200;1000;9.026
35.37082296;33.8118164;7707.464;2.8901;25;45;90;200;1000;8.812
35.37540075;33.8199856;7707.464;4.6542;25;45;90;200;1000;8.47
35.37997942;33.82815462;7707.464;3.7858;25;45;90;200;1000;8.259
35.38455897;33.83632345;7707.464;3.8337;25;45;90;200;1000;7.992
35.38913938;33.8444921;7707.464;3.9068;25;45;90;200;1000;7.621
35.39372067;33.85266058;7707.464;5.1706;25;45;90;200;1000;7.34
35.39830284;33.86082887;7707.464;4.6857;25;45;90;200;1000;7.104
35.40288588;33.86899698;7707.464;3.6267;25;45;90;200;1000;6.865
35.40746979;33.87716491;7707.464;4.5264;25;45;90;200;1000;6.62
35.41205458;33.88533266;7707.464;6.3738;25;45;90;200;1000;6.143
35.41664025;33.89350023;7707.464;6.4807;25;45;90;200;1000;5.719
35.4212268;33.90166762;7707.464;4.5639;25;45;90;200;1000;5.412
35.42581422;33.90983483;7707.464;2.9845;25;45;90;200;1000;5.122
35.43040252;33.91800186;7707.464;1.6978;25;45;90;200;1000;4.878
35.43499169;33.9261687;7707.464;1.2832;25;45;90;200;1000;4.712
35.43958175;33.93433536;7707.464;2.073;25;45;90;200;1000;4.497
35.44417268;33.94250184;7707.464;3.0186;25;45;90;200;1000;4.219
35.4487645;33.95066814;7707.464;3.8121;25;45;90;200;1000;3.955
35.45335719;33.95883426;7707.464;6.1055;25;45;90;200;1000;3.704
35.45795076;33.9670002;7707.464;8.2611;25;45;90;200;1000;3.517
35.46254521;33.97516595;7707.464;8.8003;25;45;90;200;1000;3.3
35.46714055;33.98333153;7707.464;8.7266;25;45;90;200;1000;3.035
35.47173676;33.99149692;7707.464;9.2628;25;45;90;200;1000;2.764
35.47633386;33.99966213;7707.464;7.852;25;45;90;200;1000;2.502
35.48093184;34.00782715;7707.464;6.6031;25;45;90;200;1000;2.273
35.4855307;34.015992;7707.464;8.9921;25;45;90;200;1000;2.048
35.49013045;34.02415666;7707.464;9.9061;25;45;90;200;1000;1.832
35.49473107;34.03232114;7707.464;8.7006;25;45;90;200;1000;1.693
35.49933259;34.04048543;7707.464;6.0907;25;45;90;200;1000;1.41
35.50393498;34.04864955;7707.464;3.0165;25;45;90;200;1000;1.075
35.50853826;34.05681348;7707.464;0.91244;25;45;90;200;1000;0.87
35.51314243;34.06497723;7707.464;2.322;25;45;90;200;1000;0.808
35.51774748;34.07314079;7707.464;1.5531;25;45;90;200;1000;1.034
35.52235342;34.08130418;7707.464;1.9457;25;45;90;200;1000;1.394
35.52696024;34.08946738;7707.464;2.853;25;45;90;200;1000;1.592
35.53156795;34.09763039;7707.464;2.6105;25;45;90;200;1000;1.909
35.53617655;34.10579323;7707.464;2.0762;25;45;90;200;1000;2.182
35.54078603;34.11395588;7707.464;1.5022;25;45;90;200;1000;2.451
35.54539641;34.12211834;7707.464;1.0498;25;45;90;200;1000;2.804
35.55000767;34.13028062;7707.464;0.98037;25;45;90;200;1000;3.164
35.55461982;34.13844272;7707.464;0;25;45;90;200;1000;3.567
35.55923286;34.14660464;7707.464;0.087965;25;45;90;200;1000;4.113
35.56384679;34.15476637;7707.464;0;25;45;90;200;1000;4.249
35.56846161;34.16292792;7707.464;0.2951;25;45;90;200;1000;4.525
35.57307732;34.17108928;7707.464;1.9347;25;45;90;200;1000;4.691
35.57769392;34.17925046;7707.464;3.5133;25;45;90;200;1000;4.916
35.58231141;34.18741146;7707.464;4.8931;25;45;90;200;1000;5.201
35.58692979;34.19557227;7707.464;3.8413;25;45;90;200;1000;5.579
35.59154907;34.2037329;7707.464;3.3024;25;45;90;200;1000;5.813
35.59616924;34.21189334;7707.464;2.335;25;45;90;200;1000;6.118
35.6007903;34.2200536;7707.464;1.1287;25;45;90;200;1000;6.301
35.60541226;34.22821367;7707.464;0.36241;25;45;90;200;1000;6.623
35.61003511;34.23637356;7707.464;0.8858;25;45;90;200;1000;6.935
35.61465885;34.24453327;7707.464;1.4969;25;45;90;200;1000;7.28
35.61928349;34.25269279;7707.464;2.524;25;45;90;200;1000;7.596
35.62390903;34.26085212;7707.464;3.4466;25;45;90;200;1000;7.909
35.62853546;34.26901127;7707.464;5.658;25;45;90;200;1000;8.197
35.63316278;34.27717024;7707.464;6.3548;25;45;90;200;1000;8.438
35.63779101;34.28532902;7707.464;7.7116;25;45;90;200;1000;8.722
35.64242013;34.29348761;7707.464;6.1378;25;45;90;200;1000;9.053
35.64705014;34.30164602;7707.464;4.4614;25;45;90;200;1000;9.345
35.65168106;34.30980425;7707.464;3.0223;25;45;90;200;1000;9.56
35.65631287;34.31796229;7707.464;1.9258;25;45;90;200;1000;9.867
35.66094558;34.32612014;7707.464;2.432;25;45;90;200;1000;10.148
35.66557919;34.33427781;7707.464;1.6613;25;45;90;200;1000;10.291
35.67021371;34.34243529;7707.464;3.3172;25;45;90;200;1000;10.48
35.67484912;34.35059258;7707.464;2.2821;25;45;90;200;1000;10.734
35.67948543;34.35874969;7707.464;1.9007;25;45;90;200;1000;11.034
35.68412264;34.36690662;7707.464;0.99314;25;45;90;200;1000;11.267
35.68876075;34.37506335;7707.464;0.68382;25;45;90;200;1000;11.679
35.69339977;34.3832199;7707.464;0.12844;25;45;90;200;1000;12.043
35.69803968;34.39137627;7707.464;0;25;45;90;200;1000;12.317
35.7026805;34.39953245;7707.464;0;25;45;90;200;1000;12.54
35.70732222;34.40768844;7707.464;0;25;45;90;200;1000;12.778
35.71196485;34.41584425;7707.464;0;25;45;90;200;1000;13.061
35.71660838;34.42399986;7707.464;0;25;45;90;200;1000;13.419
35.72125281;34.4321553;7707.464;0;25;45;90;200;1000;13.641
35.72589815;34.44031054;7707.464;0;25;45;90;200;1000;13.793
35.7305444;34.4484656;7707.464;0;25;45;90;200;1000;13.938
35.73519155;34.45662047;7707.464;0;25;45;90;200;1000;14.229
35.7398396;34.46477516;7707.464;0;25;45;90;200;1000;14.451
35.74448856;34.47292965;7707.464;0;25;45;90;200;1000;14.679
35.74913843;34.48108396;7707.464;0;25;45;90;200;1000;14.969
35.75378921;34.48923809;7707.464;0;25;45;90;200;1000;15.175
35.75844089;34.49739202;7707.464;0;25;45;90;200;1000;15.297
35.76309348;34.50554577;7707.464;0;25;45;90;200;1000;15.517
35.76774698;34.51369933;7707.464;0;25;45;90;200;1000;15.893
35.77240139;34.5218527;7707.464;0;25;45;90;200;1000;16.124
35.77705671;34.53000588;7707.464;0;25;45;90;200;1000;16.263
35.78171294;34.53815888;7707.464;0;25;45;90;200;1000;16.423
35.78637008;34.54631169;7707.464;0;25;45;90;200;1000;16.608
35.33104466;33.73774585;7848.885;0;25;45;90;200;1000;10.652
35.33561475;33.74591666;7848.885;0.50568;25;45;90;200;1000;10.411
35.34018571;33.7540873;7848.885;1.6508;25;45;90;200;1000;10.194
35.34475754;33.76225776;7848.885;2.1775;25;45;90;200;1000;9.986
35.34933023;33.77042803;7848.885;2.2116;25;45;90;200;1000;9.859
35.3539038;33.77859813;7848.885;2.834;25;45;90;200;1000;9.688
35.35847824;33.78676804;7848.885;3.3049;25;45;90;200;1000;9.459
35.36305356;33.79493778;7848.885;3.9598;25;45;90;200;1000;9.226
35.36762974;33.80310734;7848.885;2.8585;25;45;90;200;1000;9.101
35.37220679;33.81127671;7848.885;3.1804;25;45;90;200;1000;8.871
35.37678472;33.81944591;7848.885;4.8373;25;45;90;200;1000;8.567
35.38136352;33.82761492;7848.885;3.7653;25;45;90;200;1000;8.325
35.3859432;33.83578376;7848.885;3.8065;25;45;90;200;1000;7.981
35.39052374;33.84395241;7848.885;3.8485;25;45;90;200;1000;7.689
35.39510517;33.85212089;7848.885;5.2742;25;45;90;200;1000;7.385
35.39968746;33.86028918;7848.885;4.8943;25;45;90;200;1000;7.156
35.40427064;33.86845729;7848.885;3.4358;25;45;90;200;1000;6.9
35.40885468;33.87662523;7848.885;5.1183;25;45;90;200;1000;6.644
35.41343961;33.88479298;7848.885;6.4736;25;45;90;200;1000;6.181
35.4180254;33.89296055;7848.885;6.4846;25;45;90;200;1000;5.79
35.42261208;33.90112794;7848.885;4.502;25;45;90;200;1000;5.434
35.42719963;33.90929514;7848.885;3.1994;25;45;90;200;1000;5.151
35.43178807;33.91746217;7848.885;1.8198;25;45;90;200;1000;4.937
35.43637737;33.92562901;7848.885;1.2304;25;45;90;200;1000;4.776
35.44096756;33.93379568;7848.885;2.1607;25;45;90;200;1000;4.522
35.44555863;33.94196216;7848.885;3.0063;25;45;90;200;1000;4.237
35.45015057;33.95012846;7848.885;3.5079;25;45;90;200;1000;3.975
35.4547434;33.95829458;7848.885;5.7415;25;45;90;200;1000;3.726
35.4593371;33.96646052;7848.885;7.3969;25;45;90;200;1000;3.554
35.46393169;33.97462627;7848.885;8.3746;25;45;90;200;1000;3.285
35.46852715;33.98279184;7848.885;8.1937;25;45;90;200;1000;3.039
35.4731235;33.99095724;7848.885;9.1402;25;45;90;200;1000;2.777
35.47772073;33.99912245;7848.885;8.1364;25;45;90;200;1000;2.557
35.48231884;34.00728747;7848.885;7.2826;25;45;90;200;1000;2.329
35.48691784;34.01545232;7848.885;9.3178;25;45;90;200;1000;2.101
35.49151771;34.02361698;7848.885;9.9413;25;45;90;200;1000;1.895
35.49611848;34.03178146;7848.885;9.538;25;45;90;200;1000;1.741
35.50072012;34.03994576;7848.885;6.6716;25;45;90;200;1000;1.43
35.50532265;34.04810987;7848.885;3.9782;25;45;90;200;1000;1.133
35.50992606;34.0562738;7848.885;0.54004;25;45;90;200;1000;0.94
35.51453036;34.06443755;7848.885;1.8647;25;45;90;200;1000;0.917
35.51913555;34.07260112;7848.885;1.8396;25;45;90;200;1000;1.081
35.52374162;34.0807645;7848.885;2.1293;25;45;90;200;1000;1.443
35.52834857;34.0889277;7848.885;2.6303;25;45;90;200;1000;1.628
35.53295642;34.09709072;7848.885;2.4016;25;45;90;200;1000;2.005
35.53756515;34.10525355;7848.885;1.6754;25;45;90;200;1000;2.253
35.54217476;34.1134162;7848.885;1.5236;25;45;90;200;1000;2.478
35.54678527;34.12157867;7848.885;0.99967;25;45;90;200;1000;2.817
35.55139667;34.12974095;7848.885;0.88848;25;45;90;200;1000;3.221
35.55600895;34.13790305;7848.885;0;25;45;90;200;1000;3.679
35.56062212;34.14606497;7848.885;0.13841;25;45;90;200;1000;4.114
35.56523618;34.1542267;7848.885;0.43897;25;45;90;200;1000;4.338
35.56985114;34.16238825;7848.885;0.31836;25;45;90;200;1000;4.561
35.57446698;34.17054961;7848.885;1.8073;25;45;90;200;1000;4.747
35.57908372;34.17871079;7848.885;3.3608;25;45;90;200;1000;4.981
35.58370134;34.18687179;7848.885;4.7538;25;45;90;200;1000;5.233
35.58831986;34.1950326;7848.885;3.5727;25;45;90;200;1000;5.593
35.59293927;34.20319323;7848.885;3.2658;25;45;90;200;1000;5.843
35.59755957;34.21135367;7848.885;1.9978;25;45;90;200;1000;6.143
35.60218077;34.21951393;7848.885;1.1142;25;45;90;200;1000;6.338
35.60680286;34.22767401;7848.885;0.31157;25;45;90;200;1000;6.658
35.61142584;34.2358339;7848.885;1.2836;25;45;90;200;1000;7.043
35.61604972;34.2439936;7848.885;1.575;25;45;90;200;1000;7.368
35.6206745;34.25215312;7848.885;2.3465;25;45;90;200;1000;7.654
35.62530017;34.26031246;7848.885;3.1365;25;45;90;200;1000;7.953
35.62992673;34.26847161;7848.885;5.5538;25;45;90;200;1000;8.218
35.63455419;34.27663057;7848.885;6.0445;25;45;90;200;1000;8.47
35.63918255;34.28478935;7848.885;7.4745;25;45;90;200;1000;8.768
35.6438118;34.29294795;7848.885;6.2421;25;45;90;200;1000;9.094
35.64844195;34.30110636;7848.885;4.2123;25;45;90;200;1000;9.371
35.653073;34.30926458;7848.885;3.3372;25;45;90;200;1000;9.601
35.65770495;34.31742262;7848.885;1.8826;25;45;90;200;1000;9.869
35.6623378;34.32558048;7848.885;2.4548;25;45;90;200;1000;10.139
35.66697154;34.33373814;7848.885;2.1641;25;45;90;200;1000;10.333
35.67160619;34.34189562;7848.885;3.6133;25;45;90;200;1000;10.513
35.67624173;34.35005292;7848.885;2.4984;25;45;90;200;1000;10.782
35.68087818;34.35821003;7848.885;1.9843;25;45;90;200;1000;11.11
35.68551553;34.36636695;7848.885;0.91243;25;45;90;200;1000;11.365
35.69015377;34.37452369;7848.885;0.78622;25;45;90;200;1000;11.691
35.69479292;34.38268024;7848.885;0.087965;25;45;90;200;1000;12.094
35.69943298;34.39083661;7848.885;0;25;45;90;200;1000;12.389
35.70407393;34.39899279;7848.885;0;25;45;90;200;1000;12.631
35.70871579;34.40714878;7848.885;0;25;45;90;200;1000;12.82
35.71335855;34.41530459;7848.885;0;25;45;90;200;1000;13.093
35.71800221;34.42346021;7848.885;0;25;45;90;200;1000;13.416
35.72264678;34.43161564;7848.885;0;25;45;90;200;1000;13.719
35.72729226;34.43977088;7848.885;0;25;45;90;200;1000;13.872
35.73193863;34.44792594;7848.885;0;25;45;90;200;1000;14.039
35.73658592;34.45608082;7848.885;0;25;45;90;200;1000;14.264
35.74123411;34.4642355;7848.885;0;25;45;90;200;1000;14.537
35.74588321;34.47239;7848.885;0;25;45;90;200;1000;14.79
35.75053321;34.48054431;7848.885;0;25;45;90;200;1000;15.037
35.75518412;34.48869843;7848.885;0;25;45;90;200;1000;15.248
35.75983594;34.49685237;7848.885;0;25;45;90;200;1000;15.379
35.76448867;34.50500611;7848.885;0;25;45;90;200;1000;15.602
35.76914231;34.51315967;7848.885;0;25;45;90;200;1000;15.989
35.77379685;34.52131305;7848.885;0;25;45;90;200;1000;16.266
35.77845231;34.52946623;7848.885;0;25;45;90;200;1000;16.362
35.78310867;34.53761923;7848.885;0;25;45;90;200;1000;16.49
35.78776595;34.54577204;7848.885;0;25;45;90;200;1000;16.652
35.3324273;33.73720614;7990.307;0.12022;25;45;90;200;1000;10.758
35.33699752;33.74537695;7990.307;0.33689;25;45;90;200;1000;10.473
35.34156861;33.75354759;7990.307;1.8149;25;45;90;200;1000;10.25
35.34614057;33.76171805;7990.307;1.9417;25;45;90;200;1000;10.053
35.3507134;33.76988832;7990.307;2.1874;25;45;90;200;1000;9.92
35.3552871;33.77805842;7990.307;2.8129;25;45;90;200;1000;9.75
35.35986167;33.78622834;7990.307;3.4169;25;45;90;200;1000;9.517
35.36443711;33.79439807;7990.307;4.2088;25;45;90;200;1000;9.291
35.36901343;33.80256763;7990.307;3.1445;25;45;90;200;1000;9.167
35.37359061;33.81073701;7990.307;3.2843;25;45;90;200;1000;8.889
35.37816867;33.8189062;7990.307;4.7254;25;45;90;200;1000;8.627
35.3827476;33.82707522;7990.307;3.5904;25;45;90;200;1000;8.398
35.38732741;33.83524405;7990.307;3.8457;25;45;90;200;1000;7.999
35.39190809;33.84341271;7990.307;3.6478;25;45;90;200;1000;7.787
35.39648964;33.85158118;7990.307;5.3354;25;45;90;200;1000;7.48
35.40107207;33.85974948;7990.307;5.5476;25;45;90;200;1000;7.226
35.40565537;33.86791759;7990.307;3.6949;25;45;90;200;1000;6.895
35.41023955;33.87608552;7990.307;5.511;25;45;90;200;1000;6.526
35.41482461;33.88425327;7990.307;6.164;25;45;90;200;1000;6.17
35.41941054;33.89242084;7990.307;6.4072;25;45;90;200;1000;5.813
35.42399735;33.90058823;7990.307;4.6682;25;45;90;200;1000;5.455
35.42858503;33.90875544;7990.307;3.563;25;45;90;200;1000;5.171
35.4331736;33.91692247;7990.307;1.858;25;45;90;200;1000;4.994
35.43776304;33.92508931;7990.307;1.281;25;45;90;200;1000;4.817
35.44235336;33.93325598;7990.307;2.3688;25;45;90;200;1000;4.541
35.44694455;33.94142246;7990.307;2.9572;25;45;90;200;1000;4.271
35.45153663;33.94958876;7990.307;3.3037;25;45;90;200;1000;3.993
35.45612959;33.95775488;7990.307;5.4834;25;45;90;200;1000;3.766
35.46072343;33.96592082;7990.307;6.696;25;45;90;200;1000;3.578
35.46531814;33.97408657;7990.307;8.1737;25;45;90;200;1000;3.287
35.46991374;33.98225215;7990.307;7.6181;25;45;90;200;1000;3.048
35.47451022;33.99041754;7990.307;8.7414;25;45;90;200;1000;2.796
35.47910759;33.99858275;7990.307;8.269;25;45;90;200;1000;2.598
35.48370583;34.00674778;7990.307;7.3427;25;45;90;200;1000;2.372
35.48830496;34.01491262;7990.307;10.04;25;45;90;200;1000;2.138
35.49290497;34.02307728;7990.307;10.198;25;45;90;200;1000;1.957
35.49750586;34.03124176;7990.307;9.8917;25;45;90;200;1000;1.752
35.50210764;34.03940606;7990.307;6.9665;25;45;90;200;1000;1.484
35.5067103;34.04757018;7990.307;4.7202;25;45;90;200;1000;1.222
35.51131385;34.05573411;7990.307;0.75697;25;45;90;200;1000;1.007
35.51591828;34.06389786;7990.307;1.4409;25;45;90;200;1000;0.998
35.52052359;34.07206142;7990.307;2.0752;25;45;90;200;1000;1.215
35.5251298;34.08022481;7990.307;2.225;25;45;90;200;1000;1.541
35.52973689;34.08838801;7990.307;2.7519;25;45;90;200;1000;1.707
35.53434486;34.09655102;7990.307;1.9637;25;45;90;200;1000;2.111
35.53895373;34.10471386;7990.307;1.0996;25;45;90;200;1000;2.338
35.54356348;34.11287651;7990.307;1.5315;25;45;90;200;1000;2.595
35.54817412;34.12103898;7990.307;0.93472;25;45;90;200;1000;2.881
35.55278565;34.12920126;7990.307;0.82214;25;45;90;200;1000;3.276
35.55739806;34.13736336;7990.307;0.19814;25;45;90;200;1000;3.74
35.56201137;34.14552528;7990.307;0.23956;25;45;90;200;1000;4.138
35.56662557;34.15368701;7990.307;0.84111;25;45;90;200;1000;4.443
35.57124065;34.16184856;7990.307;0.75478;25;45;90;200;1000;4.65
35.57585663;34.17000992;7990.307;1.4064;25;45;90;200;1000;4.837
35.5804735;34.17817111;7990.307;3.0511;25;45;90;200;1000;5.048
35.58509126;34.1863321;7990.307;4.9731;25;45;90;200;1000;5.313
35.58970991;34.19449291;7990.307;3.73;25;45;90;200;1000;5.655
35.59432945;34.20265354;7990.307;3.1823;25;45;90;200;1000;5.896
35.59894989;34.21081399;7990.307;1.9288;25;45;90;200;1000;6.164
35.60357122;34.21897425;7990.307;1.3969;25;45;90;200;1000;6.384
35.60819345;34.22713432;7990.307;0.19993;25;45;90;200;1000;6.71
35.61281656;34.23529421;7990.307;1.4927;25;45;90;200;1000;7.154
35.61744058;34.24345392;7990.307;1.9558;25;45;90;200;1000;7.403
35.62206548;34.25161344;7990.307;2.287;25;45;90;200;1000;7.724
35.62669129;34.25977278;7990.307;2.7502;25;45;90;200;1000;7.978
35.63131798;34.26793193;7990.307;5.3267;25;45;90;200;1000;8.265
35.63594558;34.27609089;7990.307;5.6536;25;45;90;200;1000;8.536
35.64057407;34.28424967;7990.307;6.9382;25;45;90;200;1000;8.789
35.64520346;34.29240827;7990.307;6.2908;25;45;90;200;1000;9.094
35.64983375;34.30056668;7990.307;3.8631;25;45;90;200;1000;9.394
35.65446493;34.3087249;7990.307;3.5882;25;45;90;200;1000;9.664
35.65909701;34.31688294;7990.307;2.1155;25;45;90;200;1000;9.881
35.66372999;34.3250408;7990.307;2.2583;25;45;90;200;1000;10.15
35.66836387;34.33319846;7990.307;2.7246;25;45;90;200;1000;10.389
35.67299865;34.34135595;7990.307;3.9008;25;45;90;200;1000;10.579
35.67763433;34.34951324;7990.307;2.8679;25;45;90;200;1000;10.859
35.68227091;34.35767035;7990.307;2.0736;25;45;90;200;1000;11.177
35.68690839;34.36582728;7990.307;0.62434;25;45;90;200;1000;11.419
35.69154678;34.37398402;7990.307;0.85561;25;45;90;200;1000;11.717
35.69618606;34.38214057;7990.307;0.2745;25;45;90;200;1000;12.174
35.70082625;34.39029693;7990.307;0;25;45;90;200;1000;12.48
35.70546734;34.39845311;7990.307;0;25;45;90;200;1000;12.719
35.71010933;34.40660911;7990.307;0;25;45;90;200;1000;12.857
35.71475223;34.41476491;7990.307;0;25;45;90;200;1000;13.14
35.71939603;34.42292053;7990.307;0;25;45;90;200;1000;13.417
35.72404073;34.43107597;7990.307;0;25;45;90;200;1000;13.759
35.72868634;34.43923121;7990.307;0;25;45;90;200;1000;13.956
35.73333286;34.44738627;7990.307;0;25;45;90;200;1000;14.134
35.73798028;34.45554114;7990.307;0;25;45;90;200;1000;14.346
35.7426286;34.46369583;7990.307;0;25;45;90;200;1000;14.593
35.74727783;34.47185033;7990.307;0;25;45;90;200;1000;14.82
35.75192797;34.48000464;7990.307;0;25;45;90;200;1000;15.086
35.75657902;34.48815876;7990.307;0;25;45;90;200;1000;15.312
35.76123098;34.4963127;7990.307;0;25;45;90;200;1000;15.465
35.76588384;34.50446645;7990.307;0;25;45;90;200;1000;15.665
35.77053761;34.51262001;7990.307;0;25;45;90;200;1000;16.013
35.77519229;34.52077338;7990.307;0;25;45;90;200;1000;16.336
35.77984788;34.52892656;7990.307;0;25;45;90;200;1000;16.433
35.78450438;34.53707956;7990.307;0;25;45;90;200;1000;16.545
35.78916179;34.54523237;7990.307;0;25;45;90;200;1000;16.706
35.33380992;33.73666641;8131.728;0.16085;25;45;90;200;1000;10.804
35.33838027;33.74483723;8131.728;0.51487;25;45;90;200;1000;10.499
35.34295149;33.75300786;8131.728;1.8509;25;45;90;200;1000;10.304
35.34752358;33.76117832;8131.728;1.9535;25;45;90;200;1000;10.12
35.35209654;33.7693486;8131.728;2.3821;25;45;90;200;1000;9.963
35.35667037;33.77751869;8131.728;3.287;25;45;90;200;1000;9.804
35.36124508;33.78568861;8131.728;3.3724;25;45;90;200;1000;9.594
35.36582065;33.79385835;8131.728;4.2401;25;45;90;200;1000;9.37
35.3703971;33.80202791;8131.728;3.4485;25;45;90;200;1000;9.128
35.37497441;33.81019728;8131.728;3.3414;25;45;90;200;1000;8.875
35.3795526;33.81836648;8131.728;4.4284;25;45;90;200;1000;8.697
35.38413167;33.8265355;8131.728;3.9059;25;45;90;200;1000;8.432
35.38871161;33.83470433;8131.728;4.0376;25;45;90;200;1000;8.068
35.39329242;33.84287299;8131.728;3.6444;25;45;90;200;1000;7.845
35.3978741;33.85104146;8131.728;5.7753;25;45;90;200;1000;7.547
35.40245666;33.85920976;8131.728;5.8185;25;45;90;200;1000;7.195
35.4070401;33.86737787;8131.728;3.7762;25;45;90;200;1000;6.812
35.41162441;33.8755458;8131.728;5.6779;25;45;90;200;1000;6.503
35.41620959;33.88371356;8131.728;6.7134;25;45;90;200;1000;6.147
35.42079566;33.89188113;8131.728;6.1172;25;45;90;200;1000;5.807
35.4253826;33.90004852;8131.728;4.6005;25;45;90;200;1000;5.484
35.42997041;33.90821572;8131.728;4.0004;25;45;90;200;1000;5.233
35.43455911;33.91638275;8131.728;2.0415;25;45;90;200;1000;5.034
35.43914868;33.9245496;8131.728;1.3722;25;45;90;200;1000;4.847
35.44373913;33.93271626;8131.728;2.7034;25;45;90;200;1000;4.564
35.44833046;33.94088274;8131.728;2.9768;25;45;90;200;1000;4.286
35.45292267;33.94904905;8131.728;3.0597;25;45;90;200;1000;4.005
35.45751576;33.95721517;8131.728;5.0225;25;45;90;200;1000;3.804
35.46210973;33.9653811;8131.728;5.8404;25;45;90;200;1000;3.591
35.46670458;33.97354686;8131.728;7.8997;25;45;90;200;1000;3.305
35.47130031;33.98171243;8131.728;7.4689;25;45;90;200;1000;3.07
35.47589693;33.98987783;8131.728;8.4257;25;45;90;200;1000;2.846
35.48049442;33.99804304;8131.728;8.5822;25;45;90;200;1000;2.642
35.4850928;34.00620806;8131.728;8.2725;25;45;90;200;1000;2.394
35.48969206;34.01437291;8131.728;10.397;25;45;90;200;1000;2.17
35.4942922;34.02253757;8131.728;10.053;25;45;90;200;1000;2.024
35.49889323;34.03070205;8131.728;9.7616;25;45;90;200;1000;1.775
35.50349514;34.03886635;8131.728;7.0033;25;45;90;200;1000;1.514
35.50809793;34.04703047;8131.728;5.1718;25;45;90;200;1000;1.311
35.51270161;34.0551944;8131.728;1.3417;25;45;90;200;1000;1.117
35.51730617;34.06335815;8131.728;1.1375;25;45;90;200;1000;1.091
35.52191162;34.07152172;8131.728;2.2534;25;45;90;200;1000;1.271
35.52651796;34.0796851;8131.728;2.525;25;45;90;200;1000;1.635
35.53112518;34.0878483;8131.728;2.3873;25;45;90;200;1000;1.884
35.53573329;34.09601132;8131.728;1.4952;25;45;90;200;1000;2.199
35.54034229;34.10417415;8131.728;1.0727;25;45;90;200;1000;2.467
35.54495217;34.1123368;8131.728;1.5878;25;45;90;200;1000;2.689
35.54956295;34.12049927;8131.728;0.85161;25;45;90;200;1000;2.949
35.55417461;34.12866156;8131.728;0.76876;25;45;90;200;1000;3.393
35.55878716;34.13682366;8131.728;0.27115;25;45;90;200;1000;3.763
35.5634006;34.14498557;8131.728;0.41184;25;45;90;200;1000;4.151
35.56801493;34.15314731;8131.728;0.98203;25;45;90;200;1000;4.535
35.57263015;34.16130886;8131.728;1.2247;25;45;90;200;1000;4.691
35.57724626;34.16947022;8131.728;1.6721;25;45;90;200;1000;4.916
35.58186326;34.1776314;8131.728;2.9843;25;45;90;200;1000;5.1
35.58648116;34.1857924;8131.728;4.9963;25;45;90;200;1000;5.357
35.59109994;34.19395321;8131.728;4.0014;25;45;90;200;1000;5.705
35.59571962;34.20211384;8131.728;2.8369;25;45;90;200;1000;5.952
35.60034019;34.21027429;8131.728;1.9896;25;45;90;200;1000;6.209
35.60496165;34.21843455;8131.728;1.5125;25;45;90;200;1000;6.453
35.60958401;34.22659462;8131.728;0.02315;25;45;90;200;1000;6.801
35.61420726;34.23475451;8131.728;1.7453;25;45;90;200;1000;7.188
35.61883141;34.24291422;8131.728;2.2078;25;45;90;200;1000;7.464
35.62345645;34.25107374;8131.728;2.0437;25;45;90;200;1000;7.75
35.62808239;34.25923308;8131.728;2.4548;25;45;90;200;1000;8.029
35.63270922;34.26739223;8131.728;5.3265;25;45;90;200;1000;8.309
35.63733695;34.27555119;8131.728;5.3204;25;45;90;200;1000;8.616
35.64196558;34.28370998;8131.728;6.4608;25;45;90;200;1000;8.818
35.6465951;34.29186857;8131.728;6.2615;25;45;90;200;1000;9.108
35.65122552;34.30002698;8131.728;3.4524;25;45;90;200;1000;9.445
35.65585684;34.30818521;8131.728;3.4289;25;45;90;200;1000;9.712
35.66048906;34.31634325;8131.728;2.4813;25;45;90;200;1000;9.923
35.66512217;34.3245011;8131.728;2.1698;25;45;90;200;1000;10.199
35.66975619;34.33265877;8131.728;2.9446;25;45;90;200;1000;10.463
35.6743911;34.34081625;8131.728;4.0712;25;45;90;200;1000;10.629
35.67902691;34.34897355;8131.728;2.8766;25;45;90;200;1000;10.879
35.68366363;34.35713066;8131.728;1.967;25;45;90;200;1000;11.179
35.68830125;34.36528759;8131.728;0.59383;25;45;90;200;1000;11.465
35.69293976;34.37344432;8131.728;0.73124;25;45;90;200;1000;11.816
35.69757918;34.38160088;8131.728;0.26099;25;45;90;200;1000;12.164
35.70221951;34.38975724;8131.728;0;25;45;90;200;1000;12.564
35.70686073;34.39791342;8131.728;0;25;45;90;200;1000;12.813
35.71150286;34.40606942;8131.728;0;25;45;90;200;1000;12.936
35.71614589;34.41422522;8131.728;0;25;45;90;200;1000;13.196
35.72078982;34.42238084;8131.728;0;25;45;90;200;1000;13.438
35.72543466;34.43053628;8131.728;0;25;45;90;200;1000;13.813
35.73008041;34.43869152;8131.728;0;25;45;90;200;1000;14.021
35.73472706;34.44684658;8131.728;0;25;45;90;200;1000;14.212
35.73937461;34.45500146;8131.728;0;25;45;90;200;1000;14.474
35.74402307;34.46315614;8131.728;0;25;45;90;200;1000;14.719
35.74867244;34.47131064;8131.728;0;25;45;90;200;1000;14.847
35.75332272;34.47946495;8131.728;0;25;45;90;200;1000;15.167
35.7579739;34.48761908;8131.728;0;25;45;90;200;1000;15.41
35.76262599;34.49577301;8131.728;0;25;45;90;200;1000;15.509
35.76727899;34.50392676;8131.728;0;25;45;90;200;1000;15.708
35.7719329;34.51208032;8131.728;0;25;45;90;200;1000;16.012
35.77658771;34.5202337;8131.728;0;25;45;90;200;1000;16.346
35.78124344;34.52838688;8131.728;0;25;45;90;200;1000;16.497
35.78590008;34.53653988;8131.728;0;25;45;90;200;1000;16.627
35.79055762;34.54469269;8131.728;0;25;45;90;200;1000;16.74
35.33519252;33.73612667;8273.149;0.12022;25;45;90;200;1000;10.832
35.339763;33.74429749;8273.149;0.44663;25;45;90;200;1000;10.548
35.34433436;33.75246812;8273.149;1.6398;25;45;90;200;1000;10.348
35.34890658;33.76063858;8273.149;2.3491;25;45;90;200;1000;10.167
35.35347967;33.76880886;8273.149;2.4766;25;45;90;200;1000;10.006
35.35805363;33.77697895;8273.149;3.5915;25;45;90;200;1000;9.84
35.36262847;33.78514887;8273.149;3.3349;25;45;90;200;1000;9.658
35.36720417;33.79331861;8273.149;4.2;25;45;90;200;1000;9.394
35.37178075;33.80148817;8273.149;3.7021;25;45;90;200;1000;9.103
35.3763582;33.80965754;8273.149;3.7223;25;45;90;200;1000;8.825
35.38093652;33.81782674;8273.149;4.4977;25;45;90;200;1000;8.649
35.38551571;33.82599576;8273.149;3.8497;25;45;90;200;1000;8.435
35.39009578;33.8341646;8273.149;4.8532;25;45;90;200;1000;8.111
35.39467673;33.84233325;8273.149;3.8722;25;45;90;200;1000;7.805
35.39925854;33.85050173;8273.149;5.8633;25;45;90;200;1000;7.482
35.40384123;33.85867002;8273.149;5.8439;25;45;90;200;1000;7.141
35.4084248;33.86683814;8273.149;4.093;25;45;90;200;1000;6.81
35.41300924;33.87500607;8273.149;5.6277;25;45;90;200;1000;6.513
35.41759456;33.88317382;8273.149;6.9839;25;45;90;200;1000;6.162
35.42218076;33.89134139;8273.149;6.3897;25;45;90;200;1000;5.822
35.42676783;33.89950878;8273.149;4.6824;25;45;90;200;1000;5.533
35.43135578;33.90767599;8273.149;4.158;25;45;90;200;1000;5.282
35.43594461;33.91584302;8273.149;2.371;25;45;90;200;1000;5.111
35.44053431;33.92400987;8273.149;1.5331;25;45;90;200;1000;4.864
35.44512489;33.93217653;8273.149;2.8537;25;45;90;200;1000;4.591
35.44971636;33.94034301;8273.149;2.9421;25;45;90;200;1000;4.301
35.4543087;33.94850932;8273.149;2.9641;25;45;90;200;1000;4.034
35.45890192;33.95667544;8273.149;4.0839;25;45;90;200;1000;3.862
35.46349602;33.96484137;8273.149;5.5309;25;45;90;200;1000;3.628
35.468091;33.97300713;8273.149;7.9093;25;45;90;200;1000;3.363
35.47268687;33.9811727;8273.149;7.172;25;45;90;200;1000;3.128
35.47728361;33.9893381;8273.149;8.2701;25;45;90;200;1000;2.909
35.48188124;33.99750331;8273.149;8.3428;25;45;90;200;1000;2.676
35.48647975;34.00566834;8273.149;8.813;25;45;90;200;1000;2.421
35.49107914;34.01383318;8273.149;11.151;25;45;90;200;1000;2.221
35.49567942;34.02199784;8273.149;10.212;25;45;90;200;1000;2.072
35.50028058;34.03016233;8273.149;9.6002;25;45;90;200;1000;1.823
35.50488262;34.03832662;8273.149;7.1812;25;45;90;200;1000;1.541
35.50948555;34.04649074;8273.149;5.3585;25;45;90;200;1000;1.381
35.51408936;34.05465467;8273.149;1.7296;25;45;90;200;1000;1.183
35.51869406;34.06281842;8273.149;1.0098;25;45;90;200;1000;1.174
35.52329964;34.07098199;8273.149;2.2191;25;45;90;200;1000;1.348
35.52790611;34.07914538;8273.149;2.7334;25;45;90;200;1000;1.664
35.53251346;34.08730858;8273.149;2.4421;25;45;90;200;1000;1.999
35.53712171;34.09547159;8273.149;1.2567;25;45;90;200;1000;2.282
35.54173084;34.10363443;8273.149;0.96752;25;45;90;200;1000;2.535
35.54634085;34.11179708;8273.149;1.8604;25;45;90;200;1000;2.768
35.55095176;34.11995955;8273.149;0.92742;25;45;90;200;1000;2.998
35.55556355;34.12812183;8273.149;0.68596;25;45;90;200;1000;3.434
35.56017624;34.13628394;8273.149;0.42753;25;45;90;200;1000;3.787
35.56478981;34.14444585;8273.149;0.46435;25;45;90;200;1000;4.187
35.56940428;34.15260759;8273.149;0.98587;25;45;90;200;1000;4.624
35.57401963;34.16076914;8273.149;1.6552;25;45;90;200;1000;4.765
35.57863587;34.1689305;8273.149;2.0598;25;45;90;200;1000;4.977
35.58325301;34.17709168;8273.149;2.9847;25;45;90;200;1000;5.179
35.58787104;34.18525268;8273.149;4.6834;25;45;90;200;1000;5.396
35.59248996;34.1934135;8273.149;3.6732;25;45;90;200;1000;5.697
35.59710977;34.20157412;8273.149;2.8014;25;45;90;200;1000;6.006
35.60173047;34.20973457;8273.149;2.1153;25;45;90;200;1000;6.262
35.60635207;34.21789483;8273.149;1.6163;25;45;90;200;1000;6.555
35.61097456;34.22605491;8273.149;0.33878;25;45;90;200;1000;6.824
35.61559795;34.2342148;8273.149;1.9917;25;45;90;200;1000;7.203
35.62022223;34.2423745;8273.149;2.2979;25;45;90;200;1000;7.545
35.6248474;34.25053403;8273.149;2.0851;25;45;90;200;1000;7.792
35.62947347;34.25869336;8273.149;2.6846;25;45;90;200;1000;8.055
35.63410044;34.26685251;8273.149;4.8991;25;45;90;200;1000;8.371
35.6387283;34.27501148;8273.149;4.7294;25;45;90;200;1000;8.639
35.64335706;34.28317026;8273.149;5.4881;25;45;90;200;1000;8.866
35.64798672;34.29132886;8273.149;5.9937;25;45;90;200;1000;9.138
35.65261728;34.29948727;8273.149;3.6118;25;45;90;200;1000;9.444
35.65724873;34.3076455;8273.149;3.5307;25;45;90;200;1000;9.724
35.66188108;34.31580354;8273.149;2.8239;25;45;90;200;1000;9.965
35.66651433;34.32396139;8273.149;2.3589;25;45;90;200;1000;10.237
35.67114848;34.33211906;8273.149;3.0753;25;45;90;200;1000;10.493
35.67578353;34.34027654;8273.149;4.2177;25;45;90;200;1000;10.661
35.68041948;34.34843384;8273.149;3.0275;25;45;90;200;1000;10.897
35.68505633;34.35659095;8273.149;1.9324;25;45;90;200;1000;11.201
35.68969408;34.36474788;8273.149;0.78803;25;45;90;200;1000;11.529
35.69433273;34.37290462;8273.149;0.82942;25;45;90;200;1000;11.897
35.69897229;34.38106117;8273.149;0.13608;25;45;90;200;1000;12.185
35.70361274;34.38921754;8273.149;0;25;45;90;200;1000;12.606
35.7082541;34.39737372;8273.149;0;25;45;90;200;1000;12.929
35.71289637;34.40552971;8273.149;0;25;45;90;200;1000;13.06
35.71753953;34.41368552;8273.149;0;25;45;90;200;1000;13.224
35.7221836;34.42184114;8273.149;0;25;45;90;200;1000;13.508
35.72682858;34.42999657;8273.149;0;25;45;90;200;1000;13.849
35.73147446;34.43815182;8273.149;0;25;45;90;200;1000;14.105
35.73612124;34.44630688;8273.149;0;25;45;90;200;1000;14.304
35.74076893;34.45446175;8273.149;0;25;45;90;200;1000;14.569
35.74541753;34.46261644;8273.149;0;25;45;90;200;1000;14.814
35.75006703;34.47077094;8273.149;0;25;45;90;200;1000;14.935
35.75471744;34.47892525;8273.149;0;25;45;90;200;1000;15.222
35.75936876;34.48707937;8273.149;0;25;45;90;200;1000;15.492
35.76402099;34.49523331;8273.149;0;25;45;90;200;1000;15.584
35.76867412;34.50338706;8273.149;0;25;45;90;200;1000;15.759
35.77332817;34.51154062;8273.149;0;25;45;90;200;1000;16.016
35.77798312;34.519694;8273.149;0;25;45;90;200;1000;16.349
35.78263898;34.52784718;8273.149;0;25;45;90;200;1000;16.572
35.78729575;34.53600018;8273.149;0;25;45;90;200;1000;16.694
35.79195344;34.54415299;8273.149;0;25;45;90;200;1000;16.808
35.33657511;33.73558691;8414.571;0.10433;25;45;90;200;1000;10.864
35.34114572;33.74375773;8414.571;0.31647;25;45;90;200;1000;10.611
35.3457172;33.75192837;8414.571;1.6062;25;45;90;200;1000;10.369
35.35028956;33.76009882;8414.571;3.0924;25;45;90;200;1000;10.231
35.35486278;33.7682691;8414.571;2.3907;25;45;90;200;1000;10.054
35.35943687;33.7764392;8414.571;3.7668;25;45;90;200;1000;9.892
35.36401184;33.78460912;8414.571;3.312;25;45;90;200;1000;9.698
35.36858768;33.79277886;8414.571;3.937;25;45;90;200;1000;9.354
35.37316438;33.80094841;8414.571;3.8376;25;45;90;200;1000;9.049
35.37774196;33.80911779;8414.571;4.2241;25;45;90;200;1000;8.786
35.38232042;33.81728699;8414.571;4.771;25;45;90;200;1000;8.595
35.38689974;33.82545601;8414.571;4.283;25;45;90;200;1000;8.387
35.39147994;33.83362484;8414.571;5.3838;25;45;90;200;1000;8.078
35.39606102;33.8417935;8414.571;4.3654;25;45;90;200;1000;7.774
35.40064297;33.84996198;8414.571;6.09;25;45;90;200;1000;7.489
35.40522579;33.85813027;8414.571;6.0076;25;45;90;200;1000;7.15
35.40980949;33.86629838;8414.571;4.3356;25;45;90;200;1000;6.825
35.41439406;33.87446632;8414.571;5.3266;25;45;90;200;1000;6.534
35.41897951;33.88263407;8414.571;7.1251;25;45;90;200;1000;6.183
35.42356584;33.89080164;8414.571;6.4697;25;45;90;200;1000;5.849
35.42815304;33.89896903;8414.571;5.1037;25;45;90;200;1000;5.57
35.43274113;33.90713624;8414.571;3.9227;25;45;90;200;1000;5.341
35.43733008;33.91530327;8414.571;2.7266;25;45;90;200;1000;5.182
35.44191992;33.92347012;8414.571;1.3951;25;45;90;200;1000;4.893
35.44651064;33.93163678;8414.571;3.0758;25;45;90;200;1000;4.641
35.45110223;33.93980327;8414.571;2.8301;25;45;90;200;1000;4.34
35.45569471;33.94796957;8414.571;3.0458;25;45;90;200;1000;4.093
35.46028806;33.95613569;8414.571;3.7466;25;45;90;200;1000;3.928
35.46488229;33.96430163;8414.571;5.1308;25;45;90;200;1000;3.648
35.46947741;33.97246738;8414.571;7.2228;25;45;90;200;1000;3.426
35.4740734;33.98063296;8414.571;6.7039;25;45;90;200;1000;3.171
35.47867028;33.98879835;8414.571;8.0664;25;45;90;200;1000;2.948
35.48326804;33.99696356;8414.571;8.1435;25;45;90;200;1000;2.728
35.48786668;34.00512859;8414.571;9.206;25;45;90;200;1000;2.467
35.49246621;34.01329344;8414.571;11.584;25;45;90;200;1000;2.28
35.49706662;34.0214581;8414.571;10.238;25;45;90;200;1000;2.087
35.50166791;34.02962258;8414.571;9.6705;25;45;90;200;1000;1.823
35.50627008;34.03778688;8414.571;7.1218;25;45;90;200;1000;1.57
35.51087314;34.045951;8414.571;5.7174;25;45;90;200;1000;1.446
35.51547709;34.05411493;8414.571;2.5473;25;45;90;200;1000;1.247
35.52008192;34.06227868;8414.571;1.2865;25;45;90;200;1000;1.256
35.52468763;34.07044225;8414.571;1.9219;25;45;90;200;1000;1.399
35.52929424;34.07860564;8414.571;2.6974;25;45;90;200;1000;1.679
35.53390172;34.08676884;8414.571;2.3282;25;45;90;200;1000;2.035
35.5385101;34.09493186;8414.571;0.69366;25;45;90;200;1000;2.323
35.54311936;34.10309469;8414.571;1.0003;25;45;90;200;1000;2.608
35.54772951;34.11125734;8414.571;1.8759;25;45;90;200;1000;2.836
35.55234055;34.11941981;8414.571;1.0524;25;45;90;200;1000;3.074
35.55695248;34.1275821;8414.571;0.85309;25;45;90;200;1000;3.42
35.5615653;34.1357442;8414.571;0.44418;25;45;90;200;1000;3.897
35.56617901;34.14390612;8414.571;0.41184;25;45;90;200;1000;4.304
35.5707936;34.15206785;8414.571;0.77442;25;45;90;200;1000;4.689
35.57540909;34.1602294;8414.571;2.1083;25;45;90;200;1000;4.831
35.58002547;34.16839077;8414.571;2.238;25;45;90;200;1000;5.042
35.58464274;34.17655195;8414.571;3.2733;25;45;90;200;1000;5.237
35.5892609;34.18471295;8414.571;4.7905;25;45;90;200;1000;5.449
35.59387995;34.19287376;8414.571;3.8235;25;45;90;200;1000;5.708
35.5984999;34.20103439;8414.571;2.8595;25;45;90;200;1000;6.01
35.60312074;34.20919484;8414.571;2.1919;25;45;90;200;1000;6.301
35.60774247;34.2173551;8414.571;1.7234;25;45;90;200;1000;6.6
35.61236509;34.22551517;8414.571;0.40099;25;45;90;200;1000;6.866
35.61698861;34.23367507;8414.571;2.1745;25;45;90;200;1000;7.192
35.62161303;34.24183477;8414.571;2.3996;25;45;90;200;1000;7.536
35.62623834;34.2499943;8414.571;2.1204;25;45;90;200;1000;7.828
35.63086454;34.25815363;8414.571;2.7259;25;45;90;200;1000;8.098
35.63549164;34.26631278;8414.571;4.3593;25;45;90;200;1000;8.405
35.64011964;34.27447175;8414.571;3.7704;25;45;90;200;1000;8.691
35.64474853;34.28263053;8414.571;5.1015;25;45;90;200;1000;8.934
35.64937833;34.29078913;8414.571;5.2265;25;45;90;200;1000;9.159
35.65400902;34.29894754;8414.571;3.6047;25;45;90;200;1000;9.424
35.6586406;34.30710577;8414.571;3.4775;25;45;90;200;1000;9.709
35.66327309;34.31526381;8414.571;2.7407;25;45;90;200;1000;10.012
35.66790647;34.32342166;8414.571;2.1767;25;45;90;200;1000;10.284
35.67254076;34.33157933;8414.571;3.1244;25;45;90;200;1000;10.55
35.67717594;34.33973682;8414.571;4.2741;25;45;90;200;1000;10.723
35.68181203;34.34789412;8414.571;2.9706;25;45;90;200;1000;10.958
35.68644901;34.35605123;8414.571;1.7136;25;45;90;200;1000;11.236
35.6910869;34.36420815;8414.571;0.87489;25;45;90;200;1000;11.542
35.69572568;34.37236489;8414.571;0.82846;25;45;90;200;1000;11.887
35.70036537;34.38052145;8414.571;0.11646;25;45;90;200;1000;12.286
35.70500596;34.38867781;8414.571;0;25;45;90;200;1000;12.639
35.70964746;34.39683399;8414.571;0;25;45;90;200;1000;13.026
35.71428986;34.40498999;8414.571;0;25;45;90;200;1000;13.166
35.71893316;34.4131458;8414.571;0;25;45;90;200;1000;13.322
35.72357736;34.42130142;8414.571;0;25;45;90;200;1000;13.615
35.72822247;34.42945685;8414.571;0;25;45;90;200;1000;13.891
35.73286849;34.4376121;8414.571;0;25;45;90;200;1000;14.197
35.73751541;34.44576716;8414.571;0;25;45;90;200;1000;14.382
35.74216323;34.45392203;8414.571;0;25;45;90;200;1000;14.599
35.74681197;34.46207672;8414.571;0;25;45;90;200;1000;14.882
35.75146161;34.47023122;8414.571;0;25;45;90;200;1000;15.021
35.75611215;34.47838553;8414.571;0;25;45;90;200;1000;15.278
35.76076361;34.48653966;8414.571;0;25;45;90;200;1000;15.533
35.76541597;34.49469359;8414.571;0;25;45;90;200;1000;15.68
35.77006924;34.50284734;8414.571;0;25;45;90;200;1000;15.828
35.77472342;34.5110009;8414.571;0;25;45;90;200;1000;16.036
35.77937851;34.51915428;8414.571;0;25;45;90;200;1000;16.318
35.7840345;34.52730747;8414.571;0;25;45;90;200;1000;16.598
35.78869141;34.53546046;8414.571;0;25;45;90;200;1000;16.755
35.79334923;34.54361328;8414.571;0;25;45;90;200;1000;16.875
35.33795768;33.73504714;8555.992;0.14935;25;45;90;200;1000;10.88
35.34252842;33.74321796;8555.992;0.29788;25;45;90;200;1000;10.649
35.34710004;33.75138859;8555.992;1.2743;25;45;90;200;1000;10.407
35.35167252;33.75955905;8555.992;3.8334;25;45;90;200;1000;10.289
35.35624587;33.76772933;8555.992;3.3138;25;45;90;200;1000;10.108
35.3608201;33.77589943;8555.992;3.8788;25;45;90;200;1000;9.953
35.36539519;33.78406935;8555.992;3.2908;25;45;90;200;1000;9.683
35.36997116;33.79223908;8555.992;3.8755;25;45;90;200;1000;9.337
35.374548;33.80040864;8555.992;3.7493;25;45;90;200;1000;9.018
35.37912571;33.80857802;8555.992;4.5034;25;45;90;200;1000;8.76
35.3837043;33.81674722;8555.992;4.9586;25;45;90;200;1000;8.55
35.38828376;33.82491624;8555.992;4.7844;25;45;90;200;1000;8.341
35.39286409;33.83308507;8555.992;5.6716;25;45;90;200;1000;8.055
35.39744529;33.84125373;8555.992;4.5281;25;45;90;200;1000;7.763
35.40202737;33.84942221;8555.992;6.486;25;45;90;200;1000;7.469
35.40661033;33.8575905;8555.992;6.2114;25;45;90;200;1000;7.184
35.41119416;33.86575862;8555.992;4.603;25;45;90;200;1000;6.848
35.41577886;33.87392655;8555.992;5.1975;25;45;90;200;1000;6.572
35.42036445;33.88209431;8555.992;6.9927;25;45;90;200;1000;6.219
35.42495091;33.89026188;8555.992;6.8008;25;45;90;200;1000;5.92
35.42953824;33.89842927;8555.992;5.7023;25;45;90;200;1000;5.623
35.43412645;33.90659648;8555.992;3.962;25;45;90;200;1000;5.404
35.43871554;33.91476351;8555.992;2.621;25;45;90;200;1000;5.209
35.44330551;33.92293035;8555.992;1.1891;25;45;90;200;1000;4.918
35.44789636;33.93109702;8555.992;3.074;25;45;90;200;1000;4.671
35.45248809;33.9392635;8555.992;3.1928;25;45;90;200;1000;4.411
35.45708069;33.94742981;8555.992;3.1726;25;45;90;200;1000;4.156
35.46167418;33.95559593;8555.992;3.9235;25;45;90;200;1000;3.96
35.46626855;33.96376187;8555.992;4.511;25;45;90;200;1000;3.677
35.47086379;33.97192762;8555.992;6.8308;25;45;90;200;1000;3.504
35.47545992;33.9800932;8555.992;6.0024;25;45;90;200;1000;3.228
35.48005693;33.98825859;8555.992;7.6438;25;45;90;200;1000;3.011
35.48465482;33.9964238;8555.992;7.8224;25;45;90;200;1000;2.736
35.4892536;34.00458883;8555.992;9.5018;25;45;90;200;1000;2.526
35.49385326;34.01275368;8555.992;11.731;25;45;90;200;1000;2.327
35.4984538;34.02091834;8555.992;10.973;25;45;90;200;1000;2.099
35.50305522;34.02908283;8555.992;9.9927;25;45;90;200;1000;1.838
35.50765753;34.03724713;8555.992;7.6689;25;45;90;200;1000;1.62
35.51226072;34.04541124;8555.992;5.6874;25;45;90;200;1000;1.507
35.5168648;34.05357518;8555.992;3.2347;25;45;90;200;1000;1.317
35.52146976;34.06173893;8555.992;1.6054;25;45;90;200;1000;1.324
35.52607561;34.0699025;8555.992;1.4435;25;45;90;200;1000;1.461
35.53068235;34.07806588;8555.992;2.42;25;45;90;200;1000;1.708
35.53528997;34.08622908;8555.992;1.7374;25;45;90;200;1000;2.076
35.53989848;34.0943921;8555.992;1.1779;25;45;90;200;1000;2.364
35.54450787;34.10255494;8555.992;1.1529;25;45;90;200;1000;2.647
35.54911816;34.11071759;8555.992;1.682;25;45;90;200;1000;2.925
35.55372933;34.11888006;8555.992;0.97226;25;45;90;200;1000;3.159
35.55834139;34.12704234;8555.992;1.0483;25;45;90;200;1000;3.442
35.56295434;34.13520445;8555.992;0.88103;25;45;90;200;1000;3.915
35.56756818;34.14336636;8555.992;0.58311;25;45;90;200;1000;4.343
35.57218291;34.1515281;8555.992;0.58611;25;45;90;200;1000;4.721
35.57679853;34.15968965;8555.992;2.298;25;45;90;200;1000;4.893
35.58141505;34.16785102;8555.992;2.3729;25;45;90;200;1000;5.112
35.58603245;34.1760122;8555.992;3.643;25;45;90;200;1000;5.3
35.59065074;34.1841732;8555.992;4.8098;25;45;90;200;1000;5.489
35.59526993;34.19233401;8555.992;4.0462;25;45;90;200;1000;5.722
35.59989001;34.20049464;8555.992;2.9386;25;45;90;200;1000;6.045
35.60451098;34.20865509;8555.992;2.5078;25;45;90;200;1000;6.362
35.60913285;34.21681535;8555.992;2.0237;25;45;90;200;1000;6.665
35.61375561;34.22497543;8555.992;0.46722;25;45;90;200;1000;6.894
35.61837926;34.23313532;8555.992;2.3501;25;45;90;200;1000;7.194
35.62300381;34.24129503;8555.992;2.5322;25;45;90;200;1000;7.529
35.62762925;34.24945455;8555.992;2.1499;25;45;90;200;1000;7.843
35.63225559;34.25761389;8555.992;3.0569;25;45;90;200;1000;8.117
35.63688283;34.26577304;8555.992;4.0827;25;45;90;200;1000;8.391
35.64151096;34.27393201;8555.992;3.9291;25;45;90;200;1000;8.684
35.64613999;34.28209079;8555.992;5.0941;25;45;90;200;1000;8.983
35.65076991;34.29024939;8555.992;5.1127;25;45;90;200;1000;9.196
35.65540074;34.2984078;8555.992;3.6227;25;45;90;200;1000;9.435
35.66003246;34.30656603;8555.992;3.3441;25;45;90;200;1000;9.716
35.66466508;34.31472407;8555.992;2.8568;25;45;90;200;1000;10.068
35.6692986;34.32288192;8555.992;2.3956;25;45;90;200;1000;10.359
35.67393302;34.33103959;8555.992;3.3944;25;45;90;200;1000;10.636
35.67856833;34.33919708;8555.992;4.0105;25;45;90;200;1000;10.785
35.68320455;34.34735437;8555.992;3.1651;25;45;90;200;1000;10.998
35.68784167;34.35551149;8555.992;1.9001;25;45;90;200;1000;11.303
35.69247969;34.36366841;8555.992;1.0247;25;45;90;200;1000;11.572
35.69711862;34.37182515;8555.992;0.84258;25;45;90;200;1000;11.89
35.70175844;34.37998171;8555.992;0.32895;25;45;90;200;1000;12.292
35.70639917;34.38813807;8555.992;0;25;45;90;200;1000;12.641
35.7110408;34.39629426;8555.992;0;25;45;90;200;1000;13.036
35.71568333;34.40445025;8555.992;0;25;45;90;200;1000;13.27
35.72032677;34.41260606;8555.992;0;25;45;90;200;1000;13.46
35.72497111;34.42076168;8555.992;0;25;45;90;200;1000;13.7
35.72961635;34.42891711;8555.992;0;25;45;90;200;1000;14.019
35.7342625;34.43707236;8555.992;0;25;45;90;200;1000;14.278
35.73890956;34.44522742;8555.992;0;25;45;90;200;1000;14.452
35.74355752;34.4533823;8555.992;0;25;45;90;200;1000;14.633
35.74820639;34.46153698;8555.992;0;25;45;90;200;1000;14.944
35.75285616;34.46969148;8555.992;0;25;45;90;200;1000;15.141
35.75750684;34.4778458;8555.992;0;25;45;90;200;1000;15.356
35.76215843;34.48599992;8555.992;0;25;45;90;200;1000;15.608
35.76681093;34.49415386;8555.992;0;25;45;90;200;1000;15.75
35.77146433;34.50230761;8555.992;0;25;45;90;200;1000;15.882
35.77611865;34.51046117;8555.992;0;25;45;90;200;1000;16.066
35.78077387;34.51861455;8555.992;0;25;45;90;200;1000;16.329
35.78543001;34.52676773;8555.992;0;25;45;90;200;1000;16.605
35.79008705;34.53492073;8555.992;0;25;45;90;200;1000;16.81
35.79474501;34.54307354;8555.992;0;25;45;90;200;1000;16.946
35.33934023;33.73450735;8697.413;0.10433;25;45;90;200;1000;10.896
35.3439111;33.74267817;8697.413;0.23338;25;45;90;200;1000;10.686
35.34848285;33.75084881;8697.413;1.3568;25;45;90;200;1000;10.462
35.35305546;33.75901926;8697.413;4.0358;25;45;90;200;1000;10.34
35.35762895;33.76718954;8697.413;3.9974;25;45;90;200;1000;10.164
35.36220331;33.77535964;8697.413;3.8874;25;45;90;200;1000;9.976
35.36677853;33.78352956;8697.413;3.5599;25;45;90;200;1000;9.621
35.37135463;33.7916993;8697.413;3.776;25;45;90;200;1000;9.32
35.3759316;33.79986886;8697.413;3.8827;25;45;90;200;1000;9.011
35.38050945;33.80803824;8697.413;4.7025;25;45;90;200;1000;8.748
35.38508816;33.81620744;8697.413;4.9633;25;45;90;200;1000;8.515
35.38966775;33.82437645;8697.413;5.0755;25;45;90;200;1000;8.286
35.39424821;33.83254529;8697.413;5.7319;25;45;90;200;1000;8.053
35.39882955;33.84071395;8697.413;4.4154;25;45;90;200;1000;7.773
35.40341176;33.84888242;8697.413;6.5682;25;45;90;200;1000;7.452
35.40799485;33.85705072;8697.413;6.291;25;45;90;200;1000;7.164
35.41257881;33.86521884;8697.413;4.6662;25;45;90;200;1000;6.866
35.41716365;33.87338677;8697.413;5.1441;25;45;90;200;1000;6.59
35.42174936;33.88155452;8697.413;6.6223;25;45;90;200;1000;6.291
35.42633595;33.8897221;8697.413;6.9497;25;45;90;200;1000;5.985
35.43092342;33.89788949;8697.413;6.5634;25;45;90;200;1000;5.704
35.43551177;33.9060567;8697.413;4.2944;25;45;90;200;1000;5.462
35.44010099;33.91422373;8697.413;2.4931;25;45;90;200;1000;5.208
35.44469109;33.92239057;8697.413;1.0969;25;45;90;200;1000;4.941
35.44928207;33.93055724;8697.413;2.8403;25;45;90;200;1000;4.69
35.45387393;33.93872373;8697.413;3.7037;25;45;90;200;1000;4.428
35.45846667;33.94689003;8697.413;3.3536;25;45;90;200;1000;4.218
35.46306028;33.95505615;8697.413;4.6501;25;45;90;200;1000;3.983
35.46765478;33.96322209;8697.413;3.9679;25;45;90;200;1000;3.724
35.47225016;33.97138785;8697.413;6.2511;25;45;90;200;1000;3.538
35.47684642;33.97955342;8697.413;5.2754;25;45;90;200;1000;3.285
35.48144357;33.98771882;8697.413;7.2036;25;45;90;200;1000;3.027
35.48604159;33.99588403;8697.413;8.0699;25;45;90;200;1000;2.749
35.4906405;34.00404906;8697.413;9.7211;25;45;90;200;1000;2.549
35.49524029;34.01221391;8697.413;11.774;25;45;90;200;1000;2.381
35.49984096;34.02037857;8697.413;11.306;25;45;90;200;1000;2.124
35.50444252;34.02854305;8697.413;9.9169;25;45;90;200;1000;1.887
35.50904496;34.03670735;8697.413;8.4623;25;45;90;200;1000;1.669
35.51364828;34.04487147;8697.413;5.9859;25;45;90;200;1000;1.552
35.51825249;34.0530354;8697.413;3.7616;25;45;90;200;1000;1.38
35.52285759;34.06119916;8697.413;2.0074;25;45;90;200;1000;1.398
35.52746357;34.06936272;8697.413;1.4239;25;45;90;200;1000;1.534
35.53207044;34.07752611;8697.413;2.0029;25;45;90;200;1000;1.749
35.5366782;34.08568931;8697.413;1.7861;25;45;90;200;1000;2.091
35.54128684;34.09385233;8697.413;1.3962;25;45;90;200;1000;2.444
35.54589637;34.10201517;8697.413;1.4849;25;45;90;200;1000;2.712
35.55050678;34.11017782;8697.413;1.2805;25;45;90;200;1000;2.997
35.55511809;34.11834029;8697.413;1.1335;25;45;90;200;1000;3.268
35.55973029;34.12650258;8697.413;1.2355;25;45;90;200;1000;3.536
35.56434337;34.13466468;8697.413;0.79974;25;45;90;200;1000;3.939
35.56895734;34.1428266;8697.413;0.8239;25;45;90;200;1000;4.36
35.57357221;34.15098833;8697.413;0.86773;25;45;90;200;1000;4.724
35.57818796;34.15914988;8697.413;2.4038;25;45;90;200;1000;4.962
35.58280461;34.16731125;8697.413;2.5792;25;45;90;200;1000;5.172
35.58742214;34.17547243;8697.413;3.8886;25;45;90;200;1000;5.349
35.59204057;34.18363343;8697.413;4.9432;25;45;90;200;1000;5.523
35.59665989;34.19179425;8697.413;4.1258;25;45;90;200;1000;5.75
35.6012801;34.19995488;8697.413;3.1301;25;45;90;200;1000;6.055
35.60590121;34.20811532;8697.413;2.7336;25;45;90;200;1000;6.418
35.61052321;34.21627559;8697.413;2.2213;25;45;90;200;1000;6.702
35.6151461;34.22443566;8697.413;0.63939;25;45;90;200;1000;6.96
35.61976989;34.23259556;8697.413;2.1499;25;45;90;200;1000;7.215
35.62439457;34.24075526;8697.413;2.57;25;45;90;200;1000;7.539
35.62902015;34.24891479;8697.413;2.3983;25;45;90;200;1000;7.886
35.63364662;34.25707413;8697.413;2.9217;25;45;90;200;1000;8.141
35.63827399;34.26523328;8697.413;4.1048;25;45;90;200;1000;8.404
35.64290226;34.27339225;8697.413;3.8971;25;45;90;200;1000;8.691
35.64753142;34.28155103;8697.413;5.401;25;45;90;200;1000;8.97
35.65216148;34.28970963;8697.413;5.2462;25;45;90;200;1000;9.24
35.65679244;34.29786804;8697.413;3.6785;25;45;90;200;1000;9.462
35.6614243;34.30602627;8697.413;3.2611;25;45;90;200;1000;9.728
35.66605705;34.31418431;8697.413;3.1128;25;45;90;200;1000;10.052
35.6706907;34.32234216;8697.413;2.32;25;45;90;200;1000;10.373
35.67532526;34.33049983;8697.413;3.7373;25;45;90;200;1000;10.672
35.67996071;34.33865732;8697.413;3.805;25;45;90;200;1000;10.849
35.68459706;34.34681462;8697.413;3.1144;25;45;90;200;1000;11.06
35.68923432;34.35497173;8697.413;1.9115;25;45;90;200;1000;11.296
35.69387247;34.36312866;8697.413;0.96247;25;45;90;200;1000;11.572
35.69851153;34.3712854;8697.413;0.92171;25;45;90;200;1000;11.899
35.70315149;34.37944195;8697.413;0.74361;25;45;90;200;1000;12.253
35.70779235;34.38759832;8697.413;0;25;45;90;200;1000;12.612
35.71243412;34.3957545;8697.413;0;25;45;90;200;1000;13
35.71707678;34.4039105;8697.413;0;25;45;90;200;1000;13.39
35.72172035;34.4120663;8697.413;0;25;45;90;200;1000;13.552
35.72636483;34.42022193;8697.413;0;25;45;90;200;1000;13.724
35.73101021;34.42837736;8697.413;0;25;45;90;200;1000;14.068
35.7356565;34.43653261;8697.413;0;25;45;90;200;1000;14.377
35.74030369;34.44468767;8697.413;0;25;45;90;200;1000;14.567
35.74495178;34.45284255;8697.413;0;25;45;90;200;1000;14.725
35.74960079;34.46099723;8697.413;0;25;45;90;200;1000;14.977
35.7542507;34.46915173;8697.413;0;25;45;90;200;1000;15.232
35.75890151;34.47730605;8697.413;0;25;45;90;200;1000;15.467
35.76355324;34.48546017;8697.413;0;25;45;90;200;1000;15.659
35.76820587;34.49361411;8697.413;0;25;45;90;200;1000;15.841
35.77285941;34.50176786;8697.413;0;25;45;90;200;1000;15.937
35.77751386;34.50992142;8697.413;0;25;45;90;200;1000;16.138
35.78216922;34.5180748;8697.413;0;25;45;90;200;1000;16.358
35.78682549;34.52622799;8697.413;0;25;45;90;200;1000;16.629
35.79148267;34.53438099;8697.413;0;25;45;90;200;1000;16.872
35.79614076;34.5425338;8697.413;0;25;45;90;200;1000;17.001
35.34072276;33.73396754;8838.835;0;25;45;90;200;1000;10.914
35.34529377;33.74213836;8838.835;0;25;45;90;200;1000;10.712
35.34986565;33.750309;8838.835;1.4266;25;45;90;200;1000;10.525
35.35443839;33.75847946;8838.835;4.075;25;45;90;200;1000;10.393
35.35901201;33.76664974;8838.835;4.2706;25;45;90;200;1000;10.201
35.36358649;33.77481984;8838.835;3.3759;25;45;90;200;1000;9.957
35.36816185;33.78298976;8838.835;3.6536;25;45;90;200;1000;9.6
35.37273808;33.7911595;8838.835;3.7161;25;45;90;200;1000;9.278
35.37731519;33.79932906;8838.835;3.9829;25;45;90;200;1000;9.018
35.38189316;33.80749844;8838.835;4.6687;25;45;90;200;1000;8.751
35.38647201;33.81566763;8838.835;4.7672;25;45;90;200;1000;8.497
35.39105173;33.82383665;8838.835;5.3036;25;45;90;200;1000;8.265
35.39563232;33.83200549;8838.835;5.7512;25;45;90;200;1000;8.049
35.40021379;33.84017415;8838.835;4.3755;25;45;90;200;1000;7.808
35.40479613;33.84834263;8838.835;6.4446;25;45;90;200;1000;7.476
35.40937935;33.85651092;8838.835;6.2895;25;45;90;200;1000;7.169
35.41396345;33.86467904;8838.835;5.0609;25;45;90;200;1000;6.87
35.41854842;33.87284697;8838.835;5.2155;25;45;90;200;1000;6.575
35.42313426;33.88101473;8838.835;6.2594;25;45;90;200;1000;6.3
35.42772098;33.8891823;8838.835;7.1901;25;45;90;200;1000;6.016
35.43230858;33.89734969;8838.835;6.9887;25;45;90;200;1000;5.748
35.43689706;33.9055169;8838.835;4.5986;25;45;90;200;1000;5.509
35.44148641;33.91368393;8838.835;2.7321;25;45;90;200;1000;5.223
35.44607665;33.92185078;8838.835;1.2136;25;45;90;200;1000;4.97
35.45066776;33.93001745;8838.835;3.1711;25;45;90;200;1000;4.712
35.45525975;33.93818393;8838.835;3.9973;25;45;90;200;1000;4.449
35.45985262;33.94635024;8838.835;4.0232;25;45;90;200;1000;4.27
35.46444637;33.95451636;8838.835;4.9971;25;45;90;200;1000;4.02
35.469041;33.9626823;8838.835;3.8653;25;45;90;200;1000;3.78
35.47363651;33.97084806;8838.835;5.3919;25;45;90;200;1000;3.574
35.47823291;33.97901363;8838.835;5.1551;25;45;90;200;1000;3.321
35.48283018;33.98717903;8838.835;6.8212;25;45;90;200;1000;3.045
35.48742834;33.99534424;8838.835;8.6514;25;45;90;200;1000;2.788
35.49202738;34.00350927;8838.835;9.8748;25;45;90;200;1000;2.591
35.4966273;34.01167412;8838.835;11.634;25;45;90;200;1000;2.409
35.50122811;34.01983878;8838.835;11.621;25;45;90;200;1000;2.162
35.5058298;34.02800326;8838.835;9.6197;25;45;90;200;1000;1.938
35.51043237;34.03616756;8838.835;8.6494;25;45;90;200;1000;1.734
35.51503583;34.04433168;8838.835;6.1813;25;45;90;200;1000;1.607
35.51964017;34.05249562;8838.835;4.1854;25;45;90;200;1000;1.46
35.5242454;34.06065937;8838.835;2.2773;25;45;90;200;1000;1.465
35.52885152;34.06882294;8838.835;1.4764;25;45;90;200;1000;1.606
35.53345852;34.07698632;8838.835;2.0907;25;45;90;200;1000;1.809
35.5380664;34.08514953;8838.835;2.0663;25;45;90;200;1000;2.133
35.54267518;34.09331255;8838.835;1.7286;25;45;90;200;1000;2.539
35.54728484;34.10147538;8838.835;1.6978;25;45;90;200;1000;2.816
35.55189539;34.10963804;8838.835;1.4212;25;45;90;200;1000;3.117
35.55650683;34.11780051;8838.835;1.4807;25;45;90;200;1000;3.336
35.56111916;34.12596279;8838.835;1.2686;25;45;90;200;1000;3.64
35.56573238;34.13412489;8838.835;1.1791;25;45;90;200;1000;3.955
35.57034648;34.14228681;8838.835;1.2187;25;45;90;200;1000;4.319
35.57496148;34.15044855;8838.835;0.97496;25;45;90;200;1000;4.705
35.57957737;34.1586101;8838.835;2.2518;25;45;90;200;1000;5.046
35.58419415;34.16677147;8838.835;2.6666;25;45;90;200;1000;5.227
35.58881182;34.17493265;8838.835;3.9493;25;45;90;200;1000;5.379
35.59343038;34.18309365;8838.835;4.7877;25;45;90;200;1000;5.567
35.59804983;34.19125447;8838.835;4.0783;25;45;90;200;1000;5.79
35.60267018;34.1994151;8838.835;3.2357;25;45;90;200;1000;6.066
35.60729142;34.20757554;8838.835;2.774;25;45;90;200;1000;6.432
35.61191355;34.21573581;8838.835;2.3139;25;45;90;200;1000;6.697
35.61653658;34.22389588;8838.835;0.88437;25;45;90;200;1000;6.964
35.6211605;34.23205578;8838.835;2.1858;25;45;90;200;1000;7.225
35.62578532;34.24021549;8838.835;2.6981;25;45;90;200;1000;7.541
35.63041103;34.24837501;8838.835;3.0961;25;45;90;200;1000;7.868
35.63503764;34.25653435;8838.835;3.0535;25;45;90;200;1000;8.203
35.63966514;34.2646935;8838.835;3.6462;25;45;90;200;1000;8.443
35.64429354;34.27285247;8838.835;3.9615;25;45;90;200;1000;8.707
35.64892284;34.28101125;8838.835;5.4809;25;45;90;200;1000;8.984
35.65355303;34.28916985;8838.835;5.221;25;45;90;200;1000;9.258
35.65818413;34.29732826;8838.835;4.065;25;45;90;200;1000;9.517
35.66281612;34.30548649;8838.835;3.6954;25;45;90;200;1000;9.756
35.66744901;34.31364453;8838.835;3.0344;25;45;90;200;1000;10.054
35.67208279;34.32180239;8838.835;2.4181;25;45;90;200;1000;10.39
35.67671748;34.32996006;8838.835;3.8062;25;45;90;200;1000;10.68
35.68135307;34.33811755;8838.835;3.4717;25;45;90;200;1000;10.911
35.68598956;34.34627484;8838.835;3.161;25;45;90;200;1000;11.089
35.69062695;34.35443196;8838.835;1.9727;25;45;90;200;1000;11.309
35.69526524;34.36258888;8838.835;1.0875;25;45;90;200;1000;11.58
35.69990443;34.37074563;8838.835;0.90327;25;45;90;200;1000;11.93
35.70454452;34.37890218;8838.835;0.8449;25;45;90;200;1000;12.271
35.70918552;34.38705855;8838.835;0;25;45;90;200;1000;12.624
35.71382742;34.39521473;8838.835;0;25;45;90;200;1000;12.983
35.71847022;34.40337073;8838.835;0;25;45;90;200;1000;13.345
35.72311393;34.41152654;8838.835;0;25;45;90;200;1000;13.624
35.72775854;34.41968216;8838.835;0;25;45;90;200;1000;13.778
35.73240405;34.42783759;8838.835;0;25;45;90;200;1000;14.129
35.73705047;34.43599284;8838.835;0;25;45;90;200;1000;14.477
35.7416978;34.4441479;8838.835;0;25;45;90;200;1000;14.636
35.74634603;34.45230278;8838.835;0;25;45;90;200;1000;14.786
35.75099517;34.46045747;8838.835;0;25;45;90;200;1000;15.038
35.75564522;34.46861197;8838.835;0;25;45;90;200;1000;15.345
35.76029617;34.47676628;8838.835;0;25;45;90;200;1000;15.552
35.76494803;34.48492041;8838.835;0;25;45;90;200;1000;15.727
35.7696008;34.49307435;8838.835;0;25;45;90;200;1000;15.905
35.77425447;34.5012281;8838.835;0;25;45;90;200;1000;15.986
35.77890906;34.50938166;8838.835;0;25;45;90;200;1000;16.187
35.78356456;34.51753504;8838.835;0;25;45;90;200;1000;16.375
35.78822096;34.52568822;8838.835;0;25;45;90;200;1000;16.636
35.79287828;34.53384122;8838.835;0;25;45;90;200;1000;16.904
35.7975365;34.54199404;8838.835;0;25;45;90;200;1000;17.067
35.34210528;33.73342773;8980.256;0;25;45;90;200;1000;10.946
35.34667642;33.74159854;8980.256;0.25487;25;45;90;200;1000;10.752
35.35124842;33.74976918;8980.256;1.4854;25;45;90;200;1000;10.578
35.3558213;33.75793964;8980.256;4.1282;25;45;90;200;1000;10.403
35.36039505;33.76610992;8980.256;4.2127;25;45;90;200;1000;10.168
35.36496967;33.77428002;8980.256;3.5114;25;45;90;200;1000;9.923
35.36954516;33.78244994;8980.256;3.4897;25;45;90;200;1000;9.602
35.37412152;33.79061968;8980.256;3.6853;25;45;90;200;1000;9.26
35.37869875;33.79878924;8980.256;4.1879;25;45;90;200;1000;8.992
35.38327686;33.80695862;8980.256;4.7128;25;45;90;200;1000;8.746
35.38785584;33.81512782;8980.256;4.584;25;45;90;200;1000;8.488
35.39243569;33.82329684;8980.256;5.3591;25;45;90;200;1000;8.257
35.39701641;33.83146568;8980.256;5.6213;25;45;90;200;1000;8.036
35.40159801;33.83963433;8980.256;4.636;25;45;90;200;1000;7.801
35.40618049;33.84780281;8980.256;6.2469;25;45;90;200;1000;7.507
35.41076384;33.85597111;8980.256;6.3436;25;45;90;200;1000;7.205
35.41534806;33.86413923;8980.256;5.206;25;45;90;200;1000;6.881
35.41993316;33.87230716;8980.256;5.126;25;45;90;200;1000;6.585
35.42451914;33.88047491;8980.256;6.1346;25;45;90;200;1000;6.321
35.429106;33.88864249;8980.256;7.3444;25;45;90;200;1000;6.064
35.43369373;33.89680988;8980.256;7.2197;25;45;90;200;1000;5.795
35.43828234;33.90497709;8980.256;4.7971;25;45;90;200;1000;5.531
35.44287182;33.91314412;8980.256;2.6526;25;45;90;200;1000;5.26
35.44746219;33.92131097;8980.256;1.2523;25;45;90;200;1000;5.005
35.45205343;33.92947764;8980.256;3.6526;25;45;90;200;1000;4.75
35.45664556;33.93764412;8980.256;4.4592;25;45;90;200;1000;4.494
35.46123856;33.94581043;8980.256;4.5793;25;45;90;200;1000;4.3
35.46583244;33.95397655;8980.256;5.2713;25;45;90;200;1000;4.057
35.4704272;33.96214249;8980.256;4.0734;25;45;90;200;1000;3.83
35.47502285;33.97030825;8980.256;4.4406;25;45;90;200;1000;3.627
35.47961937;33.97847382;8980.256;4.6912;25;45;90;200;1000;3.346
35.48421678;33.98663922;8980.256;6.7518;25;45;90;200;1000;3.067
35.48881507;33.99480443;8980.256;8.9478;25;45;90;200;1000;2.809
35.49341424;34.00296946;8980.256;9.9691;25;45;90;200;1000;2.626
35.4980143;34.01113431;8980.256;11.394;25;45;90;200;1000;2.429
35.50261524;34.01929897;8980.256;11.796;25;45;90;200;1000;2.208
35.50721706;34.02746346;8980.256;9.766;25;45;90;200;1000;1.973
35.51181976;34.03562776;8980.256;8.4124;25;45;90;200;1000;1.798
35.51642336;34.04379188;8980.256;6.4176;25;45;90;200;1000;1.652
35.52102783;34.05195581;8980.256;4.4887;25;45;90;200;1000;1.531
35.52563319;34.06011956;8980.256;2.4712;25;45;90;200;1000;1.553
35.53023944;34.06828313;8980.256;1.7424;25;45;90;200;1000;1.691
35.53484658;34.07644652;8980.256;2.0704;25;45;90;200;1000;1.89
35.5394546;34.08460972;8980.256;2.3801;25;45;90;200;1000;2.156
35.5440635;34.09277274;8980.256;2.2363;25;45;90;200;1000;2.574
35.5486733;34.10093558;8980.256;1.9766;25;45;90;200;1000;2.884
35.55328398;34.10909823;8980.256;1.7822;25;45;90;200;1000;3.225
35.55789556;34.11726071;8980.256;1.6455;25;45;90;200;1000;3.458
35.56250802;34.12542299;8980.256;1.2481;25;45;90;200;1000;3.731
35.56712137;34.1335851;8980.256;1.2947;25;45;90;200;1000;3.985
35.57173561;34.14174701;8980.256;1.5397;25;45;90;200;1000;4.332
35.57635074;34.14990875;8980.256;1.1484;25;45;90;200;1000;4.733
35.58096676;34.1580703;8980.256;2.104;25;45;90;200;1000;5.126
35.58558367;34.16623167;8980.256;2.8034;25;45;90;200;1000;5.281
35.59020148;34.17439285;8980.256;3.928;25;45;90;200;1000;5.449
35.59482017;34.18255385;8980.256;4.5983;25;45;90;200;1000;5.623
35.59943976;34.19071467;8980.256;3.8467;25;45;90;200;1000;5.833
35.60406024;34.1988753;8980.256;3.4179;25;45;90;200;1000;6.092
35.60868161;34.20703575;8980.256;2.8536;25;45;90;200;1000;6.384
35.61330388;34.21519601;8980.256;2.2372;25;45;90;200;1000;6.678
35.61792704;34.22335609;8980.256;0.94367;25;45;90;200;1000;6.949
35.6225511;34.23151598;8980.256;1.8945;25;45;90;200;1000;7.201
35.62717605;34.23967569;8980.256;2.7456;25;45;90;200;1000;7.503
35.63180189;34.24783522;8980.256;3.4968;25;45;90;200;1000;7.829
35.63642863;34.25599455;8980.256;3.4153;25;45;90;200;1000;8.197
35.64105627;34.26415371;8980.256;3.4114;25;45;90;200;1000;8.497
35.64568481;34.27231268;8980.256;3.8155;25;45;90;200;1000;8.739
35.65031424;34.28047146;8980.256;5.3635;25;45;90;200;1000;8.998
35.65494457;34.28863006;8980.256;5.2436;25;45;90;200;1000;9.261
35.65957579;34.29678847;8980.256;4.5699;25;45;90;200;1000;9.557
35.66420792;34.3049467;8980.256;3.6943;25;45;90;200;1000;9.786
35.66884094;34.31310474;8980.256;2.7426;25;45;90;200;1000;10.068
35.67347486;34.3212626;8980.256;2.4461;25;45;90;200;1000;10.358
35.67810969;34.32942027;8980.256;3.6896;25;45;90;200;1000;10.651
35.68274541;34.33757776;8980.256;3.7666;25;45;90;200;1000;10.98
35.68738203;34.34573506;8980.256;3.344;25;45;90;200;1000;11.133
35.69201956;34.35389217;8980.256;1.9652;25;45;90;200;1000;11.342
35.69665798;34.3620491;8980.256;1.1379;25;45;90;200;1000;11.614
35.70129731;34.37020584;8980.256;0.79031;25;45;90;200;1000;12.003
35.70593754;34.37836239;8980.256;0.79857;25;45;90;200;1000;12.309
35.71057867;34.38651876;8980.256;0;25;45;90;200;1000;12.635
35.7152207;34.39467494;8980.256;0;25;45;90;200;1000;12.986
35.71986364;34.40283094;8980.256;0;25;45;90;200;1000;13.324
35.72450748;34.41098675;8980.256;0;25;45;90;200;1000;13.703
35.72915223;34.41914237;8980.256;0;25;45;90;200;1000;13.837
35.73379788;34.42729781;8980.256;0;25;45;90;200;1000;14.152
35.73844443;34.43545306;8980.256;0;25;45;90;200;1000;14.503
35.74309189;34.44360812;8980.256;0;25;45;90;200;1000;14.706
35.74774026;34.451763;8980.256;0;25;45;90;200;1000;14.812
35.75238954;34.45991768;8980.256;0;25;45;90;200;1000;15.076
35.75703972;34.46807218;8980.256;0;25;45;90;200;1000;15.443
35.7616908;34.4762265;8980.256;0;25;45;90;200;1000;15.604
35.7663428;34.48438062;8980.256;0;25;45;90;200;1000;15.795
35.7709957;34.49253456;8980.256;0;25;45;90;200;1000;15.973
35.77564952;34.50068832;8980.256;0;25;45;90;200;1000;16.031
35.78030424;34.50884188;8980.256;0;25;45;90;200;1000;16.237
35.78495987;34.51699526;8980.256;0;25;45;90;200;1000;16.42
35.78961641;34.52514844;8980.256;0;25;45;90;200;1000;16.648
35.79427386;34.53330144;8980.256;0;25;45;90;200;1000;16.939
35.79893223;34.54145426;8980.256;0;25;45;90;200;1000;17.131
35.34348778;33.73288789;9121.677;0;25;45;90;200;1000;10.984
35.34805905;33.74105871;9121.677;0.46199;25;45;90;200;1000;10.787
35.35263119;33.74922935;9121.677;1.6547;25;45;90;200;1000;10.587
35.35720419;33.75739981;9121.677;4.2044;25;45;90;200;1000;10.356
35.36177807;33.76557009;9121.677;3.9549;25;45;90;200;1000;10.118
35.36635282;33.77374019;9121.677;3.6343;25;45;90;200;1000;9.896
35.37092844;33.78191011;9121.677;3.5532;25;45;90;200;1000;9.592
35.37550493;33.79007985;9121.677;3.5571;25;45;90;200;1000;9.271
35.3800823;33.79824941;9121.677;4.2633;25;45;90;200;1000;9.003
35.38466054;33.80641879;9121.677;4.6019;25;45;90;200;1000;8.754
35.38923965;33.81458799;9121.677;4.2811;25;45;90;200;1000;8.497
35.39381963;33.82275701;9121.677;5.2801;25;45;90;200;1000;8.274
35.39840049;33.83092585;9121.677;5.331;25;45;90;200;1000;8.035
35.40298222;33.8390945;9121.677;4.7712;25;45;90;200;1000;7.773
35.40756483;33.84726298;9121.677;6.1985;25;45;90;200;1000;7.475
35.41214831;33.85543128;9121.677;6.7039;25;45;90;200;1000;7.194
35.41673266;33.8635994;9121.677;5.2056;25;45;90;200;1000;6.908
35.4213179;33.87176733;9121.677;5.6262;25;45;90;200;1000;6.645
35.42590401;33.87993509;9121.677;6.5589;25;45;90;200;1000;6.372
35.43049099;33.88810266;9121.677;7.3908;25;45;90;200;1000;6.133
35.43507885;33.89627005;9121.677;7.0087;25;45;90;200;1000;5.826
35.4396676;33.90443726;9121.677;4.8287;25;45;90;200;1000;5.566
35.44425721;33.9126043;9121.677;2.4826;25;45;90;200;1000;5.309
35.44884771;33.92077114;9121.677;1.3406;25;45;90;200;1000;5.078
35.45343909;33.92893781;9121.677;4.2505;25;45;90;200;1000;4.818
35.45803134;33.9371043;9121.677;4.8196;25;45;90;200;1000;4.561
35.46262448;33.9452706;9121.677;4.9597;25;45;90;200;1000;4.332
35.46721849;33.95343672;9121.677;5.3657;25;45;90;200;1000;4.118
35.47181339;33.96160266;9121.677;4.1253;25;45;90;200;1000;3.893
35.47640916;33.96976842;9121.677;3.9159;25;45;90;200;1000;3.682
35.48100582;33.977934;9121.677;5.0331;25;45;90;200;1000;3.395
35.48560336;33.9860994;9121.677;7.0338;25;45;90;200;1000;3.081
35.49020178;33.99426461;9121.677;8.7578;25;45;90;200;1000;2.856
35.49480109;34.00242964;9121.677;10.007;25;45;90;200;1000;2.663
35.49940128;34.01059449;9121.677;11.105;25;45;90;200;1000;2.455
35.50400235;34.01875915;9121.677;12.102;25;45;90;200;1000;2.252
35.5086043;34.02692364;9121.677;9.6781;25;45;90;200;1000;2.038
35.51320714;34.03508794;9121.677;8.032;25;45;90;200;1000;1.85
35.51781086;34.04325206;9121.677;6.5741;25;45;90;200;1000;1.718
35.52241547;34.05141599;9121.677;5.2572;25;45;90;200;1000;1.612
35.52702097;34.05957975;9121.677;2.8635;25;45;90;200;1000;1.621
35.53162735;34.06774332;9121.677;2.0319;25;45;90;200;1000;1.765
35.53623462;34.0759067;9121.677;1.9115;25;45;90;200;1000;1.973
35.54084277;34.08406991;9121.677;2.3775;25;45;90;200;1000;2.177
35.54545181;34.09223293;9121.677;2.736;25;45;90;200;1000;2.575
35.55006174;34.10039576;9121.677;2.02;25;45;90;200;1000;2.905
35.55467256;34.10855842;9121.677;1.8045;25;45;90;200;1000;3.284
35.55928426;34.11672089;9121.677;1.7034;25;45;90;200;1000;3.546
35.56389686;34.12488318;9121.677;1.9733;25;45;90;200;1000;3.838
35.56851034;34.13304528;9121.677;1.6018;25;45;90;200;1000;4.064
35.57312471;34.1412072;9121.677;1.833;25;45;90;200;1000;4.377
35.57773998;34.14936894;9121.677;1.2386;25;45;90;200;1000;4.76
35.58235613;34.15753049;9121.677;1.7421;25;45;90;200;1000;5.105
35.58697318;34.16569186;9121.677;2.8244;25;45;90;200;1000;5.319
35.59159112;34.17385304;9121.677;3.8255;25;45;90;200;1000;5.519
35.59620994;34.18201404;9121.677;4.1758;25;45;90;200;1000;5.709
35.60082967;34.19017486;9121.677;3.4774;25;45;90;200;1000;5.894
35.60545028;34.19833549;9121.677;3.7694;25;45;90;200;1000;6.137
35.61007179;34.20649594;9121.677;2.978;25;45;90;200;1000;6.395
35.61469419;34.2146562;9121.677;2.2726;25;45;90;200;1000;6.68
35.61931748;34.22281628;9121.677;0.91331;25;45;90;200;1000;6.953
35.62394167;34.23097617;9121.677;1.7936;25;45;90;200;1000;7.189
35.62856676;34.23913588;9121.677;2.4916;25;45;90;200;1000;7.483
35.63319274;34.24729541;9121.677;3.6353;25;45;90;200;1000;7.808
35.63781961;34.25545475;9121.677;3.7152;25;45;90;200;1000;8.198
35.64244739;34.2636139;9121.677;3.432;25;45;90;200;1000;8.57
35.64707605;34.27177287;9121.677;3.6142;25;45;90;200;1000;8.806
35.65170562;34.27993165;9121.677;5.1866;25;45;90;200;1000;9.016
35.65633608;34.28809025;9121.677;5.2035;25;45;90;200;1000;9.279
35.66096744;34.29624867;9121.677;4.7547;25;45;90;200;1000;9.557
35.6655997;34.30440689;9121.677;3.7236;25;45;90;200;1000;9.812
35.67023286;34.31256494;9121.677;2.4644;25;45;90;200;1000;10.067
35.67486692;34.32072279;9121.677;2.3896;25;45;90;200;1000;10.341
35.67950187;34.32888047;9121.677;3.626;25;45;90;200;1000;10.638
35.68413773;34.33703795;9121.677;3.9241;25;45;90;200;1000;10.946
35.68877449;34.34519525;9121.677;3.6145;25;45;90;200;1000;11.2
35.69341215;34.35335236;9121.677;2.1865;25;45;90;200;1000;11.41
35.69805071;34.36150929;9121.677;1.2543;25;45;90;200;1000;11.676
35.70269017;34.36966603;9121.677;0.78305;25;45;90;200;1000;12.03
35.70733053;34.37782259;9121.677;0.65305;25;45;90;200;1000;12.356
35.7119718;34.38597896;9121.677;0;25;45;90;200;1000;12.656
35.71661397;34.39413514;9121.677;0;25;45;90;200;1000;13.017
35.72125704;34.40229114;9121.677;0;25;45;90;200;1000;13.326
35.72590102;34.41044695;9121.677;0;25;45;90;200;1000;13.739
35.7305459;34.41860257;9121.677;0;25;45;90;200;1000;13.901
35.73519168;34.42675801;9121.677;0;25;45;90;200;1000;14.184
35.73983837;34.43491326;9121.677;0;25;45;90;200;1000;14.518
35.74448597;34.44306832;9121.677;0;25;45;90;200;1000;14.798
35.74913447;34.4512232;9121.677;0;25;45;90;200;1000;14.878
35.75378388;34.45937788;9121.677;0;25;45;90;200;1000;15.115
35.7584342;34.46753239;9121.677;0;25;45;90;200;1000;15.446
35.76308542;34.4756867;9121.677;0;25;45;90;200;1000;15.678
35.76773755;34.48384083;9121.677;0;25;45;90;200;1000;15.889
35.77239059;34.49199477;9121.677;0;25;45;90;200;1000;16.038
35.77704454;34.50014852;9121.677;0;25;45;90;200;1000;16.094
35.7816994;34.50830208;9121.677;0;25;45;90;200;1000;16.301
35.78635517;34.51645546;9121.677;0;25;45;90;200;1000;16.474
35.79101184;34.52460865;9121.677;0;25;45;90;200;1000;16.688
35.79566943;34.53276165;9121.677;0;25;45;90;200;1000;16.972
35.80032793;34.54091446;9121.677;0;25;45;90;200;1000;17.189
35.34487026;33.73234804;9263.099;0;25;45;90;200;1000;11.014
35.34944166;33.74051886;9263.099;0.58229;25;45;90;200;1000;10.784
35.35401393;33.7486895;9263.099;1.9339;25;45;90;200;1000;10.552
35.35858707;33.75685996;9263.099;3.9233;25;45;90;200;1000;10.318
35.36316108;33.76503024;9263.099;3.9837;25;45;90;200;1000;10.102
35.36773596;33.77320034;9263.099;3.7786;25;45;90;200;1000;9.84
35.37231171;33.78137026;9263.099;3.5648;25;45;90;200;1000;9.562
35.37688833;33.78954;9263.099;3.739;25;45;90;200;1000;9.268
35.38146583;33.79770956;9263.099;4.2336;25;45;90;200;1000;9.027
35.3860442;33.80587894;9263.099;4.5315;25;45;90;200;1000;8.772
35.39062344;33.81404814;9263.099;4.2187;25;45;90;200;1000;8.519
35.39520356;33.82221716;9263.099;4.8748;25;45;90;200;1000;8.288
35.39978454;33.830386;9263.099;4.8267;25;45;90;200;1000;8.018
35.40436641;33.83855466;9263.099;5.051;25;45;90;200;1000;7.746
35.40894914;33.84672314;9263.099;5.9861;25;45;90;200;1000;7.479
35.41353276;33.85489144;9263.099;6.8;25;45;90;200;1000;7.207
35.41811725;33.86305955;9263.099;5.6204;25;45;90;200;1000;6.95
35.42270261;33.87122749;9263.099;5.6891;25;45;90;200;1000;6.712
35.42728885;33.87939524;9263.099;6.8218;25;45;90;200;1000;6.425
35.43187597;33.88756282;9263.099;7.6008;25;45;90;200;1000;6.172
35.43646396;33.89573021;9263.099;7.0641;25;45;90;200;1000;5.884
35.44105284;33.90389742;9263.099;5.2784;25;45;90;200;1000;5.607
35.44564259;33.91206445;9263.099;2.1024;25;45;90;200;1000;5.38
35.45023322;33.9202313;9263.099;1.3765;25;45;90;200;1000;5.194
35.45482472;33.92839797;9263.099;4.4646;25;45;90;200;1000;4.888
35.45941711;33.93656446;9263.099;5.0722;25;45;90;200;1000;4.635
35.46401038;33.94473076;9263.099;5.0995;25;45;90;200;1000;4.397
35.46860453;33.95289688;9263.099;5.0538;25;45;90;200;1000;4.157
35.47319955;33.96106283;9263.099;4.0079;25;45;90;200;1000;3.949
35.47779546;33.96922858;9263.099;3.6117;25;45;90;200;1000;3.713
35.48239225;33.97739416;9263.099;4.9381;25;45;90;200;1000;3.407
35.48698993;33.98555956;9263.099;6.9877;25;45;90;200;1000;3.106
35.49158848;33.99372477;9263.099;8.3941;25;45;90;200;1000;2.898
35.49618792;34.0018898;9263.099;10.014;25;45;90;200;1000;2.708
35.50078824;34.01005465;9263.099;10.814;25;45;90;200;1000;2.488
35.50538944;34.01821932;9263.099;12.035;25;45;90;200;1000;2.299
35.50999153;34.0263838;9263.099;9.6219;25;45;90;200;1000;2.102
35.5145945;34.0345481;9263.099;7.9696;25;45;90;200;1000;1.904
35.51919836;34.04271222;9263.099;6.6872;25;45;90;200;1000;1.802
35.5238031;34.05087616;9263.099;6.1511;25;45;90;200;1000;1.691
35.52840873;34.05903991;9263.099;3.1608;25;45;90;200;1000;1.694
35.53301524;34.06720348;9263.099;2.2644;25;45;90;200;1000;1.822
35.53762264;34.07536687;9263.099;1.8307;25;45;90;200;1000;2.027
35.54223093;34.08353007;9263.099;2.3831;25;45;90;200;1000;2.227
35.5468401;34.09169309;9263.099;3.3709;25;45;90;200;1000;2.546
35.55145016;34.09985593;9263.099;2.3458;25;45;90;200;1000;2.9
35.55606111;34.10801859;9263.099;1.6464;25;45;90;200;1000;3.259
35.56067295;34.11618106;9263.099;2.0065;25;45;90;200;1000;3.606
35.56528568;34.12434334;9263.099;2.3672;25;45;90;200;1000;3.884
35.5698993;34.13250545;9263.099;1.9249;25;45;90;200;1000;4.144
35.5745138;34.14066737;9263.099;1.6101;25;45;90;200;1000;4.41
35.5791292;34.14882911;9263.099;1.2505;25;45;90;200;1000;4.771
35.58374549;34.15699066;9263.099;1.3943;25;45;90;200;1000;5.109
35.58836267;34.16515203;9263.099;2.8989;25;45;90;200;1000;5.366
35.59298074;34.17331321;9263.099;3.9007;25;45;90;200;1000;5.575
35.5975997;34.18147421;9263.099;3.4213;25;45;90;200;1000;5.771
35.60221956;34.18963503;9263.099;3.3513;25;45;90;200;1000;5.959
35.6068403;34.19779566;9263.099;3.8246;25;45;90;200;1000;6.202
35.61146194;34.20595611;9263.099;2.941;25;45;90;200;1000;6.413
35.61608448;34.21411637;9263.099;2.3058;25;45;90;200;1000;6.707
35.62070791;34.22227645;9263.099;0.88316;25;45;90;200;1000;6.973
35.62533223;34.23043635;9263.099;2.1576;25;45;90;200;1000;7.199
35.62995745;34.23859606;9263.099;2.3557;25;45;90;200;1000;7.487
35.63458356;34.24675558;9263.099;3.8596;25;45;90;200;1000;7.819
35.63921057;34.25491492;9263.099;4.1332;25;45;90;200;1000;8.229
35.64383848;34.26307408;9263.099;3.4799;25;45;90;200;1000;8.592
35.64846728;34.27123304;9263.099;3.1718;25;45;90;200;1000;8.867
35.65309698;34.27939183;9263.099;5.0652;25;45;90;200;1000;9.041
35.65772758;34.28755043;9263.099;5.1034;25;45;90;200;1000;9.315
35.66235908;34.29570884;9263.099;4.7471;25;45;90;200;1000;9.575
35.66699147;34.30386707;9263.099;3.7911;25;45;90;200;1000;9.845
35.67162476;34.31202511;9263.099;2.6789;25;45;90;200;1000;10.08
35.67625895;34.32018297;9263.099;2.2309;25;45;90;200;1000;10.355
35.68089404;34.32834064;9263.099;3.58;25;45;90;200;1000;10.644
35.68553004;34.33649813;9263.099;3.9754;25;45;90;200;1000;10.952
35.69016693;34.34465543;9263.099;3.7437;25;45;90;200;1000;11.273
35.69480472;34.35281254;9263.099;2.3995;25;45;90;200;1000;11.476
35.69944342;34.36096947;9263.099;1.1547;25;45;90;200;1000;11.736
35.70408301;34.36912622;9263.099;0.84947;25;45;90;200;1000;12.086
35.70872351;34.37728277;9263.099;0.69966;25;45;90;200;1000;12.434
35.71336491;34.38543914;9263.099;0;25;45;90;200;1000;12.698
35.71800722;34.39359532;9263.099;0;25;45;90;200;1000;13.061
35.72265042;34.40175132;9263.099;0;25;45;90;200;1000;13.349
35.72729453;34.40990713;9263.099;0;25;45;90;200;1000;13.779
35.73193955;34.41806275;9263.099;0;25;45;90;200;1000;13.982
35.73658547;34.42621819;9263.099;0;25;45;90;200;1000;14.24
35.7412323;34.43437344;9263.099;0;25;45;90;200;1000;14.593
35.74588003;34.4425285;9263.099;0;25;45;90;200;1000;14.863
35.75052867;34.45068338;9263.099;0;25;45;90;200;1000;14.946
35.75517821;34.45883807;9263.099;0;25;45;90;200;1000;15.179
35.75982866;34.46699257;9263.099;0;25;45;90;200;1000;15.46
35.76448002;34.47514689;9263.099;0;25;45;90;200;1000;15.78
35.76913229;34.48330101;9263.099;0;25;45;90;200;1000;15.938
35.77378547;34.49145495;9263.099;0;25;45;90;200;1000;16.124
35.77843955;34.49960871;9263.099;0;25;45;90;200;1000;16.169
35.78309454;34.50776227;9263.099;0;25;45;90;200;1000;16.362
35.78775045;34.51591565;9263.099;0;25;45;90;200;1000;16.521
35.79240726;34.52406884;9263.099;0;25;45;90;200;1000;16.725
35.79706498;34.53222184;9263.099;0;25;45;90;200;1000;17.025
35.80172362;34.54037465;9263.099;0;25;45;90;200;1000;17.245
35.34625273;33.73180817;9404.52;0;25;45;90;200;1000;10.966
35.35082426;33.73997899;9404.52;0.66472;25;45;90;200;1000;10.748
35.35539666;33.74814963;9404.52;1.9986;25;45;90;200;1000;10.515
35.35996993;33.75632009;9404.52;3.7677;25;45;90;200;1000;10.268
35.36454407;33.76449037;9404.52;3.8947;25;45;90;200;1000;10.052
35.36911908;33.77266047;9404.52;3.8674;25;45;90;200;1000;9.805
35.37369496;33.7808304;9404.52;3.8391;25;45;90;200;1000;9.572
35.37827172;33.78900014;9404.52;3.8817;25;45;90;200;1000;9.279
35.38284934;33.7971697;9404.52;4.2203;25;45;90;200;1000;9.071
35.38742784;33.80533908;9404.52;4.6213;25;45;90;200;1000;8.793
35.39200722;33.81350828;9404.52;4.4164;25;45;90;200;1000;8.564
35.39658746;33.8216773;9404.52;4.5429;25;45;90;200;1000;8.312
35.40116858;33.82984614;9404.52;4.8419;25;45;90;200;1000;8.017
35.40575058;33.8380148;9404.52;5.5133;25;45;90;200;1000;7.755
35.41033345;33.84618328;9404.52;5.9317;25;45;90;200;1000;7.497
35.41491719;33.85435157;9404.52;6.6187;25;45;90;200;1000;7.256
35.41950181;33.86251969;9404.52;6.1892;25;45;90;200;1000;6.982
35.42408731;33.87068763;9404.52;5.6786;25;45;90;200;1000;6.739
35.42867368;33.87885538;9404.52;6.7187;25;45;90;200;1000;6.465
35.43326093;33.88702296;9404.52;7.6483;25;45;90;200;1000;6.187
35.43784906;33.89519035;9404.52;7.1653;25;45;90;200;1000;5.931
35.44243806;33.90335756;9404.52;5.5396;25;45;90;200;1000;5.676
35.44702794;33.9115246;9404.52;2.6851;25;45;90;200;1000;5.479
35.4516187;33.91969145;9404.52;1.3713;25;45;90;200;1000;5.282
35.45621034;33.92785811;9404.52;4.4475;25;45;90;200;1000;4.986
35.46080286;33.9360246;9404.52;4.9954;25;45;90;200;1000;4.728
35.46539626;33.94419091;9404.52;5.1664;25;45;90;200;1000;4.471
35.46999054;33.95235703;9404.52;5.0962;25;45;90;200;1000;4.182
35.4745857;33.96052297;9404.52;3.4989;25;45;90;200;1000;3.992
35.47918174;33.96868873;9404.52;3.9454;25;45;90;200;1000;3.746
35.48377867;33.97685431;9404.52;5.1454;25;45;90;200;1000;3.426
35.48837647;33.9850197;9404.52;6.9909;25;45;90;200;1000;3.144
35.49297516;33.99318492;9404.52;8.3368;25;45;90;200;1000;2.94
35.49757473;34.00134995;9404.52;10.128;25;45;90;200;1000;2.756
35.50217518;34.0095148;9404.52;10.59;25;45;90;200;1000;2.539
35.50677652;34.01767946;9404.52;11.546;25;45;90;200;1000;2.351
35.51137874;34.02584395;9404.52;9.396;25;45;90;200;1000;2.152
35.51598184;34.03400825;9404.52;7.8202;25;45;90;200;1000;1.964
35.52058583;34.04217237;9404.52;6.6195;25;45;90;200;1000;1.879
35.5251907;34.05033631;9404.52;6.7164;25;45;90;200;1000;1.768
35.52979646;34.05850006;9404.52;3.4977;25;45;90;200;1000;1.759
35.53440311;34.06666363;9404.52;2.507;25;45;90;200;1000;1.876
35.53901064;34.07482702;9404.52;1.565;25;45;90;200;1000;2.095
35.54361906;34.08299022;9404.52;2.4672;25;45;90;200;1000;2.271
35.54822837;34.09115324;9404.52;3.691;25;45;90;200;1000;2.559
35.55283857;34.09931608;9404.52;2.6205;25;45;90;200;1000;2.906
35.55744965;34.10747874;9404.52;1.4347;25;45;90;200;1000;3.272
35.56206162;34.11564121;9404.52;2.2146;25;45;90;200;1000;3.601
35.56667448;34.1238035;9404.52;2.2555;25;45;90;200;1000;3.901
35.57128823;34.1319656;9404.52;2.1119;25;45;90;200;1000;4.193
35.57590287;34.14012752;9404.52;1.7209;25;45;90;200;1000;4.5
35.5805184;34.14828926;9404.52;0.91746;25;45;90;200;1000;4.792
35.58513483;34.15645081;9404.52;1.3119;25;45;90;200;1000;5.136
35.58975214;34.16461218;9404.52;3.0379;25;45;90;200;1000;5.415
35.59437034;34.17277337;9404.52;3.907;25;45;90;200;1000;5.616
35.59898944;34.18093437;9404.52;3.2125;25;45;90;200;1000;5.854
35.60360943;34.18909519;9404.52;3.185;25;45;90;200;1000;6.014
35.60823031;34.19725582;9404.52;3.4928;25;45;90;200;1000;6.251
35.61285208;34.20541627;9404.52;2.9058;25;45;90;200;1000;6.434
35.61747475;34.21357653;9404.52;2.3147;25;45;90;200;1000;6.694
35.62209832;34.22173661;9404.52;0.88101;25;45;90;200;1000;6.954
35.62672277;34.2298965;9404.52;2.2123;25;45;90;200;1000;7.212
35.63134813;34.23805621;9404.52;2.6001;25;45;90;200;1000;7.49
35.63597437;34.24621574;9404.52;3.8894;25;45;90;200;1000;7.847
35.64060152;34.25437508;9404.52;4.2103;25;45;90;200;1000;8.197
35.64522956;34.26253423;9404.52;3.5253;25;45;90;200;1000;8.502
35.64985849;34.2706932;9404.52;3.0004;25;45;90;200;1000;8.853
35.65448833;34.27885199;9404.52;4.859;25;45;90;200;1000;9.096
35.65911906;34.28701059;9404.52;4.9376;25;45;90;200;1000;9.356
35.66375069;34.295169;9404.52;4.6279;25;45;90;200;1000;9.6
35.66838322;34.30332723;9404.52;3.8212;25;45;90;200;1000;9.863
35.67301664;34.31148528;9404.52;2.7824;25;45;90;200;1000;10.122
35.67765097;34.31964313;9404.52;2.2144;25;45;90;200;1000;10.389
35.6822862;34.32780081;9404.52;3.3344;25;45;90;200;1000;10.656
35.68692232;34.33595829;9404.52;3.5921;25;45;90;200;1000;10.98
35.69155935;34.34411559;9404.52;3.7577;25;45;90;200;1000;11.329
35.69619728;34.35227271;9404.52;2.6328;25;45;90;200;1000;11.55
35.70083611;34.36042964;9404.52;1.048;25;45;90;200;1000;11.766
35.70547584;34.36858638;9404.52;1.0319;25;45;90;200;1000;12.136
35.71011647;34.37674294;9404.52;0.6682;25;45;90;200;1000;12.53
35.71475801;34.38489931;9404.52;0;25;45;90;200;1000;12.803
35.71940045;34.39305549;9404.52;0;25;45;90;200;1000;13.119
35.72404379;34.40121149;9404.52;0;25;45;90;200;1000;13.39
35.72868803;34.4093673;9404.52;0;25;45;90;200;1000;13.808
35.73333319;34.41752292;9404.52;0;25;45;90;200;1000;14.062
35.73797924;34.42567836;9404.52;0;25;45;90;200;1000;14.378
35.7426262;34.43383361;9404.52;0;25;45;90;200;1000;14.657
35.74727407;34.44198867;9404.52;0;25;45;90;200;1000;14.956
35.75192284;34.45014355;9404.52;0;25;45;90;200;1000;15.009
35.75657252;34.45829824;9404.52;0;25;45;90;200;1000;15.229
35.76122311;34.46645274;9404.52;0;25;45;90;200;1000;15.507
35.76587461;34.47460706;9404.52;0;25;45;90;200;1000;15.862
35.77052701;34.48276118;9404.52;0;25;45;90;200;1000;16.015
35.77518032;34.49091512;9404.52;0;25;45;90;200;1000;16.266
35.77983454;34.49906888;9404.52;0;25;45;90;200;1000;16.288
35.78448967;34.50722244;9404.52;0;25;45;90;200;1000;16.445
35.78914571;34.51537582;9404.52;0;25;45;90;200;1000;16.572
35.79380265;34.52352901;9404.52;0;25;45;90;200;1000;16.749
35.79846051;34.53168201;9404.52;0;25;45;90;200;1000;17.032
35.80311928;34.53983482;9404.52;0;25;45;90;200;1000;17.304
35.34763518;33.73126829;9545.942;0;25;45;90;200;1000;10.903
35.35220684;33.73943911;9545.942;0.72235;25;45;90;200;1000;10.704
35.35677937;33.74760975;9545.942;2.3305;25;45;90;200;1000;10.467
35.36135277;33.75578021;9545.942;3.6719;25;45;90;200;1000;10.237
35.36592704;33.76395049;9545.942;3.7495;25;45;90;200;1000;10.013
35.37050218;33.77212059;9545.942;3.8988;25;45;90;200;1000;9.781
35.3750782;33.78029052;9545.942;4.0237;25;45;90;200;1000;9.58
35.37965508;33.78846026;9545.942;3.9608;25;45;90;200;1000;9.315
35.38423284;33.79662982;9545.942;4.2883;25;45;90;200;1000;9.072
35.38881147;33.8047992;9545.942;4.7022;25;45;90;200;1000;8.818
35.39339098;33.8129684;9545.942;4.7097;25;45;90;200;1000;8.598
35.39797135;33.82113742;9545.942;4.3211;25;45;90;200;1000;8.309
35.4025526;33.82930626;9545.942;4.2592;25;45;90;200;1000;8.025
35.40713473;33.83747492;9545.942;5.7437;25;45;90;200;1000;7.773
35.41171773;33.8456434;9545.942;5.8332;25;45;90;200;1000;7.532
35.41630161;33.8538117;9545.942;6.2543;25;45;90;200;1000;7.29
35.42088636;33.86197982;9545.942;6.3998;25;45;90;200;1000;7.041
35.42547199;33.87014775;9545.942;5.6571;25;45;90;200;1000;6.766
35.43005849;33.87831551;9545.942;6.2449;25;45;90;200;1000;6.518
35.43464587;33.88648308;9545.942;7.8562;25;45;90;200;1000;6.226
35.43923413;33.89465048;9545.942;7.1599;25;45;90;200;1000;5.997
35.44382327;33.90281769;9545.942;5.7043;25;45;90;200;1000;5.777
35.44841328;33.91098472;9545.942;2.915;25;45;90;200;1000;5.539
35.45300418;33.91915157;9545.942;1.4312;25;45;90;200;1000;5.3
35.45759595;33.92731824;9545.942;4.4664;25;45;90;200;1000;5.065
35.4621886;33.93548473;9545.942;5.1389;25;45;90;200;1000;4.82
35.46678213;33.94365103;9545.942;4.9699;25;45;90;200;1000;4.512
35.47137654;33.95181716;9545.942;5.0711;25;45;90;200;1000;4.231
35.47597183;33.9599831;9545.942;3.8801;25;45;90;200;1000;4.049
35.48056801;33.96814886;9545.942;4.5337;25;45;90;200;1000;3.796
35.48516506;33.97631444;9545.942;5.2245;25;45;90;200;1000;3.461
35.489763;33.98447983;9545.942;6.348;25;45;90;200;1000;3.187
35.49436182;33.99264505;9545.942;8.4473;25;45;90;200;1000;2.987
35.49896152;34.00081008;9545.942;10.277;25;45;90;200;1000;2.821
35.50356211;34.00897493;9545.942;10.625;25;45;90;200;1000;2.595
35.50816357;34.0171396;9545.942;10.288;25;45;90;200;1000;2.411
35.51276593;34.02530408;9545.942;9.0735;25;45;90;200;1000;2.193
35.51736916;34.03346838;9545.942;7.6751;25;45;90;200;1000;2.022
35.52197329;34.0416325;9545.942;6.6411;25;45;90;200;1000;1.954
35.52657829;34.04979644;9545.942;7.0065;25;45;90;200;1000;1.842
35.53118419;34.05796019;9545.942;3.8728;25;45;90;200;1000;1.826
35.53579097;34.06612377;9545.942;2.4569;25;45;90;200;1000;1.961
35.54039863;34.07428715;9545.942;1.5831;25;45;90;200;1000;2.138
35.54500719;34.08245036;9545.942;2.6065;25;45;90;200;1000;2.337
35.54961663;34.09061338;9545.942;3.9111;25;45;90;200;1000;2.606
35.55422695;34.09877622;9545.942;3.1099;25;45;90;200;1000;2.928
35.55883817;34.10693887;9545.942;1.3158;25;45;90;200;1000;3.293
35.56345028;34.11510135;9545.942;2.2513;25;45;90;200;1000;3.595
35.56806327;34.12326363;9545.942;1.9433;25;45;90;200;1000;3.902
35.57267715;34.13142574;9545.942;2.11;25;45;90;200;1000;4.204
35.57729193;34.13958766;9545.942;1.9011;25;45;90;200;1000;4.561
35.58190759;34.1477494;9545.942;0.90114;25;45;90;200;1000;4.854
35.58652415;34.15591095;9545.942;1.5698;25;45;90;200;1000;5.183
35.59114159;34.16407232;9545.942;3.1424;25;45;90;200;1000;5.47
35.59575993;34.17223351;9545.942;3.7874;25;45;90;200;1000;5.675
35.60037916;34.18039451;9545.942;3.157;25;45;90;200;1000;5.905
35.60499928;34.18855533;9545.942;3.0435;25;45;90;200;1000;6.051
35.6096203;34.19671596;9545.942;3.1629;25;45;90;200;1000;6.295
35.61424221;34.20487641;9545.942;2.9706;25;45;90;200;1000;6.46
35.61886501;34.21303667;9545.942;2.2988;25;45;90;200;1000;6.705
35.62348871;34.22119675;9545.942;1.0435;25;45;90;200;1000;6.951
35.6281133;34.22935665;9545.942;2.5982;25;45;90;200;1000;7.225
35.63273878;34.23751636;9545.942;2.6494;25;45;90;200;1000;7.502
35.63736517;34.24567588;9545.942;3.8654;25;45;90;200;1000;7.796
35.64199244;34.25383522;9545.942;3.9984;25;45;90;200;1000;8.136
35.64662062;34.26199438;9545.942;3.5467;25;45;90;200;1000;8.48
35.65124969;34.27015335;9545.942;3.3799;25;45;90;200;1000;8.841
35.65587966;34.27831213;9545.942;4.6491;25;45;90;200;1000;9.154
35.66051052;34.28647073;9545.942;4.6866;25;45;90;200;1000;9.42
35.66514229;34.29462915;9545.942;4.417;25;45;90;200;1000;9.654
35.66977495;34.30278738;9545.942;3.1922;25;45;90;200;1000;9.893
35.67440851;34.31094542;9545.942;2.7765;25;45;90;200;1000;10.135
35.67904297;34.31910328;9545.942;2.1763;25;45;90;200;1000;10.409
35.68367833;34.32726095;9545.942;3.269;25;45;90;200;1000;10.72
35.68831459;34.33541844;9545.942;3.4598;25;45;90;200;1000;10.997
35.69295175;34.34357574;9545.942;3.9098;25;45;90;200;1000;11.356
35.69758981;34.35173286;9545.942;2.5716;25;45;90;200;1000;11.645
35.70222878;34.35988979;9545.942;1.0008;25;45;90;200;1000;11.842
35.70686864;34.36804653;9545.942;1.4653;25;45;90;200;1000;12.282
35.71150941;34.37620309;9545.942;0.49429;25;45;90;200;1000;12.645
35.71615108;34.38435946;9545.942;0;25;45;90;200;1000;12.845
35.72079366;34.39251564;9545.942;0;25;45;90;200;1000;13.171
35.72543714;34.40067164;9545.942;0;25;45;90;200;1000;13.434
35.73008152;34.40882745;9545.942;0;25;45;90;200;1000;13.859
35.7347268;34.41698307;9545.942;0;25;45;90;200;1000;14.137
35.73937299;34.42513851;9545.942;0;25;45;90;200;1000;14.385
35.74402009;34.43329376;9545.942;0;25;45;90;200;1000;14.749
35.74866809;34.44144883;9545.942;0;25;45;90;200;1000;15.068
35.753317;34.4496037;9545.942;0;25;45;90;200;1000;15.123
35.75796682;34.45775839;9545.942;0;25;45;90;200;1000;15.302
35.76261754;34.4659129;9545.942;0;25;45;90;200;1000;15.603
35.76726917;34.47406721;9545.942;0;25;45;90;200;1000;15.886
35.77192171;34.48222134;9545.942;0;25;45;90;200;1000;16.111
35.77657515;34.49037528;9545.942;0;25;45;90;200;1000;16.38
35.78122951;34.49852903;9545.942;0;25;45;90;200;1000;16.393
35.78588477;34.5066826;9545.942;0;25;45;90;200;1000;16.529
35.79054095;34.51483598;9545.942;0;25;45;90;200;1000;16.645
35.79519803;34.52298917;9545.942;0;25;45;90;200;1000;16.792
35.79985603;34.53114217;9545.942;0;25;45;90;200;1000;17.054
35.80451493;34.53929498;9545.942;0;25;45;90;200;1000;17.358
35.34901761;33.73072839;9687.363;0;25;45;90;200;1000;10.882
35.3535894;33.73889921;9687.363;0.76086;25;45;90;200;1000;10.667
35.35816206;33.74706985;9687.363;2.5685;25;45;90;200;1000;10.446
35.36273559;33.75524032;9687.363;3.71;25;45;90;200;1000;10.193
35.36730999;33.7634106;9687.363;3.7092;25;45;90;200;1000;9.971
35.37188527;33.7715807;9687.363;3.8681;25;45;90;200;1000;9.769
35.37646141;33.77975062;9687.363;4.0923;25;45;90;200;1000;9.545
35.38103843;33.78792036;9687.363;3.9955;25;45;90;200;1000;9.337
35.38561632;33.79608992;9687.363;4.2506;25;45;90;200;1000;9.08
35.39019508;33.80425931;9687.363;5.1152;25;45;90;200;1000;8.843
35.39477472;33.81242851;9687.363;5.0963;25;45;90;200;1000;8.611
35.39935523;33.82059753;9687.363;5.0223;25;45;90;200;1000;8.319
35.40393661;33.82876637;9687.363;4.3595;25;45;90;200;1000;8.046
35.40851887;33.83693503;9687.363;5.5312;25;45;90;200;1000;7.8
35.413102;33.84510351;9687.363;5.9071;25;45;90;200;1000;7.564
35.41768601;33.85327181;9687.363;6.0083;25;45;90;200;1000;7.318
35.42227089;33.86143993;9687.363;6.2494;25;45;90;200;1000;7.096
35.42685665;33.86960786;9687.363;5.5328;25;45;90;200;1000;6.83
35.43144329;33.87777562;9687.363;6.1644;25;45;90;200;1000;6.577
35.4360308;33.88594319;9687.363;8.6319;25;45;90;200;1000;6.274
35.44061919;33.89411059;9687.363;7.033;25;45;90;200;1000;6.062
35.44520846;33.9022778;9687.363;5.8922;25;45;90;200;1000;5.894
35.4497986;33.91044483;9687.363;3.1125;25;45;90;200;1000;5.631
35.45438963;33.91861168;9687.363;1.9287;25;45;90;200;1000;5.328
35.45898153;33.92677835;9687.363;4.3529;25;45;90;200;1000;5.145
35.46357432;33.93494484;9687.363;5.2642;25;45;90;200;1000;4.844
35.46816798;33.94311115;9687.363;4.6401;25;45;90;200;1000;4.53
35.47276252;33.95127727;9687.363;4.8853;25;45;90;200;1000;4.308
35.47735795;33.95944321;9687.363;4.0628;25;45;90;200;1000;4.119
35.48195425;33.96760897;9687.363;4.8104;25;45;90;200;1000;3.869
35.48655144;33.97577455;9687.363;5.3926;25;45;90;200;1000;3.517
35.49114951;33.98393995;9687.363;5.9422;25;45;90;200;1000;3.254
35.49574846;33.99210516;9687.363;8.8529;25;45;90;200;1000;3.065
35.5003483;34.0002702;9687.363;10.645;25;45;90;200;1000;2.881
35.50494901;34.00843505;9687.363;10.374;25;45;90;200;1000;2.656
35.50955062;34.01659971;9687.363;10.104;25;45;90;200;1000;2.44
35.5141531;34.0247642;9687.363;9.0078;25;45;90;200;1000;2.276
35.51875647;34.0329285;9687.363;7.5999;25;45;90;200;1000;2.09
35.52336073;34.04109262;9687.363;6.6448;25;45;90;200;1000;2.043
35.52796587;34.04925656;9687.363;7.045;25;45;90;200;1000;1.941
35.53257189;34.05742031;9687.363;4.0954;25;45;90;200;1000;1.906
35.5371788;34.06558388;9687.363;2.3695;25;45;90;200;1000;2.016
35.5417866;34.07374727;9687.363;1.5939;25;45;90;200;1000;2.172
35.54639529;34.08191048;9687.363;2.8551;25;45;90;200;1000;2.429
35.55100486;34.0900735;9687.363;3.9754;25;45;90;200;1000;2.635
35.55561532;34.09823634;9687.363;3.5191;25;45;90;200;1000;2.977
35.56022667;34.10639899;9687.363;1.3292;25;45;90;200;1000;3.277
35.56483891;34.11456147;9687.363;2.1182;25;45;90;200;1000;3.585
35.56945204;34.12272376;9687.363;1.7636;25;45;90;200;1000;3.909
35.57406606;34.13088586;9687.363;2.1608;25;45;90;200;1000;4.226
35.57868096;34.13904778;9687.363;2.048;25;45;90;200;1000;4.588
35.58329676;34.14720952;9687.363;0.84912;25;45;90;200;1000;4.917
35.58791345;34.15537107;9687.363;2.1151;25;45;90;200;1000;5.232
35.59253103;34.16353244;9687.363;3.1238;25;45;90;200;1000;5.517
35.5971495;34.17169363;9687.363;3.6946;25;45;90;200;1000;5.723
35.60176886;34.17985463;9687.363;3.2442;25;45;90;200;1000;5.923
35.60638912;34.18801545;9687.363;2.8926;25;45;90;200;1000;6.099
35.61101027;34.19617608;9687.363;3.0226;25;45;90;200;1000;6.336
35.61563231;34.20433653;9687.363;3.1322;25;45;90;200;1000;6.511
35.62025525;34.2124968;9687.363;2.2559;25;45;90;200;1000;6.749
35.62487908;34.22065688;9687.363;1.2301;25;45;90;200;1000;6.966
35.6295038;34.22881677;9687.363;2.8927;25;45;90;200;1000;7.254
35.63412942;34.23697648;9687.363;2.5682;25;45;90;200;1000;7.54
35.63875594;34.24513601;9687.363;3.8896;25;45;90;200;1000;7.809
35.64338335;34.25329535;9687.363;3.8922;25;45;90;200;1000;8.138
35.64801166;34.26145451;9687.363;3.6907;25;45;90;200;1000;8.497
35.65264086;34.26961348;9687.363;3.4458;25;45;90;200;1000;8.889
35.65727097;34.27777226;9687.363;4.2208;25;45;90;200;1000;9.216
35.66190197;34.28593086;9687.363;4.3479;25;45;90;200;1000;9.463
35.66653386;34.29408928;9687.363;4.0939;25;45;90;200;1000;9.679
35.67116666;34.30224751;9687.363;3.0685;25;45;90;200;1000;9.928
35.67580036;34.31040555;9687.363;2.6505;25;45;90;200;1000;10.157
35.68043495;34.31856341;9687.363;2.2845;25;45;90;200;1000;10.438
35.68507045;34.32672108;9687.363;3.0918;25;45;90;200;1000;10.744
35.68970684;34.33487857;9687.363;3.2985;25;45;90;200;1000;11.06
35.69434414;34.34303587;9687.363;3.8554;25;45;90;200;1000;11.372
35.69898234;34.35119299;9687.363;2.2124;25;45;90;200;1000;11.692
35.70362143;34.35934992;9687.363;1.1868;25;45;90;200;1000;11.913
35.70826143;34.36750666;9687.363;1.5694;25;45;90;200;1000;12.304
35.71290234;34.37566322;9687.363;0.36241;25;45;90;200;1000;12.724
35.71754414;34.38381959;9687.363;0;25;45;90;200;1000;12.922
35.72218685;34.39197577;9687.363;0;25;45;90;200;1000;13.281
35.72683046;34.40013177;9687.363;0;25;45;90;200;1000;13.559
35.73147498;34.40828758;9687.363;0;25;45;90;200;1000;13.977
35.7361204;34.41644321;9687.363;0;25;45;90;200;1000;14.222
35.74076673;34.42459865;9687.363;0;25;45;90;200;1000;14.42
35.74541396;34.4327539;9687.363;0;25;45;90;200;1000;14.779
35.7500621;34.44090896;9687.363;0;25;45;90;200;1000;15.161
35.75471114;34.44906384;9687.363;0;25;45;90;200;1000;15.244
35.75936109;34.45721853;9687.363;0;25;45;90;200;1000;15.374
35.76401195;34.46537303;9687.363;0;25;45;90;200;1000;15.633
35.76866372;34.47352735;9687.363;0;25;45;90;200;1000;15.892
35.77331639;34.48168148;9687.363;0;25;45;90;200;1000;16.204
35.77796997;34.48983542;9687.363;0;25;45;90;200;1000;16.468
35.78262446;34.49798917;9687.363;0;25;45;90;200;1000;16.476
35.78727986;34.50614274;9687.363;0;25;45;90;200;1000;16.579
35.79193617;34.51429612;9687.363;0;25;45;90;200;1000;16.709
35.79659339;34.52244931;9687.363;0;25;45;90;200;1000;16.851
35.80125152;34.53060231;9687.363;0;25;45;90;200;1000;17.088
35.80591057;34.53875512;9687.363;0;25;45;90;200;1000;17.375
35.35040002;33.73018848;9828.784;0;25;45;90;200;1000;10.862
35.35497194;33.7383593;9828.784;0.78305;25;45;90;200;1000;10.635
35.35954473;33.74652994;9828.784;2.5924;25;45;90;200;1000;10.43
35.3641184;33.7547004;9828.784;3.8659;25;45;90;200;1000;10.165
35.36869293;33.76287069;9828.784;3.7169;25;45;90;200;1000;9.955
35.37326834;33.77104079;9828.784;3.778;25;45;90;200;1000;9.748
35.37784461;33.77921071;9828.784;4.0863;25;45;90;200;1000;9.539
35.38242176;33.78738045;9828.784;4.2469;25;45;90;200;1000;9.33
35.38699978;33.79555001;9828.784;4.2138;25;45;90;200;1000;9.093
35.39157867;33.8037194;9828.784;5.2962;25;45;90;200;1000;8.872
35.39615844;33.8118886;9828.784;5.3983;25;45;90;200;1000;8.631
35.40073908;33.82005762;9828.784;5.1816;25;45;90;200;1000;8.354
35.4053206;33.82822646;9828.784;4.7017;25;45;90;200;1000;8.099
35.40990298;33.83639512;9828.784;5.289;25;45;90;200;1000;7.84
35.41448625;33.8445636;9828.784;6.0174;25;45;90;200;1000;7.596
35.41907039;33.8527319;9828.784;5.933;25;45;90;200;1000;7.368
35.4236554;33.86090002;9828.784;5.971;25;45;90;200;1000;7.139
35.42824129;33.86906796;9828.784;5.0965;25;45;90;200;1000;6.902
35.43282806;33.87723571;9828.784;6.1784;25;45;90;200;1000;6.601
35.43741571;33.88540329;9828.784;8.6597;25;45;90;200;1000;6.323
35.44200423;33.89357068;9828.784;6.8248;25;45;90;200;1000;6.17
35.44659363;33.9017379;9828.784;5.7318;25;45;90;200;1000;5.948
35.45118391;33.90990493;9828.784;3.6425;25;45;90;200;1000;5.69
35.45577506;33.91807178;9828.784;2.0534;25;45;90;200;1000;5.363
35.4603671;33.92623845;9828.784;4.2;25;45;90;200;1000;5.226
35.46496002;33.93440494;9828.784;5.0877;25;45;90;200;1000;4.879
35.46955381;33.94257124;9828.784;4.8445;25;45;90;200;1000;4.555
35.47414849;33.95073737;9828.784;4.8375;25;45;90;200;1000;4.365
35.47874404;33.95890331;9828.784;4.1264;25;45;90;200;1000;4.231
35.48334048;33.96706907;9828.784;4.9061;25;45;90;200;1000;3.913
35.4879378;33.97523465;9828.784;5.0167;25;45;90;200;1000;3.558
35.492536;33.98340005;9828.784;5.3841;25;45;90;200;1000;3.333
35.49713509;33.99156526;9828.784;9.1643;25;45;90;200;1000;3.145
35.50173505;33.99973029;9828.784;10.589;25;45;90;200;1000;2.928
35.5063359;34.00789515;9828.784;10.256;25;45;90;200;1000;2.727
35.51093764;34.01605981;9828.784;10.255;25;45;90;200;1000;2.492
35.51554026;34.0242243;9828.784;8.8596;25;45;90;200;1000;2.339
35.52014376;34.0323886;9828.784;7.6433;25;45;90;200;1000;2.165
35.52474815;34.04055272;9828.784;6.5083;25;45;90;200;1000;2.118
35.52935342;34.04871666;9828.784;7.0082;25;45;90;200;1000;2.019
35.53395958;34.05688041;9828.784;4.2899;25;45;90;200;1000;1.994
35.53856662;34.06504399;9828.784;2.4429;25;45;90;200;1000;2.08
35.54317456;34.07320738;9828.784;1.5975;25;45;90;200;1000;2.247
35.54778337;34.08137058;9828.784;2.8053;25;45;90;200;1000;2.51
35.55239308;34.0895336;9828.784;3.8167;25;45;90;200;1000;2.694
35.55700367;34.09769644;9828.784;3.5639;25;45;90;200;1000;3
35.56161516;34.1058591;9828.784;1.3876;25;45;90;200;1000;3.288
35.56622753;34.11402157;9828.784;2.1839;25;45;90;200;1000;3.604
35.57084079;34.12218386;9828.784;1.6963;25;45;90;200;1000;3.989
35.57545494;34.13034597;9828.784;2.2556;25;45;90;200;1000;4.267
35.58006998;34.13850789;9828.784;2.1183;25;45;90;200;1000;4.609
35.58468591;34.14666963;9828.784;0.88066;25;45;90;200;1000;4.961
35.58930273;34.15483118;9828.784;2.4243;25;45;90;200;1000;5.25
35.59392045;34.16299255;9828.784;3.1501;25;45;90;200;1000;5.535
35.59853905;34.17115374;9828.784;3.5729;25;45;90;200;1000;5.777
35.60315855;34.17931474;9828.784;3.158;25;45;90;200;1000;5.989
35.60777894;34.18747556;9828.784;2.6037;25;45;90;200;1000;6.143
35.61240022;34.19563619;9828.784;2.834;25;45;90;200;1000;6.381
35.6170224;34.20379664;9828.784;2.9998;25;45;90;200;1000;6.593
35.62164547;34.21195691;9828.784;2.1807;25;45;90;200;1000;6.782
35.62626943;34.22011699;9828.784;1.3273;25;45;90;200;1000;7.012
35.63089429;34.22827688;9828.784;3.2411;25;45;90;200;1000;7.278
35.63552004;34.23643659;9828.784;2.7556;25;45;90;200;1000;7.592
35.64014669;34.24459612;9828.784;3.454;25;45;90;200;1000;7.858
35.64477424;34.25275546;9828.784;3.8419;25;45;90;200;1000;8.151
35.64940268;34.26091462;9828.784;3.8296;25;45;90;200;1000;8.531
35.65403202;34.26907359;9828.784;3.3132;25;45;90;200;1000;8.961
35.65866226;34.27723238;9828.784;4.1234;25;45;90;200;1000;9.289
35.66329339;34.28539098;9828.784;4.12;25;45;90;200;1000;9.522
35.66792543;34.29354939;9828.784;3.7841;25;45;90;200;1000;9.718
35.67255836;34.30170762;9828.784;2.8913;25;45;90;200;1000;9.949
35.67719219;34.30986567;9828.784;2.0589;25;45;90;200;1000;10.186
35.68182692;34.31802353;9828.784;2.2301;25;45;90;200;1000;10.447
35.68646255;34.3261812;9828.784;2.8403;25;45;90;200;1000;10.783
35.69109908;34.33433869;9828.784;3.0192;25;45;90;200;1000;11.064
35.69573651;34.34249599;9828.784;3.3875;25;45;90;200;1000;11.398
35.70037484;34.35065311;9828.784;1.6405;25;45;90;200;1000;11.716
35.70501407;34.35881004;9828.784;1.1074;25;45;90;200;1000;11.972
35.70965421;34.36696678;9828.784;1.3934;25;45;90;200;1000;12.313
35.71429524;34.37512334;9828.784;0.77012;25;45;90;200;1000;12.616
35.71893718;34.38327971;9828.784;0;25;45;90;200;1000;12.932
35.72358003;34.39143589;9828.784;0;25;45;90;200;1000;13.242
35.72822378;34.39959189;9828.784;0;25;45;90;200;1000;13.609
35.73286843;34.4077477;9828.784;0;25;45;90;200;1000;14.121
35.73751398;34.41590333;9828.784;0;25;45;90;200;1000;14.325
35.74216045;34.42405877;9828.784;0;25;45;90;200;1000;14.516
35.74680781;34.43221402;9828.784;0;25;45;90;200;1000;14.85
35.75145609;34.44036908;9828.784;0;25;45;90;200;1000;15.38
35.75610527;34.44852396;9828.784;0;25;45;90;200;1000;15.406
35.76075535;34.45667865;9828.784;0;25;45;90;200;1000;15.445
35.76540634;34.46483315;9828.784;0;25;45;90;200;1000;15.66
35.77005825;34.47298747;9828.784;0;25;45;90;200;1000;15.907
35.77471105;34.4811416;9828.784;0;25;45;90;200;1000;16.254
35.77936477;34.48929554;9828.784;0;25;45;90;200;1000;16.499
35.7840194;34.49744929;9828.784;0;25;45;90;200;1000;16.55
35.78867493;34.50560286;9828.784;0;25;45;90;200;1000;16.627
35.79333138;34.51375624;9828.784;0;25;45;90;200;1000;16.77
35.79798873;34.52190943;9828.784;0;25;45;90;200;1000;16.911
35.802647;34.53006243;9828.784;0;25;45;90;200;1000;17.111
35.80730618;34.53821525;9828.784;0;25;45;90;200;1000;17.399
35.35178242;33.72964855;9970.206;0;25;45;90;200;1000;10.835
35.35635447;33.73781937;9970.206;1.0111;25;45;90;200;1000;10.616
35.36092739;33.74599001;9970.206;2.4165;25;45;90;200;1000;10.394
35.36550119;33.75416048;9970.206;3.7861;25;45;90;200;1000;10.156
35.37007585;33.76233076;9970.206;3.8138;25;45;90;200;1000;9.94
35.37465139;33.77050086;9970.206;3.6646;25;45;90;200;1000;9.73
35.37922779;33.77867078;9970.206;3.7032;25;45;90;200;1000;9.546
35.38380507;33.78684053;9970.206;4.4133;25;45;90;200;1000;9.332
35.38838322;33.79501009;9970.206;4.4735;25;45;90;200;1000;9.101
35.39296225;33.80317947;9970.206;5.2957;25;45;90;200;1000;8.88
35.39754215;33.81134867;9970.206;5.2979;25;45;90;200;1000;8.655
35.40212292;33.81951769;9970.206;5.1973;25;45;90;200;1000;8.37
35.40670457;33.82768654;9970.206;4.8216;25;45;90;200;1000;8.143
35.41128709;33.8358552;9970.206;4.6619;25;45;90;200;1000;7.91
35.41587048;33.84402368;9970.206;5.8051;25;45;90;200;1000;7.651
35.42045475;33.85219198;9970.206;6.0062;25;45;90;200;1000;7.41
35.4250399;33.8603601;9970.206;5.9752;25;45;90;200;1000;7.217
35.42962592;33.86852803;9970.206;5.0849;25;45;90;200;1000;6.916
35.43421282;33.87669579;9970.206;5.9195;25;45;90;200;1000;6.649
35.4388006;33.88486337;9970.206;8.5463;25;45;90;200;1000;6.378
35.44338925;33.89303076;9970.206;7.1216;25;45;90;200;1000;6.26
35.44797878;33.90119798;9970.206;5.4586;25;45;90;200;1000;6.01
35.45256919;33.90936501;9970.206;3.7712;25;45;90;200;1000;5.749
35.45716048;33.91753186;9970.206;2.4017;25;45;90;200;1000;5.43
35.46175265;33.92569853;9970.206;4.2481;25;45;90;200;1000;5.242
35.4663457;33.93386502;9970.206;4.5452;25;45;90;200;1000;4.915
35.47093963;33.94203132;9970.206;4.781;25;45;90;200;1000;4.618
35.47553443;33.95019745;9970.206;4.8696;25;45;90;200;1000;4.452
35.48013012;33.95836339;9970.206;4.1091;25;45;90;200;1000;4.317
35.48472669;33.96652915;9970.206;5.0023;25;45;90;200;1000;3.904
35.48932415;33.97469473;9970.206;5.1179;25;45;90;200;1000;3.576
35.49392248;33.98286013;9970.206;5.2253;25;45;90;200;1000;3.4
35.4985217;33.99102535;9970.206;9.2051;25;45;90;200;1000;3.216
35.50312179;33.99919038;9970.206;10.187;25;45;90;200;1000;2.984
35.50772278;34.00735523;9970.206;10.177;25;45;90;200;1000;2.751
35.51232464;34.0155199;9970.206;10.333;25;45;90;200;1000;2.568
35.51692739;34.02368438;9970.206;9.0238;25;45;90;200;1000;2.412
35.52153103;34.03184869;9970.206;7.6866;25;45;90;200;1000;2.264
35.52613555;34.04001281;9970.206;6.3719;25;45;90;200;1000;2.227
35.53074096;34.04817675;9970.206;6.8929;25;45;90;200;1000;2.097
35.53534725;34.0563405;9970.206;4.3328;25;45;90;200;1000;2.067
35.53995443;34.06450407;9970.206;2.274;25;45;90;200;1000;2.16
35.54456249;34.07266746;9970.206;1.5939;25;45;90;200;1000;2.352
35.54917144;34.08083067;9970.206;2.6735;25;45;90;200;1000;2.549
35.55378128;34.08899369;9970.206;3.8854;25;45;90;200;1000;2.769
35.55839201;34.09715653;9970.206;3.671;25;45;90;200;1000;3.076
35.56300362;34.10531919;9970.206;1.3969;25;45;90;200;1000;3.358
35.56761613;34.11348166;9970.206;2.2124;25;45;90;200;1000;3.666
35.57222952;34.12164395;9970.206;1.666;25;45;90;200;1000;3.994
35.57684381;34.12980606;9970.206;2.2248;25;45;90;200;1000;4.342
35.58145898;34.13796798;9970.206;2.0783;25;45;90;200;1000;4.627
35.58607504;34.14612972;9970.206;0.74766;25;45;90;200;1000;4.98
35.590692;34.15429127;9970.206;2.5494;25;45;90;200;1000;5.277
35.59530985;34.16245264;9970.206;3.1174;25;45;90;200;1000;5.551
35.59992859;34.17061383;9970.206;3.2377;25;45;90;200;1000;5.826
35.60454822;34.17877483;9970.206;2.9501;25;45;90;200;1000;6.058
35.60916874;34.18693565;9970.206;2.5679;25;45;90;200;1000;6.208
35.61379016;34.19509629;9970.206;2.6865;25;45;90;200;1000;6.421
35.61841247;34.20325674;9970.206;2.874;25;45;90;200;1000;6.665
35.62303567;34.211417;9970.206;2.06;25;45;90;200;1000;6.836
35.62765977;34.21957708;9970.206;1.4944;25;45;90;200;1000;7.071
35.63228476;34.22773698;9970.206;3.0543;25;45;90;200;1000;7.305
35.63691065;34.23589669;9970.206;2.8149;25;45;90;200;1000;7.636
35.64153743;34.24405622;9970.206;3.0996;25;45;90;200;1000;7.925
35.64616511;34.25221556;9970.206;3.5546;25;45;90;200;1000;8.211
35.65079369;34.26037471;9970.206;3.8127;25;45;90;200;1000;8.566
35.65542316;34.26853369;9970.206;3.362;25;45;90;200;1000;8.986
35.66005353;34.27669247;9970.206;3.7953;25;45;90;200;1000;9.366
35.6646848;34.28485107;9970.206;4.2354;25;45;90;200;1000;9.548
35.66931697;34.29300949;9970.206;4.0021;25;45;90;200;1000;9.766
35.67395003;34.30116772;9970.206;2.6931;25;45;90;200;1000;9.983
35.678584;34.30932577;9970.206;1.9171;25;45;90;200;1000;10.226
35.68321886;34.31748363;9970.206;2.0858;25;45;90;200;1000;10.467
35.68785463;34.3256413;9970.206;2.667;25;45;90;200;1000;10.801
35.69249129;34.33379879;9970.206;2.674;25;45;90;200;1000;11.083
35.69712886;34.34195609;9970.206;2.8319;25;45;90;200;1000;11.389
35.70176732;34.35011321;9970.206;1.1495;25;45;90;200;1000;11.669
35.70640669;34.35827014;9970.206;1.0499;25;45;90;200;1000;11.962
35.71104696;34.36642688;9970.206;1.1313;25;45;90;200;1000;12.257
35.71568813;34.37458344;9970.206;0.91091;25;45;90;200;1000;12.525
35.72033021;34.38273981;9970.206;0;25;45;90;200;1000;12.839
35.72497319;34.390896;9970.206;0;25;45;90;200;1000;13.2
35.72961707;34.39905199;9970.206;0;25;45;90;200;1000;13.653
35.73426186;34.40720781;9970.206;0;25;45;90;200;1000;14.145
35.73890755;34.41536343;9970.206;0;25;45;90;200;1000;14.411
35.74355414;34.42351887;9970.206;0;25;45;90;200;1000;14.611
35.74820165;34.43167412;9970.206;0;25;45;90;200;1000;14.956
35.75285006;34.43982919;9970.206;0;25;45;90;200;1000;15.4
35.75749937;34.44798407;9970.206;0;25;45;90;200;1000;15.561
35.76214959;34.45613876;9970.206;0;25;45;90;200;1000;15.515
35.76680072;34.46429326;9970.206;0;25;45;90;200;1000;15.721
35.77145276;34.47244758;9970.206;0;25;45;90;200;1000;15.962
35.7761057;34.48060171;9970.206;0;25;45;90;200;1000;16.275
35.78075955;34.48875565;9970.206;0;25;45;90;200;1000;16.518
35.78541431;34.4969094;9970.206;0;25;45;90;200;1000;16.608
35.79006999;34.50506297;9970.206;0;25;45;90;200;1000;16.673
35.79472657;34.51321635;9970.206;0;25;45;90;200;1000;16.838
35.79938406;34.52136954;9970.206;0;25;45;90;200;1000;16.969
35.80404246;34.52952254;9970.206;0;25;45;90;200;1000;17.158
35.80870177;34.53767536;9970.206;0;25;45;90;200;1000;17.396
35.35316479;33.72910861;10111.627;0;25;45;90;200;1000;10.832
35.35773698;33.73727943;10111.627;1.2382;25;45;90;200;1000;10.608
35.36231003;33.74545007;10111.627;2.7148;25;45;90;200;1000;10.38
35.36688396;33.75362053;10111.627;3.516;25;45;90;200;1000;10.15
35.37145875;33.76179082;10111.627;3.6659;25;45;90;200;1000;9.927
35.37603442;33.76996092;10111.627;3.5756;25;45;90;200;1000;9.721
35.38061096;33.77813084;10111.627;3.0815;25;45;90;200;1000;9.534
35.38518837;33.78630058;10111.627;4.4535;25;45;90;200;1000;9.326
35.38976665;33.79447015;10111.627;4.7085;25;45;90;200;1000;9.103
35.39434581;33.80263953;10111.627;5.0636;25;45;90;200;1000;8.871
35.39892584;33.81080873;10111.627;5.6991;25;45;90;200;1000;8.655
35.40350674;33.81897775;10111.627;5.0937;25;45;90;200;1000;8.389
35.40808852;33.8271466;10111.627;4.7549;25;45;90;200;1000;8.183
35.41267117;33.83531526;10111.627;4.7144;25;45;90;200;1000;7.96
35.4172547;33.84348374;10111.627;5.6214;25;45;90;200;1000;7.702
35.4218391;33.85165204;10111.627;5.9628;25;45;90;200;1000;7.476
35.42642438;33.85982016;10111.627;5.8785;25;45;90;200;1000;7.236
35.43101053;33.8679881;10111.627;5.1052;25;45;90;200;1000;6.937
35.43559756;33.87615585;10111.627;5.8125;25;45;90;200;1000;6.717
35.44018547;33.88432343;10111.627;8.4907;25;45;90;200;1000;6.445
35.44477426;33.89249083;10111.627;7.3702;25;45;90;200;1000;6.346
35.44936392;33.90065804;10111.627;5.2857;25;45;90;200;1000;6.065
35.45395446;33.90882507;10111.627;3.7734;25;45;90;200;1000;5.746
35.45854588;33.91699192;10111.627;2.6434;25;45;90;200;1000;5.51
35.46313818;33.92515859;10111.627;4.1396;25;45;90;200;1000;5.266
35.46773136;33.93332508;10111.627;4.596;25;45;90;200;1000;4.955
35.47232542;33.94149139;10111.627;4.3106;25;45;90;200;1000;4.709
35.47692036;33.94965752;10111.627;4.962;25;45;90;200;1000;4.511
35.48151618;33.95782346;10111.627;4.2724;25;45;90;200;1000;4.327
35.48611289;33.96598922;10111.627;5.2052;25;45;90;200;1000;3.92
35.49071047;33.9741548;10111.627;4.9693;25;45;90;200;1000;3.646
35.49530894;33.9823202;10111.627;4.5548;25;45;90;200;1000;3.471
35.49990829;33.99048541;10111.627;8.8112;25;45;90;200;1000;3.293
35.50450852;33.99865045;10111.627;9.524;25;45;90;200;1000;3.068
35.50910963;34.0068153;10111.627;10.894;25;45;90;200;1000;2.806
35.51371163;34.01497997;10111.627;10.273;25;45;90;200;1000;2.67
35.51831452;34.02314445;10111.627;9.312;25;45;90;200;1000;2.535
35.52291828;34.03130876;10111.627;7.517;25;45;90;200;1000;2.342
35.52752294;34.03947288;10111.627;6.1324;25;45;90;200;1000;2.303
35.53212847;34.04763682;10111.627;6.6884;25;45;90;200;1000;2.173
35.5367349;34.05580057;10111.627;4.1291;25;45;90;200;1000;2.147
35.54134221;34.06396414;10111.627;1.9216;25;45;90;200;1000;2.256
35.54595041;34.07212753;10111.627;1.7106;25;45;90;200;1000;2.422
35.55055949;34.08029074;10111.627;2.7087;25;45;90;200;1000;2.619
35.55516946;34.08845376;10111.627;4.1893;25;45;90;200;1000;2.857
35.55978033;34.0966166;10111.627;3.2703;25;45;90;200;1000;3.17
35.56439207;34.10477926;10111.627;1.5338;25;45;90;200;1000;3.432
35.56900471;34.11294174;10111.627;2.1364;25;45;90;200;1000;3.688
35.57361824;34.12110403;10111.627;1.7163;25;45;90;200;1000;4.008
35.57823266;34.12926613;10111.627;2.211;25;45;90;200;1000;4.384
35.58284796;34.13742805;10111.627;2.4629;25;45;90;200;1000;4.669
35.58746416;34.14558979;10111.627;0.77332;25;45;90;200;1000;5.009
35.59208125;34.15375135;10111.627;2.6464;25;45;90;200;1000;5.34
35.59669923;34.16191272;10111.627;3.2133;25;45;90;200;1000;5.568
35.6013181;34.17007391;10111.627;2.8861;25;45;90;200;1000;5.871
35.60593787;34.17823491;10111.627;2.3491;25;45;90;200;1000;6.122
35.61055852;34.18639573;10111.627;2.7177;25;45;90;200;1000;6.298
35.61518007;34.19455636;10111.627;2.4595;25;45;90;200;1000;6.47
35.61980252;34.20271681;10111.627;2.4636;25;45;90;200;1000;6.737
35.62442585;34.21087708;10111.627;1.8393;25;45;90;200;1000;6.898
35.62905009;34.21903716;10111.627;1.5415;25;45;90;200;1000;7.127
35.63367521;34.22719706;10111.627;2.9448;25;45;90;200;1000;7.333
35.63830124;34.23535677;10111.627;2.8983;25;45;90;200;1000;7.648
35.64292815;34.2435163;10111.627;3.0756;25;45;90;200;1000;7.983
35.64755597;34.25167564;10111.627;3.5817;25;45;90;200;1000;8.251
35.65218468;34.2598348;10111.627;3.5265;25;45;90;200;1000;8.656
35.65681429;34.26799377;10111.627;3.5907;25;45;90;200;1000;9.056
35.66144479;34.27615255;10111.627;3.6841;25;45;90;200;1000;9.448
35.66607619;34.28431116;10111.627;4.1574;25;45;90;200;1000;9.621
35.67070849;34.29246957;10111.627;3.9112;25;45;90;200;1000;9.818
35.67534169;34.3006278;10111.627;2.3893;25;45;90;200;1000;10.045
35.67997579;34.30878585;10111.627;1.9011;25;45;90;200;1000;10.246
35.68461079;34.31694371;10111.627;1.9343;25;45;90;200;1000;10.495
35.68924669;34.32510138;10111.627;2.5963;25;45;90;200;1000;10.835
35.69388349;34.33325887;10111.627;2.4186;25;45;90;200;1000;11.108
35.69852119;34.34141617;10111.627;2.3807;25;45;90;200;1000;11.4
35.70315979;34.34957329;10111.627;0.85244;25;45;90;200;1000;11.649
35.70779929;34.35773022;10111.627;1.2151;25;45;90;200;1000;11.92
35.7124397;34.36588697;10111.627;0.95552;25;45;90;200;1000;12.192
35.717081;34.37404352;10111.627;0.95594;25;45;90;200;1000;12.498
35.72172321;34.3821999;10111.627;0;25;45;90;200;1000;12.815
35.72636633;34.39035608;10111.627;0;25;45;90;200;1000;13.185
35.73101035;34.39851208;10111.627;0;25;45;90;200;1000;13.649
35.73565527;34.40666789;10111.627;0;25;45;90;200;1000;14.085
35.74030109;34.41482352;10111.627;0;25;45;90;200;1000;14.351
35.74494783;34.42297896;10111.627;0;25;45;90;200;1000;14.649
35.74959546;34.43113421;10111.627;0;25;45;90;200;1000;14.992
35.75424401;34.43928928;10111.627;0;25;45;90;200;1000;15.317
35.75889346;34.44744415;10111.627;0;25;45;90;200;1000;15.642
35.76354381;34.45559885;10111.627;0;25;45;90;200;1000;15.582
35.76819508;34.46375335;10111.627;0;25;45;90;200;1000;15.788
35.77284725;34.47190767;10111.627;0;25;45;90;200;1000;16.028
35.77750033;34.4800618;10111.627;0;25;45;90;200;1000;16.303
35.78215432;34.48821574;10111.627;0;25;45;90;200;1000;16.594
35.78680921;34.49636949;10111.627;0;25;45;90;200;1000;16.702
35.79146502;34.50452306;10111.627;0;25;45;90;200;1000;16.737
35.79612174;34.51267644;10111.627;0;25;45;90;200;1000;16.896
35.80077937;34.52082963;10111.627;0;25;45;90;200;1000;17.011
35.8054379;34.52898263;10111.627;0;25;45;90;200;1000;17.214
35.81009735;34.53713545;10111.627;0;25;45;90;200;1000;17.414
35.35454716;33.72856865;10253.048;0;25;45;90;200;1000;10.867
35.35911947;33.73673947;10253.048;1.2533;25;45;90;200;1000;10.625
35.36369266;33.74491011;10253.048;3.3974;25;45;90;200;1000;10.396
35.36826671;33.75308057;10253.048;3.5975;25;45;90;200;1000;10.167
35.37284164;33.76125086;10253.048;3.5535;25;45;90;200;1000;9.935
35.37741744;33.76942096;10253.048;3.4012;25;45;90;200;1000;9.718
35.3819941;33.77759088;10253.048;2.637;25;45;90;200;1000;9.528
35.38657165;33.78576063;10253.048;4.4089;25;45;90;200;1000;9.321
35.39115006;33.79393019;10253.048;4.5678;25;45;90;200;1000;9.108
35.39572935;33.80209957;10253.048;4.9005;25;45;90;200;1000;8.883
35.40030951;33.81026878;10253.048;5.3888;25;45;90;200;1000;8.667
35.40489054;33.8184378;10253.048;4.9995;25;45;90;200;1000;8.425
35.40947245;33.82660664;10253.048;4.4559;25;45;90;200;1000;8.21
35.41405524;33.8347753;10253.048;4.7367;25;45;90;200;1000;7.968
35.41863889;33.84294378;10253.048;5.5897;25;45;90;200;1000;7.735
35.42322343;33.85111208;10253.048;5.9845;25;45;90;200;1000;7.527
35.42780884;33.8592802;10253.048;5.4924;25;45;90;200;1000;7.252
35.43239512;33.86744814;10253.048;5.0928;25;45;90;200;1000;6.978
35.43698229;33.8756159;10253.048;5.5645;25;45;90;200;1000;6.78
35.44157033;33.88378348;10253.048;8.2304;25;45;90;200;1000;6.516
35.44615924;33.89195087;10253.048;7.2155;25;45;90;200;1000;6.42
35.45074904;33.90011809;10253.048;5.1581;25;45;90;200;1000;6.069
35.45533971;33.90828512;10253.048;3.8153;25;45;90;200;1000;5.765
35.45993127;33.91645197;10253.048;3.01;25;45;90;200;1000;5.575
35.4645237;33.92461864;10253.048;3.5638;25;45;90;200;1000;5.324
35.46911701;33.93278513;10253.048;4.146;25;45;90;200;1000;5.014
35.4737112;33.94095144;10253.048;3.9343;25;45;90;200;1000;4.786
35.47830627;33.94911757;10253.048;5.0028;25;45;90;200;1000;4.554
35.48290223;33.95728351;10253.048;4.3053;25;45;90;200;1000;4.41
35.48749906;33.96544927;10253.048;4.9972;25;45;90;200;1000;3.984
35.49209678;33.97361485;10253.048;4.8132;25;45;90;200;1000;3.734
35.49669538;33.98178025;10253.048;4.2646;25;45;90;200;1000;3.555
35.50129486;33.98994547;10253.048;7.9757;25;45;90;200;1000;3.389
35.50589522;33.9981105;10253.048;8.9314;25;45;90;200;1000;3.141
35.51049647;34.00627535;10253.048;11.162;25;45;90;200;1000;2.914
35.5150986;34.01444002;10253.048;10.68;25;45;90;200;1000;2.764
35.51970162;34.02260451;10253.048;9.2191;25;45;90;200;1000;2.628
35.52430552;34.03076881;10253.048;7.6922;25;45;90;200;1000;2.409
35.5289103;34.03893293;10253.048;6.5089;25;45;90;200;1000;2.349
35.53351598;34.04709687;10253.048;6.51;25;45;90;200;1000;2.244
35.53812253;34.05526063;10253.048;3.5568;25;45;90;200;1000;2.224
35.54272998;34.0634242;10253.048;1.5187;25;45;90;200;1000;2.328
35.54733831;34.07158759;10253.048;2.1342;25;45;90;200;1000;2.447
35.55194753;34.0797508;10253.048;2.9365;25;45;90;200;1000;2.684
35.55655763;34.08791382;10253.048;4.2335;25;45;90;200;1000;2.98
35.56116862;34.09607666;10253.048;2.577;25;45;90;200;1000;3.284
35.56578051;34.10423932;10253.048;1.4904;25;45;90;200;1000;3.507
35.57039328;34.11240179;10253.048;1.9488;25;45;90;200;1000;3.736
35.57500694;34.12056408;10253.048;2.11;25;45;90;200;1000;4.051
35.57962149;34.12872619;10253.048;2.1944;25;45;90;200;1000;4.417
35.58423693;34.13688811;10253.048;2.6725;25;45;90;200;1000;4.719
35.58885326;34.14504985;10253.048;0.60879;25;45;90;200;1000;5.031
35.59347048;34.15321141;10253.048;2.5717;25;45;90;200;1000;5.357
35.59808859;34.16137278;10253.048;3.2765;25;45;90;200;1000;5.609
35.6027076;34.16953397;10253.048;2.8595;25;45;90;200;1000;5.923
35.6073275;34.17769497;10253.048;2.3321;25;45;90;200;1000;6.159
35.61194829;34.18585579;10253.048;2.762;25;45;90;200;1000;6.369
35.61656997;34.19401642;10253.048;2.5515;25;45;90;200;1000;6.501
35.62119255;34.20217688;10253.048;2.5092;25;45;90;200;1000;6.81
35.62581602;34.21033714;10253.048;1.7578;25;45;90;200;1000;6.998
35.63044039;34.21849722;10253.048;1.4687;25;45;90;200;1000;7.198
35.63506565;34.22665712;10253.048;2.6963;25;45;90;200;1000;7.393
35.6396918;34.23481683;10253.048;3.0263;25;45;90;200;1000;7.726
35.64431886;34.24297636;10253.048;3.1541;25;45;90;200;1000;8.023
35.6489468;34.2511357;10253.048;3.4837;25;45;90;200;1000;8.299
35.65357565;34.25929486;10253.048;3.2078;25;45;90;200;1000;8.729
35.65820539;34.26745383;10253.048;3.8219;25;45;90;200;1000;9.099
35.66283603;34.27561262;10253.048;3.6036;25;45;90;200;1000;9.413
35.66746757;34.28377122;10253.048;3.8732;25;45;90;200;1000;9.666
35.6721;34.29192964;10253.048;3.4185;25;45;90;200;1000;9.893
35.67673334;34.30008787;10253.048;2.5251;25;45;90;200;1000;10.121
35.68136757;34.30824592;10253.048;1.672;25;45;90;200;1000;10.302
35.6860027;34.31640378;10253.048;1.9492;25;45;90;200;1000;10.55
35.69063873;34.32456145;10253.048;2.273;25;45;90;200;1000;10.854
35.69527567;34.33271894;10253.048;2.1;25;45;90;200;1000;11.129
35.6999135;34.34087624;10253.048;2.0347;25;45;90;200;1000;11.374
35.70455224;34.34903336;10253.048;0.84023;25;45;90;200;1000;11.635
35.70919188;34.35719029;10253.048;1.3845;25;45;90;200;1000;11.892
35.71383241;34.36534704;10253.048;1.0463;25;45;90;200;1000;12.165
35.71847386;34.37350359;10253.048;1.0453;25;45;90;200;1000;12.485
35.7231162;34.38165997;10253.048;0;25;45;90;200;1000;12.808
35.72775945;34.38981615;10253.048;0;25;45;90;200;1000;13.199
35.7324036;34.39797215;10253.048;0;25;45;90;200;1000;13.702
35.73704866;34.40612796;10253.048;0;25;45;90;200;1000;14.027
35.74169462;34.41428359;10253.048;0;25;45;90;200;1000;14.305
35.74634149;34.42243903;10253.048;0;25;45;90;200;1000;14.612
35.75098926;34.43059428;10253.048;0;25;45;90;200;1000;14.968
35.75563794;34.43874935;10253.048;0;25;45;90;200;1000;15.261
35.76028752;34.44690423;10253.048;0;25;45;90;200;1000;15.586
35.76493802;34.45505892;10253.048;0;25;45;90;200;1000;15.66
35.76958942;34.46321342;10253.048;0;25;45;90;200;1000;15.827
35.77424172;34.47136774;10253.048;0;25;45;90;200;1000;16.092
35.77889494;34.47952187;10253.048;0;25;45;90;200;1000;16.34
35.78354906;34.48767581;10253.048;0;25;45;90;200;1000;16.663
35.7882041;34.49582957;10253.048;0;25;45;90;200;1000;16.761
35.79286004;34.50398314;10253.048;0;25;45;90;200;1000;16.788
35.79751689;34.51213652;10253.048;0;25;45;90;200;1000;16.963
35.80217465;34.52028971;10253.048;0;25;45;90;200;1000;17.061
35.80683333;34.52844271;10253.048;0;25;45;90;200;1000;17.262
35.81149291;34.53659553;10253.048;0;25;45;90;200;1000;17.461
35.3559295;33.72802867;10394.47;0;25;45;90;200;1000;10.889
35.36050194;33.73619949;10394.47;1.2808;25;45;90;200;1000;10.649
35.36507526;33.74437014;10394.47;3.6565;25;45;90;200;1000;10.418
35.36964945;33.7525406;10394.47;3.8106;25;45;90;200;1000;10.172
35.3742245;33.76071088;10394.47;3.4923;25;45;90;200;1000;9.956
35.37880043;33.76888099;10394.47;3.5159;25;45;90;200;1000;9.742
35.38337723;33.77705091;10394.47;2.6549;25;45;90;200;1000;9.549
35.38795491;33.78522065;10394.47;4.3999;25;45;90;200;1000;9.331
35.39253345;33.79339022;10394.47;4.8879;25;45;90;200;1000;9.123
35.39711287;33.8015596;10394.47;4.7748;25;45;90;200;1000;8.911
35.40169316;33.80972881;10394.47;4.9741;25;45;90;200;1000;8.703
35.40627433;33.81789783;10394.47;4.7593;25;45;90;200;1000;8.465
35.41085637;33.82606667;10394.47;3.9862;25;45;90;200;1000;8.218
35.41543928;33.83423533;10394.47;5.0222;25;45;90;200;1000;7.984
35.42002307;33.84240381;10394.47;5.4977;25;45;90;200;1000;7.751
35.42460774;33.85057211;10394.47;5.7968;25;45;90;200;1000;7.552
35.42919328;33.85874023;10394.47;5.2351;25;45;90;200;1000;7.303
35.4337797;33.86690817;10394.47;4.5884;25;45;90;200;1000;7.032
35.43836699;33.87507593;10394.47;5.076;25;45;90;200;1000;6.813
35.44295516;33.88324351;10394.47;7.7706;25;45;90;200;1000;6.58
35.44754421;33.89141091;10394.47;6.7264;25;45;90;200;1000;6.434
35.45213414;33.89957812;10394.47;5.129;25;45;90;200;1000;6.09
35.45672495;33.90774515;10394.47;3.8369;25;45;90;200;1000;5.822
35.46131663;33.91591201;10394.47;2.9375;25;45;90;200;1000;5.648
35.4659092;33.92407868;10394.47;3.1836;25;45;90;200;1000;5.393
35.47050264;33.93224517;10394.47;3.7787;25;45;90;200;1000;5.111
35.47509696;33.94041147;10394.47;3.7245;25;45;90;200;1000;4.84
35.47969217;33.9485776;10394.47;4.9686;25;45;90;200;1000;4.63
35.48428825;33.95674355;10394.47;4.1275;25;45;90;200;1000;4.396
35.48888522;33.96490931;10394.47;4.3786;25;45;90;200;1000;4.032
35.49348307;33.97307489;10394.47;4.4473;25;45;90;200;1000;3.802
35.4980818;33.98124029;10394.47;3.75;25;45;90;200;1000;3.651
35.50268141;33.9894055;10394.47;7.4515;25;45;90;200;1000;3.434
35.50728191;33.99757054;10394.47;8.4655;25;45;90;200;1000;3.259
35.51188329;34.00573539;10394.47;10.993;25;45;90;200;1000;3.013
35.51648556;34.01390006;10394.47;11.137;25;45;90;200;1000;2.856
35.5210887;34.02206455;10394.47;8.9136;25;45;90;200;1000;2.67
35.52569274;34.03022885;10394.47;7.86;25;45;90;200;1000;2.483
35.53029766;34.03839297;10394.47;6.8045;25;45;90;200;1000;2.429
35.53490346;34.04655691;10394.47;6.1777;25;45;90;200;1000;2.31
35.53951015;34.05472067;10394.47;3.1629;25;45;90;200;1000;2.297
35.54411773;34.06288424;10394.47;1.4921;25;45;90;200;1000;2.391
35.54872619;34.07104763;10394.47;2.1564;25;45;90;200;1000;2.501
35.55333554;34.07921084;10394.47;3.2125;25;45;90;200;1000;2.796
35.55794578;34.08737386;10394.47;3.9145;25;45;90;200;1000;3.035
35.56255691;34.0955367;10394.47;1.9181;25;45;90;200;1000;3.327
35.56716892;34.10369936;10394.47;1.3349;25;45;90;200;1000;3.569
35.57178182;34.11186184;10394.47;1.785;25;45;90;200;1000;3.768
35.57639562;34.12002413;10394.47;2.2859;25;45;90;200;1000;4.096
35.5810103;34.12818623;10394.47;2.3774;25;45;90;200;1000;4.468
35.58562588;34.13634816;10394.47;2.7691;25;45;90;200;1000;4.84
35.59024234;34.1445099;10394.47;0.41124;25;45;90;200;1000;5.104
35.5948597;34.15267145;10394.47;2.4862;25;45;90;200;1000;5.424
35.59947794;34.16083282;10394.47;3.4346;25;45;90;200;1000;5.699
35.60409708;34.16899401;10394.47;2.8103;25;45;90;200;1000;5.965
35.60871711;34.17715502;10394.47;2.3099;25;45;90;200;1000;6.204
35.61333804;34.18531584;10394.47;2.703;25;45;90;200;1000;6.427
35.61795985;34.19347647;10394.47;2.5842;25;45;90;200;1000;6.551
35.62258257;34.20163692;10394.47;2.5189;25;45;90;200;1000;6.851
35.62720617;34.20979719;10394.47;2.0323;25;45;90;200;1000;7.079
35.63183067;34.21795727;10394.47;1.2975;25;45;90;200;1000;7.245
35.63645606;34.22611717;10394.47;2.5637;25;45;90;200;1000;7.469
35.64108235;34.23427688;10394.47;3.1267;25;45;90;200;1000;7.751
35.64570954;34.24243641;10394.47;2.9339;25;45;90;200;1000;8.096
35.65033762;34.25059575;10394.47;3.1042;25;45;90;200;1000;8.362
35.6549666;34.25875491;10394.47;2.9355;25;45;90;200;1000;8.749
35.65959648;34.26691388;10394.47;3.9619;25;45;90;200;1000;9.105
35.66422725;34.27507267;10394.47;3.6048;25;45;90;200;1000;9.383
35.66885892;34.28323127;10394.47;3.5429;25;45;90;200;1000;9.667
35.67349149;34.29138969;10394.47;2.6353;25;45;90;200;1000;9.968
35.67812496;34.29954792;10394.47;2.5012;25;45;90;200;1000;10.156
35.68275933;34.30770597;10394.47;1.2872;25;45;90;200;1000;10.383
35.68739459;34.31586383;10394.47;1.9272;25;45;90;200;1000;10.587
35.69203076;34.3240215;10394.47;1.7472;25;45;90;200;1000;10.867
35.69666783;34.33217899;10394.47;1.9378;25;45;90;200;1000;11.139
35.7013058;34.34033629;10394.47;1.8535;25;45;90;200;1000;11.377
35.70594467;34.34849341;10394.47;0.42791;25;45;90;200;1000;11.632
35.71058444;34.35665034;10394.47;1.3299;25;45;90;200;1000;11.883
35.71522512;34.36480709;10394.47;1.2463;25;45;90;200;1000;12.146
35.71986669;34.37296365;10394.47;1.0968;25;45;90;200;1000;12.456
35.72450917;34.38112002;10394.47;0;25;45;90;200;1000;12.83
35.72915256;34.38927621;10394.47;0;25;45;90;200;1000;13.213
35.73379684;34.39743221;10394.47;0;25;45;90;200;1000;13.639
35.73844203;34.40558802;10394.47;0;25;45;90;200;1000;13.916
35.74308813;34.41374365;10394.47;0;25;45;90;200;1000;14.25
35.74773513;34.42189909;10394.47;0;25;45;90;200;1000;14.596
35.75238304;34.43005434;10394.47;0;25;45;90;200;1000;14.947
35.75703185;34.43820941;10394.47;0;25;45;90;200;1000;15.251
35.76168158;34.44636429;10394.47;0;25;45;90;200;1000;15.57
35.7663322;34.45451898;10394.47;0;25;45;90;200;1000;15.723
35.77098374;34.46267348;10394.47;0;25;45;90;200;1000;15.873
35.77563618;34.4708278;10394.47;0;25;45;90;200;1000;16.109
35.78028953;34.47898193;10394.47;0;25;45;90;200;1000;16.369
35.78494379;34.48713587;10394.47;0;25;45;90;200;1000;16.742
35.78959896;34.49528963;10394.47;0;25;45;90;200;1000;16.813
35.79425504;34.5034432;10394.47;0;25;45;90;200;1000;16.836
35.79891202;34.51159658;10394.47;0;25;45;90;200;1000;17.037
35.80356992;34.51974977;10394.47;0;25;45;90;200;1000;17.133
35.80822873;34.52790277;10394.47;0;25;45;90;200;1000;17.311
35.81288845;34.53605559;10394.47;0;25;45;90;200;1000;17.516
35.35731183;33.72748868;10535.891;0;25;45;90;200;1000;10.949
35.3618844;33.7356595;10535.891;1.5935;25;45;90;200;1000;10.684
35.36645785;33.74383015;10535.891;3.7522;25;45;90;200;1000;10.444
35.37103217;33.75200061;10535.891;3.7252;25;45;90;200;1000;10.186
35.37560736;33.76017089;10535.891;3.3767;25;45;90;200;1000;9.979
35.38018342;33.768341;10535.891;3.5367;25;45;90;200;1000;9.767
35.38476035;33.77651092;10535.891;2.8245;25;45;90;200;1000;9.573
35.38933815;33.78468067;10535.891;4.1418;25;45;90;200;1000;9.337
35.39391683;33.79285023;10535.891;5.3181;25;45;90;200;1000;9.14
35.39849638;33.80101961;10535.891;4.6995;25;45;90;200;1000;8.95
35.4030768;33.80918882;10535.891;4.729;25;45;90;200;1000;8.743
35.4076581;33.81735784;10535.891;4.8901;25;45;90;200;1000;8.5
35.41224027;33.82552668;10535.891;3.8167;25;45;90;200;1000;8.24
35.41682332;33.83369535;10535.891;5.1036;25;45;90;200;1000;8.011
35.42140724;33.84186383;10535.891;5.3337;25;45;90;200;1000;7.788
35.42599203;33.85003213;10535.891;5.6687;25;45;90;200;1000;7.606
35.43057771;33.85820025;10535.891;4.8306;25;45;90;200;1000;7.343
35.43516426;33.86636819;10535.891;4.49;25;45;90;200;1000;7.074
35.43975168;33.87453595;10535.891;5.3274;25;45;90;200;1000;6.845
35.44433999;33.88270353;10535.891;6.9973;25;45;90;200;1000;6.638
35.44892917;33.89087092;10535.891;6.1821;25;45;90;200;1000;6.472
35.45351923;33.89903814;10535.891;5.0191;25;45;90;200;1000;6.154
35.45811016;33.90720517;10535.891;3.8491;25;45;90;200;1000;5.909
35.46270198;33.91537202;10535.891;3.1326;25;45;90;200;1000;5.719
35.46729468;33.9235387;10535.891;3.1307;25;45;90;200;1000;5.441
35.47188825;33.93170519;10535.891;3.363;25;45;90;200;1000;5.194
35.47648271;33.93987149;10535.891;3.4326;25;45;90;200;1000;4.912
35.48107805;33.94803762;10535.891;4.7016;25;45;90;200;1000;4.691
35.48567426;33.95620356;10535.891;3.7613;25;45;90;200;1000;4.411
35.49027136;33.96436933;10535.891;4.4282;25;45;90;200;1000;4.075
35.49486934;33.97253491;10535.891;4.3866;25;45;90;200;1000;3.862
35.49946821;33.98070031;10535.891;3.3448;25;45;90;200;1000;3.731
35.50406795;33.98886552;10535.891;6.9847;25;45;90;200;1000;3.557
35.50866858;33.99703056;10535.891;8.1849;25;45;90;200;1000;3.371
35.51327009;34.00519541;10535.891;10.795;25;45;90;200;1000;3.111
35.51787249;34.01336008;10535.891;11.185;25;45;90;200;1000;2.94
35.52247577;34.02152457;10535.891;9.3814;25;45;90;200;1000;2.79
35.52707994;34.02968887;10535.891;7.8405;25;45;90;200;1000;2.564
35.53168499;34.03785299;10535.891;7.1268;25;45;90;200;1000;2.498
35.53629093;34.04601693;10535.891;5.8588;25;45;90;200;1000;2.387
35.54089775;34.05418069;10535.891;3.013;25;45;90;200;1000;2.406
35.54550546;34.06234426;10535.891;1.4573;25;45;90;200;1000;2.459
35.55011405;34.07050766;10535.891;2.1774;25;45;90;200;1000;2.562
35.55472354;34.07867086;10535.891;3.1038;25;45;90;200;1000;2.859
35.55933391;34.08683389;10535.891;3.6364;25;45;90;200;1000;3.122
35.56394517;34.09499673;10535.891;1.6958;25;45;90;200;1000;3.35
35.56855732;34.10315939;10535.891;0.96564;25;45;90;200;1000;3.627
35.57317035;34.11132186;10535.891;1.5849;25;45;90;200;1000;3.811
35.57778428;34.11948415;10535.891;2.3216;25;45;90;200;1000;4.171
35.5823991;34.12764626;10535.891;2.3251;25;45;90;200;1000;4.522
35.5870148;34.13580818;10535.891;2.6058;25;45;90;200;1000;4.948
35.5916314;34.14396992;10535.891;0.5682;25;45;90;200;1000;5.194
35.59624889;34.15213148;10535.891;2.2531;25;45;90;200;1000;5.518
35.60086727;34.16029285;10535.891;3.4152;25;45;90;200;1000;5.786
35.60548654;34.16845404;10535.891;2.7361;25;45;90;200;1000;6.022
35.61010671;34.17661504;10535.891;2.2826;25;45;90;200;1000;6.293
35.61472777;34.18477586;10535.891;2.6915;25;45;90;200;1000;6.484
35.61934972;34.1929365;10535.891;2.5726;25;45;90;200;1000;6.612
35.62397256;34.20109695;10535.891;2.4986;25;45;90;200;1000;6.88
35.6285963;34.20925722;10535.891;2.2529;25;45;90;200;1000;7.146
35.63322094;34.2174173;10535.891;1.496;25;45;90;200;1000;7.297
35.63784646;34.2255772;10535.891;2.2088;25;45;90;200;1000;7.531
35.64247289;34.23373691;10535.891;2.9584;25;45;90;200;1000;7.783
35.64710021;34.24189644;10535.891;2.7035;25;45;90;200;1000;8.106
35.65172842;34.25005578;10535.891;3.0695;25;45;90;200;1000;8.448
35.65635754;34.25821494;10535.891;2.7942;25;45;90;200;1000;8.758
35.66098755;34.26637391;10535.891;3.8091;25;45;90;200;1000;9.034
35.66561845;34.2745327;10535.891;3.5698;25;45;90;200;1000;9.328
35.67025026;34.28269131;10535.891;3.3116;25;45;90;200;1000;9.645
35.67488296;34.29084972;10535.891;2.9238;25;45;90;200;1000;10.02
35.67951657;34.29900796;10535.891;2.5325;25;45;90;200;1000;10.196
35.68415107;34.307166;10535.891;1.3208;25;45;90;200;1000;10.453
35.68878647;34.31532386;10535.891;1.5941;25;45;90;200;1000;10.647
35.69342277;34.32348154;10535.891;1.2198;25;45;90;200;1000;10.911
35.69805997;34.33163903;10535.891;1.6217;25;45;90;200;1000;11.17
35.70269808;34.33979633;10535.891;1.3899;25;45;90;200;1000;11.394
35.70733708;34.34795345;10535.891;0.60047;25;45;90;200;1000;11.649
35.71197699;34.35611038;10535.891;1.3585;25;45;90;200;1000;11.907
35.7166178;34.36426713;10535.891;1.4808;25;45;90;200;1000;12.161
35.72125951;34.37242369;10535.891;1.2225;25;45;90;200;1000;12.466
35.72590212;34.38058006;10535.891;0;25;45;90;200;1000;12.838
35.73054564;34.38873625;10535.891;0;25;45;90;200;1000;13.212
35.73519007;34.39689225;10535.891;0;25;45;90;200;1000;13.571
35.73983539;34.40504806;10535.891;0;25;45;90;200;1000;13.866
35.74448162;34.41320369;10535.891;0;25;45;90;200;1000;14.219
35.74912876;34.42135913;10535.891;0;25;45;90;200;1000;14.598
35.7537768;34.42951438;10535.891;0;25;45;90;200;1000;14.954
35.75842575;34.43766945;10535.891;0;25;45;90;200;1000;15.298
35.76307561;34.44582433;10535.891;0;25;45;90;200;1000;15.585
35.76772637;34.45397902;10535.891;0;25;45;90;200;1000;15.785
35.77237804;34.46213352;10535.891;0;25;45;90;200;1000;15.906
35.77703062;34.47028784;10535.891;0;25;45;90;200;1000;16.127
35.7816841;34.47844197;10535.891;0;25;45;90;200;1000;16.386
35.7863385;34.48659592;10535.891;0;25;45;90;200;1000;16.75
35.7909938;34.49474967;10535.891;0;25;45;90;200;1000;16.867
35.79565002;34.50290324;10535.891;0;25;45;90;200;1000;16.906
35.80030714;34.51105662;10535.891;0;25;45;90;200;1000;17.068
35.80496518;34.51920981;10535.891;0;25;45;90;200;1000;17.192
35.80962412;34.52736282;10535.891;0;25;45;90;200;1000;17.357
35.81428398;34.53551563;10535.891;0;25;45;90;200;1000;17.565
35.35869413;33.72694868;10677.312;0;25;45;90;200;1000;10.986
35.36326684;33.7351195;10677.312;1.7014;25;45;90;200;1000;10.728
35.36784042;33.74329014;10677.312;3.647;25;45;90;200;1000;10.466
35.37241487;33.75146061;10677.312;3.3906;25;45;90;200;1000;10.214
35.37699019;33.75963089;10677.312;3.1941;25;45;90;200;1000;10
35.38156638;33.76780099;10677.312;3.3665;25;45;90;200;1000;9.802
35.38614344;33.77597092;10677.312;3.0473;25;45;90;200;1000;9.584
35.39072138;33.78414066;10677.312;4.1485;25;45;90;200;1000;9.353
35.39530018;33.79231023;10677.312;5.3851;25;45;90;200;1000;9.164
35.39987987;33.80047961;10677.312;4.5026;25;45;90;200;1000;8.976
35.40446042;33.80864882;10677.312;4.6348;25;45;90;200;1000;8.764
35.40904185;33.81681784;10677.312;4.7745;25;45;90;200;1000;8.525
35.41362415;33.82498668;10677.312;3.881;25;45;90;200;1000;8.26
35.41820733;33.83315535;10677.312;5.1082;25;45;90;200;1000;8.032
35.42279138;33.84132383;10677.312;5.2886;25;45;90;200;1000;7.811
35.42737631;33.84949213;10677.312;5.5976;25;45;90;200;1000;7.648
35.43196212;33.85766025;10677.312;4.9758;25;45;90;200;1000;7.412
35.4365488;33.86582819;10677.312;4.6328;25;45;90;200;1000;7.147
35.44113635;33.87399595;10677.312;5.2896;25;45;90;200;1000;6.906
35.44572479;33.88216353;10677.312;6.7473;25;45;90;200;1000;6.7
35.4503141;33.89033092;10677.312;5.9124;25;45;90;200;1000;6.521
35.45490429;33.89849814;10677.312;5.2683;25;45;90;200;1000;6.237
35.45949536;33.90666517;10677.312;3.6229;25;45;90;200;1000;5.972
35.46408731;33.91483203;10677.312;3.208;25;45;90;200;1000;5.757
35.46868014;33.9229987;10677.312;3.0936;25;45;90;200;1000;5.466
35.47327385;33.93116519;10677.312;2.7539;25;45;90;200;1000;5.196
35.47786844;33.9393315;10677.312;3.4745;25;45;90;200;1000;4.944
35.4824639;33.94749762;10677.312;4.2756;25;45;90;200;1000;4.754
35.48706025;33.95566357;10677.312;3.6812;25;45;90;200;1000;4.455
35.49165749;33.96382933;10677.312;4.5748;25;45;90;200;1000;4.174
35.4962556;33.97199491;10677.312;3.8321;25;45;90;200;1000;3.934
35.50085459;33.98016031;10677.312;2.8848;25;45;90;200;1000;3.829
35.50545447;33.98832553;10677.312;6.7307;25;45;90;200;1000;3.644
35.51005523;33.99649056;10677.312;7.7417;25;45;90;200;1000;3.511
35.51465688;34.00465542;10677.312;10.708;25;45;90;200;1000;3.183
35.51925941;34.01282009;10677.312;11.022;25;45;90;200;1000;3.091
35.52386282;34.02098457;10677.312;10.024;25;45;90;200;1000;2.879
35.52846712;34.02914888;10677.312;7.916;25;45;90;200;1000;2.638
35.5330723;34.037313;10677.312;7.1957;25;45;90;200;1000;2.601
35.53767837;34.04547694;10677.312;5.3662;25;45;90;200;1000;2.51
35.54228533;34.0536407;10677.312;3.1729;25;45;90;200;1000;2.511
35.54689317;34.06180427;10677.312;1.4135;25;45;90;200;1000;2.526
35.5515019;34.06996766;10677.312;2.5114;25;45;90;200;1000;2.623
35.55611152;34.07813087;10677.312;2.7456;25;45;90;200;1000;2.882
35.56072202;34.0862939;10677.312;3.4048;25;45;90;200;1000;3.202
35.56533341;34.09445674;10677.312;1.6635;25;45;90;200;1000;3.39
35.5699457;34.1026194;10677.312;0.59498;25;45;90;200;1000;3.696
35.57455887;34.11078187;10677.312;1.6322;25;45;90;200;1000;3.879
35.57917293;34.11894416;10677.312;2.3226;25;45;90;200;1000;4.215
35.58378788;34.12710627;10677.312;2.2078;25;45;90;200;1000;4.666
35.58840372;34.1352682;10677.312;2.3911;25;45;90;200;1000;5.005
35.59302045;34.14342994;10677.312;0.74512;25;45;90;200;1000;5.301
35.59763807;34.15159149;10677.312;2.0054;25;45;90;200;1000;5.64
35.60225658;34.15975287;10677.312;3.2955;25;45;90;200;1000;5.885
35.60687599;34.16791405;10677.312;2.8729;25;45;90;200;1000;6.132
35.61149629;34.17607506;10677.312;2.2498;25;45;90;200;1000;6.387
35.61611748;34.18423588;10677.312;2.6437;25;45;90;200;1000;6.539
35.62073956;34.19239651;10677.312;2.5223;25;45;90;200;1000;6.685
35.62536254;34.20055697;10677.312;2.4496;25;45;90;200;1000;6.94
35.62998642;34.20871723;10677.312;2.3895;25;45;90;200;1000;7.196
35.63461118;34.21687732;10677.312;1.3752;25;45;90;200;1000;7.369
35.63923685;34.22503721;10677.312;2.2447;25;45;90;200;1000;7.557
35.6438634;34.23319693;10677.312;2.7678;25;45;90;200;1000;7.803
35.64849086;34.24135646;10677.312;2.4913;25;45;90;200;1000;8.082
35.65311921;34.2495158;10677.312;2.9772;25;45;90;200;1000;8.407
35.65774845;34.25767496;10677.312;2.7226;25;45;90;200;1000;8.694
35.6623786;34.26583393;10677.312;3.4566;25;45;90;200;1000;8.965
35.66700964;34.27399272;10677.312;3.5456;25;45;90;200;1000;9.273
35.67164158;34.28215132;10677.312;3.1519;25;45;90;200;1000;9.63
35.67627442;34.29030974;10677.312;2.8847;25;45;90;200;1000;10.036
35.68090815;34.29846797;10677.312;2.7011;25;45;90;200;1000;10.252
35.68554279;34.30662602;10677.312;1.7231;25;45;90;200;1000;10.503
35.69017833;34.31478388;10677.312;0.65811;25;45;90;200;1000;10.693
35.69481476;34.32294156;10677.312;1.0609;25;45;90;200;1000;10.952
35.6994521;34.33109905;10677.312;0.9525;25;45;90;200;1000;11.195
35.70409034;34.33925635;10677.312;0.82051;25;45;90;200;1000;11.412
35.70872948;34.34741347;10677.312;0.64141;25;45;90;200;1000;11.649
35.71336952;34.3555704;10677.312;1.46;25;45;90;200;1000;11.91
35.71801046;34.36372715;10677.312;1.6614;25;45;90;200;1000;12.179
35.72265231;34.37188371;10677.312;1.4121;25;45;90;200;1000;12.503
35.72729506;34.38004008;10677.312;0;25;45;90;200;1000;12.848
35.73193871;34.38819627;10677.312;0;25;45;90;200;1000;13.17
35.73658327;34.39635227;10677.312;0;25;45;90;200;1000;13.493
35.74122873;34.40450808;10677.312;0;25;45;90;200;1000;13.83
35.7458751;34.41266371;10677.312;0;25;45;90;200;1000;14.207
35.75052237;34.42081915;10677.312;0;25;45;90;200;1000;14.557
35.75517055;34.4289744;10677.312;0;25;45;90;200;1000;14.999
35.75981963;34.43712947;10677.312;0;25;45;90;200;1000;15.289
35.76446962;34.44528435;10677.312;0;25;45;90;200;1000;15.563
35.76912052;34.45343904;10677.312;0;25;45;90;200;1000;15.737
35.77377233;34.46159355;10677.312;0;25;45;90;200;1000;15.924
35.77842504;34.46974787;10677.312;0;25;45;90;200;1000;16.127
35.78307866;34.477902;10677.312;0;25;45;90;200;1000;16.392
35.78773319;34.48605594;10677.312;0;25;45;90;200;1000;16.706
35.79238863;34.4942097;10677.312;0;25;45;90;200;1000;16.919
35.79704498;34.50236327;10677.312;0;25;45;90;200;1000;16.964
35.80170224;34.51051665;10677.312;0;25;45;90;200;1000;17.123
35.80636041;34.51866984;10677.312;0;25;45;90;200;1000;17.276
35.81101949;34.52682285;10677.312;0;25;45;90;200;1000;17.44
35.81567948;34.53497566;10677.312;0;25;45;90;200;1000;17.63
35.36007643;33.72640865;10818.734;0;25;45;90;200;1000;11.006
35.36464927;33.73457948;10818.734;1.7399;25;45;90;200;1000;10.747
35.36922297;33.74275012;10818.734;3.6191;25;45;90;200;1000;10.48
35.37379755;33.75092059;10818.734;3.4044;25;45;90;200;1000;10.255
35.378373;33.75909087;10818.734;2.9046;25;45;90;200;1000;10.038
35.38294933;33.76726097;10818.734;3.0736;25;45;90;200;1000;9.832
35.38752652;33.7754309;10818.734;3.0734;25;45;90;200;1000;9.608
35.39210459;33.78360064;10818.734;4.085;25;45;90;200;1000;9.383
35.39668352;33.79177021;10818.734;5.376;25;45;90;200;1000;9.192
35.40126334;33.79993959;10818.734;4.1347;25;45;90;200;1000;9.002
35.40584402;33.8081088;10818.734;4.5152;25;45;90;200;1000;8.803
35.41042558;33.81627782;10818.734;4.1085;25;45;90;200;1000;8.537
35.41500802;33.82444667;10818.734;3.9268;25;45;90;200;1000;8.287
35.41959133;33.83261533;10818.734;5.1425;25;45;90;200;1000;8.046
35.42417551;33.84078381;10818.734;5.0765;25;45;90;200;1000;7.856
35.42876057;33.84895211;10818.734;5.4151;25;45;90;200;1000;7.678
35.43334651;33.85712023;10818.734;4.9235;25;45;90;200;1000;7.467
35.43793332;33.86528817;10818.734;4.5211;25;45;90;200;1000;7.248
35.44252101;33.87345593;10818.734;5.3966;25;45;90;200;1000;6.983
35.44710958;33.88162351;10818.734;6.3862;25;45;90;200;1000;6.777
35.45169902;33.88979091;10818.734;5.7287;25;45;90;200;1000;6.542
35.45628934;33.89795812;10818.734;4.8658;25;45;90;200;1000;6.292
35.46088054;33.90612516;10818.734;3.6235;25;45;90;200;1000;6.023
35.46547263;33.91429201;10818.734;3.1585;25;45;90;200;1000;5.782
35.47006559;33.92245868;10818.734;2.7457;25;45;90;200;1000;5.485
35.47465943;33.93062518;10818.734;2.5371;25;45;90;200;1000;5.211
35.47925415;33.93879148;10818.734;2.9507;25;45;90;200;1000;5.011
35.48384975;33.94695761;10818.734;3.9891;25;45;90;200;1000;4.814
35.48844623;33.95512356;10818.734;3.4518;25;45;90;200;1000;4.526
35.49304359;33.96328932;10818.734;4.4086;25;45;90;200;1000;4.261
35.49764184;33.9714549;10818.734;3.3575;25;45;90;200;1000;4.011
35.50224097;33.9796203;10818.734;2.8632;25;45;90;200;1000;3.912
35.50684098;33.98778552;10818.734;6.2432;25;45;90;200;1000;3.735
35.51144187;33.99595055;10818.734;7.6227;25;45;90;200;1000;3.576
35.51604365;34.00411541;10818.734;10.258;25;45;90;200;1000;3.249
35.52064631;34.01228008;10818.734;10.676;25;45;90;200;1000;3.18
35.52524986;34.02044457;10818.734;10.18;25;45;90;200;1000;2.962
35.52985429;34.02860887;10818.734;7.7623;25;45;90;200;1000;2.735
35.5344596;34.03677299;10818.734;7.1944;25;45;90;200;1000;2.752
35.53906581;34.04493693;10818.734;5.0465;25;45;90;200;1000;2.656
35.54367289;34.05310069;10818.734;3.4435;25;45;90;200;1000;2.614
35.54828087;34.06126427;10818.734;1.36;25;45;90;200;1000;2.6
35.55288973;34.06942766;10818.734;2.644;25;45;90;200;1000;2.695
35.55749948;34.07759087;10818.734;2.1608;25;45;90;200;1000;2.961
35.56211012;34.08575389;10818.734;2.8796;25;45;90;200;1000;3.272
35.56672164;34.09391673;10818.734;1.4737;25;45;90;200;1000;3.499
35.57133406;34.10207939;10818.734;0.65467;25;45;90;200;1000;3.733
35.57594736;34.11024187;10818.734;1.7992;25;45;90;200;1000;3.99
35.58056155;34.11840416;10818.734;2.3824;25;45;90;200;1000;4.347
35.58517664;34.12656627;10818.734;2.1176;25;45;90;200;1000;4.739
35.58979261;34.13472819;10818.734;1.9263;25;45;90;200;1000;5.101
35.59440948;34.14288993;10818.734;0.83898;25;45;90;200;1000;5.392
35.59902723;34.15105149;10818.734;1.8008;25;45;90;200;1000;5.682
35.60364588;34.15921286;10818.734;2.9918;25;45;90;200;1000;5.966
35.60826542;34.16737405;10818.734;2.8877;25;45;90;200;1000;6.184
35.61288585;34.17553506;10818.734;2.5865;25;45;90;200;1000;6.468
35.61750717;34.18369588;10818.734;2.555;25;45;90;200;1000;6.601
35.62212939;34.19185651;10818.734;2.4274;25;45;90;200;1000;6.753
35.62675251;34.20001697;10818.734;2.37;25;45;90;200;1000;6.973
35.63137651;34.20817723;10818.734;2.2972;25;45;90;200;1000;7.22
35.63600141;34.21633732;10818.734;1.0691;25;45;90;200;1000;7.415
35.64062721;34.22449721;10818.734;2.0591;25;45;90;200;1000;7.604
35.6452539;34.23265693;10818.734;2.9042;25;45;90;200;1000;7.827
35.64988149;34.24081646;10818.734;2.4681;25;45;90;200;1000;8.093
35.65450997;34.2489758;10818.734;2.7703;25;45;90;200;1000;8.39
35.65913935;34.25713496;10818.734;2.5253;25;45;90;200;1000;8.662
35.66376963;34.26529393;10818.734;3.1967;25;45;90;200;1000;8.946
35.66840081;34.27345272;10818.734;3.6214;25;45;90;200;1000;9.249
35.67303288;34.28161133;10818.734;2.9105;25;45;90;200;1000;9.619
35.67766585;34.28976974;10818.734;2.4718;25;45;90;200;1000;10.027
35.68229972;34.29792798;10818.734;2.4866;25;45;90;200;1000;10.33
35.6869345;34.30608602;10818.734;1.7818;25;45;90;200;1000;10.571
35.69157017;34.31424389;10818.734;0.37447;25;45;90;200;1000;10.76
35.69620674;34.32240156;10818.734;0.93022;25;45;90;200;1000;11.019
35.70084421;34.33055905;10818.734;0.96443;25;45;90;200;1000;11.237
35.70548258;34.33871636;10818.734;0.43982;25;45;90;200;1000;11.436
35.71012185;34.34687348;10818.734;0.60047;25;45;90;200;1000;11.659
35.71476203;34.35503041;10818.734;1.7007;25;45;90;200;1000;11.907
35.71940311;34.36318715;10818.734;1.9096;25;45;90;200;1000;12.21
35.72404509;34.37134371;10818.734;1.428;25;45;90;200;1000;12.519
35.72868797;34.37950009;10818.734;0;25;45;90;200;1000;12.854
35.73333176;34.38765628;10818.734;0;25;45;90;200;1000;13.132
35.73797646;34.39581228;10818.734;0;25;45;90;200;1000;13.472
35.74262205;34.40396809;10818.734;0;25;45;90;200;1000;13.797
35.74726855;34.41212372;10818.734;0;25;45;90;200;1000;14.178
35.75191596;34.42027916;10818.734;0;25;45;90;200;1000;14.538
35.75656427;34.42843441;10818.734;0;25;45;90;200;1000;14.9
35.76121349;34.43658948;10818.734;0;25;45;90;200;1000;15.21
35.76586362;34.44474436;10818.734;0;25;45;90;200;1000;15.472
35.77051465;34.45289905;10818.734;0;25;45;90;200;1000;15.673
35.77516659;34.46105356;10818.734;0;25;45;90;200;1000;15.865
35.77981944;34.46920788;10818.734;0;25;45;90;200;1000;16.108
35.7844732;34.47736201;10818.734;0;25;45;90;200;1000;16.375
35.78912786;34.48551595;10818.734;0;25;45;90;200;1000;16.675
35.79378344;34.49366971;10818.734;0;25;45;90;200;1000;16.851
35.79843992;34.50182328;10818.734;0;25;45;90;200;1000;17.026
35.80309732;34.50997666;10818.734;0;25;45;90;200;1000;17.147
35.80775563;34.51812985;10818.734;0;25;45;90;200;1000;17.35
35.81241484;34.52628286;10818.734;0;25;45;90;200;1000;17.497
35.81707497;34.53443568;10818.734;0;25;45;90;200;1000;17.695
35.3614587;33.72586862;10960.155;0;25;45;90;200;1000;11.035
35.36603167;33.73403944;10960.155;1.4633;25;45;90;200;1000;10.763
35.37060551;33.74221008;10960.155;3.9887;25;45;90;200;1000;10.51
35.37518022;33.75038055;10960.155;3.3725;25;45;90;200;1000;10.285
35.3797558;33.75855083;10960.155;2.1854;25;45;90;200;1000;10.062
35.38433225;33.76672094;10960.155;3.0141;25;45;90;200;1000;9.866
35.38890958;33.77489086;10960.155;2.9456;25;45;90;200;1000;9.629
35.39348778;33.78306061;10960.155;3.7878;25;45;90;200;1000;9.412
35.39806685;33.79123017;10960.155;5.0957;25;45;90;200;1000;9.234
35.40264679;33.79939956;10960.155;3.5698;25;45;90;200;1000;9.058
35.40722761;33.80756876;10960.155;4.274;25;45;90;200;1000;8.835
35.4118093;33.81573779;10960.155;3.7314;25;45;90;200;1000;8.549
35.41639186;33.82390663;10960.155;3.98;25;45;90;200;1000;8.294
35.4209753;33.8320753;10960.155;5.0856;25;45;90;200;1000;8.077
35.42555962;33.84024378;10960.155;4.9525;25;45;90;200;1000;7.9
35.43014481;33.84841208;10960.155;5.0282;25;45;90;200;1000;7.705
35.43473088;33.8565802;10960.155;4.4175;25;45;90;200;1000;7.547
35.43931782;33.86474814;10960.155;4.4174;25;45;90;200;1000;7.338
35.44390565;33.8729159;10960.155;5.18;25;45;90;200;1000;7.057
35.44849434;33.88108348;10960.155;5.7907;25;45;90;200;1000;6.839
35.45308392;33.88925088;10960.155;5.4559;25;45;90;200;1000;6.561
35.45767438;33.89741809;10960.155;4.3743;25;45;90;200;1000;6.311
35.46226571;33.90558513;10960.155;3.3002;25;45;90;200;1000;6.064
35.46685792;33.91375198;10960.155;2.9101;25;45;90;200;1000;5.789
35.47145101;33.92191866;10960.155;2.3184;25;45;90;200;1000;5.518
35.47604498;33.93008515;10960.155;2.5043;25;45;90;200;1000;5.275
35.48063984;33.93825146;10960.155;2.4211;25;45;90;200;1000;5.084
35.48523557;33.94641758;10960.155;3.5506;25;45;90;200;1000;4.899
35.48983218;33.95458353;10960.155;3.483;25;45;90;200;1000;4.609
35.49442968;33.96274929;10960.155;4.2908;25;45;90;200;1000;4.337
35.49902806;33.97091488;10960.155;2.6569;25;45;90;200;1000;4.095
35.50362732;33.97908027;10960.155;2.7941;25;45;90;200;1000;3.977
35.50822746;33.98724549;10960.155;6.0367;25;45;90;200;1000;3.819
35.51282849;33.99541053;10960.155;7.3236;25;45;90;200;1000;3.61
35.5174304;34.00357538;10960.155;10.166;25;45;90;200;1000;3.313
35.52203319;34.01174005;10960.155;10.362;25;45;90;200;1000;3.279
35.52663687;34.01990454;10960.155;9.9824;25;45;90;200;1000;3.029
35.53124143;34.02806885;10960.155;7.9513;25;45;90;200;1000;2.826
35.53584688;34.03623297;10960.155;7.0876;25;45;90;200;1000;2.858
35.54045322;34.04439691;10960.155;4.7633;25;45;90;200;1000;2.815
35.54506044;34.05256067;10960.155;3.3667;25;45;90;200;1000;2.706
35.54966855;34.06072424;10960.155;1.5421;25;45;90;200;1000;2.684
35.55427754;34.06888763;10960.155;2.4488;25;45;90;200;1000;2.766
35.55888742;34.07705084;10960.155;1.9655;25;45;90;200;1000;3.005
35.5634982;34.08521387;10960.155;2.1178;25;45;90;200;1000;3.361
35.56810985;34.09337671;10960.155;1.0902;25;45;90;200;1000;3.614
35.5727224;34.10153937;10960.155;0.78498;25;45;90;200;1000;3.829
35.57733584;34.10970185;10960.155;1.8281;25;45;90;200;1000;4.076
35.58195016;34.11786414;10960.155;2.5202;25;45;90;200;1000;4.394
35.58656538;34.12602625;10960.155;2.1465;25;45;90;200;1000;4.787
35.59118149;34.13418817;10960.155;1.5745;25;45;90;200;1000;5.175
35.59579849;34.14234991;10960.155;0.71609;25;45;90;200;1000;5.526
35.60041637;34.15051147;10960.155;1.7985;25;45;90;200;1000;5.862
35.60503515;34.15867284;10960.155;2.9402;25;45;90;200;1000;6.09
35.60965483;34.16683403;10960.155;2.7521;25;45;90;200;1000;6.283
35.61427539;34.17499504;10960.155;3.2668;25;45;90;200;1000;6.551
35.61889685;34.18315586;10960.155;2.5339;25;45;90;200;1000;6.665
35.6235192;34.1913165;10960.155;2.2489;25;45;90;200;1000;6.81
35.62814245;34.19947695;10960.155;2.4939;25;45;90;200;1000;7.026
35.63276659;34.20763722;10960.155;2.0001;25;45;90;200;1000;7.255
35.63739162;34.2157973;10960.155;0.96679;25;45;90;200;1000;7.455
35.64201755;34.2239572;10960.155;1.6193;25;45;90;200;1000;7.672
35.64664438;34.23211691;10960.155;3.1163;25;45;90;200;1000;7.876
35.6512721;34.24027644;10960.155;2.4766;25;45;90;200;1000;8.146
35.65590072;34.24843579;10960.155;2.4175;25;45;90;200;1000;8.405
35.66053024;34.25659495;10960.155;2.2882;25;45;90;200;1000;8.668
35.66516065;34.26475392;10960.155;2.9865;25;45;90;200;1000;8.937
35.66979196;34.27291271;10960.155;3.5013;25;45;90;200;1000;9.232
35.67442417;34.28107131;10960.155;2.7063;25;45;90;200;1000;9.583
35.67905727;34.28922973;10960.155;2.0834;25;45;90;200;1000;9.938
35.68369128;34.29738796;10960.155;2.3215;25;45;90;200;1000;10.254
35.68832618;34.30554601;10960.155;1.438;25;45;90;200;1000;10.603
35.69296199;34.31370387;10960.155;0.43452;25;45;90;200;1000;10.817
35.69759869;34.32186155;10960.155;0.91457;25;45;90;200;1000;11.053
35.7022363;34.33001904;10960.155;0.83662;25;45;90;200;1000;11.289
35.70687481;34.33817635;10960.155;0.1752;25;45;90;200;1000;11.49
35.71151421;34.34633346;10960.155;0.59165;25;45;90;200;1000;11.691
35.71615453;34.3544904;10960.155;1.7161;25;45;90;200;1000;11.92
35.72079574;34.36264714;10960.155;2.0852;25;45;90;200;1000;12.228
35.72543785;34.3708037;10960.155;1.5098;25;45;90;200;1000;12.546
35.73008087;34.37896008;10960.155;0.10687;25;45;90;200;1000;12.827
35.7347248;34.38711627;10960.155;0;25;45;90;200;1000;13.114
35.73936962;34.39527227;10960.155;0;25;45;90;200;1000;13.422
35.74401536;34.40342808;10960.155;0;25;45;90;200;1000;13.778
35.74866199;34.41158371;10960.155;0;25;45;90;200;1000;14.138
35.75330953;34.41973915;10960.155;0;25;45;90;200;1000;14.505
35.75795798;34.42789441;10960.155;0;25;45;90;200;1000;14.849
35.76260734;34.43604947;10960.155;0;25;45;90;200;1000;15.153
35.7672576;34.44420435;10960.155;0;25;45;90;200;1000;15.413
35.77190877;34.45235905;10960.155;0;25;45;90;200;1000;15.637
35.77656084;34.46051355;10960.155;0;25;45;90;200;1000;15.824
35.78121383;34.46866787;10960.155;0;25;45;90;200;1000;16.069
35.78586772;34.47682201;10960.155;0;25;45;90;200;1000;16.389
35.79052252;34.48497595;10960.155;0;25;45;90;200;1000;16.608
35.79517823;34.49312971;10960.155;0;25;45;90;200;1000;16.815
35.79983485;34.50128328;10960.155;0;25;45;90;200;1000;17.064
35.80449238;34.50943666;10960.155;0;25;45;90;200;1000;17.205
35.80915082;34.51758985;10960.155;0;25;45;90;200;1000;17.405
35.81381018;34.52574286;10960.155;0;25;45;90;200;1000;17.523
35.81847044;34.53389567;10960.155;0;25;45;90;200;1000;17.747
35.36284096;33.72532856;11101.576;0;25;45;90;200;1000;11.066
35.36741406;33.73349939;11101.576;0.89492;25;45;90;200;1000;10.832
35.37198803;33.74167003;11101.576;3.9762;25;45;90;200;1000;10.548
35.37656287;33.7498405;11101.576;3.2935;25;45;90;200;1000;10.312
35.38113858;33.75801078;11101.576;2.2166;25;45;90;200;1000;10.103
35.38571517;33.76618089;11101.576;3.0209;25;45;90;200;1000;9.904
35.39029262;33.77435081;11101.576;2.8429;25;45;90;200;1000;9.696
35.39487095;33.78252056;11101.576;3.2348;25;45;90;200;1000;9.466
35.39945015;33.79069012;11101.576;4.5724;25;45;90;200;1000;9.256
35.40403023;33.79885951;11101.576;2.8984;25;45;90;200;1000;9.082
35.40861118;33.80702871;11101.576;3.8556;25;45;90;200;1000;8.857
35.413193;33.81519774;11101.576;3.4815;25;45;90;200;1000;8.568
35.41777569;33.82336658;11101.576;3.78;25;45;90;200;1000;8.308
35.42235927;33.83153525;11101.576;4.8726;25;45;90;200;1000;8.113
35.42694371;33.83970373;11101.576;4.6682;25;45;90;200;1000;7.957
35.43152904;33.84787203;11101.576;4.6487;25;45;90;200;1000;7.75
35.43611524;33.85604015;11101.576;3.888;25;45;90;200;1000;7.577
35.44070231;33.8642081;11101.576;4.2929;25;45;90;200;1000;7.393
35.44529026;33.87237586;11101.576;4.6617;25;45;90;200;1000;7.08
35.4498791;33.88054343;11101.576;5.6255;25;45;90;200;1000;6.862
35.4544688;33.88871083;11101.576;5.1247;25;45;90;200;1000;6.582
35.45905939;33.89687805;11101.576;3.8461;25;45;90;200;1000;6.32
35.46365086;33.90504508;11101.576;2.6876;25;45;90;200;1000;6.08
35.4682432;33.91321194;11101.576;2.7725;25;45;90;200;1000;5.806
35.47283642;33.92137861;11101.576;1.9774;25;45;90;200;1000;5.561
35.47743053;33.9295451;11101.576;2.244;25;45;90;200;1000;5.346
35.48202551;33.93771141;11101.576;1.278;25;45;90;200;1000;5.195
35.48662138;33.94587754;11101.576;2.7249;25;45;90;200;1000;4.955
35.49121812;33.95404349;11101.576;3.2981;25;45;90;200;1000;4.628
35.49581575;33.96220925;11101.576;3.9545;25;45;90;200;1000;4.407
35.50041426;33.97037483;11101.576;2.6271;25;45;90;200;1000;4.165
35.50501365;33.97854023;11101.576;2.6755;25;45;90;200;1000;4.04
35.50961393;33.98670545;11101.576;5.7184;25;45;90;200;1000;3.894
35.51421509;33.99487049;11101.576;7.0802;25;45;90;200;1000;3.631
35.51881713;34.00303534;11101.576;9.8496;25;45;90;200;1000;3.381
35.52342006;34.01120001;11101.576;9.9979;25;45;90;200;1000;3.364
35.52802387;34.0193645;11101.576;9.9293;25;45;90;200;1000;3.112
35.53262856;34.02752881;11101.576;8.0145;25;45;90;200;1000;2.928
35.53723415;34.03569293;11101.576;7.0271;25;45;90;200;1000;3.014
35.54184061;34.04385687;11101.576;4.6393;25;45;90;200;1000;2.949
35.54644797;34.05202063;11101.576;2.8319;25;45;90;200;1000;2.829
35.55105621;34.0601842;11101.576;1.8358;25;45;90;200;1000;2.776
35.55566534;34.0683476;11101.576;2.7072;25;45;90;200;1000;2.838
35.56027535;34.07651081;11101.576;1.5117;25;45;90;200;1000;3.029
35.56488626;34.08467383;11101.576;1.6681;25;45;90;200;1000;3.448
35.56949805;34.09283667;11101.576;0.60536;25;45;90;200;1000;3.73
35.57411073;34.10099933;11101.576;0.46506;25;45;90;200;1000;3.891
35.5787243;34.10916181;11101.576;1.8775;25;45;90;200;1000;4.134
35.58333876;34.1173241;11101.576;2.4567;25;45;90;200;1000;4.416
35.58795411;34.12548621;11101.576;1.9984;25;45;90;200;1000;4.808
35.59257035;34.13364814;11101.576;1.3329;25;45;90;200;1000;5.282
35.59718748;34.14180988;11101.576;0.65076;25;45;90;200;1000;5.639
35.6018055;34.14997144;11101.576;1.6735;25;45;90;200;1000;5.909
35.60642441;34.15813281;11101.576;2.818;25;45;90;200;1000;6.273
35.61104422;34.166294;11101.576;2.4862;25;45;90;200;1000;6.339
35.61566492;34.174455;11101.576;3.9793;25;45;90;200;1000;6.612
35.62028651;34.18261583;11101.576;2.4629;25;45;90;200;1000;6.785
35.624909;34.19077646;11101.576;2.1763;25;45;90;200;1000;6.883
35.62953238;34.19893692;11101.576;2.7637;25;45;90;200;1000;7.075
35.63415665;34.20709718;11101.576;1.7113;25;45;90;200;1000;7.3
35.63878182;34.21525727;11101.576;1.0691;25;45;90;200;1000;7.516
35.64340788;34.22341717;11101.576;1.5492;25;45;90;200;1000;7.744
35.64803484;34.23157688;11101.576;2.9651;25;45;90;200;1000;7.944
35.6526627;34.23973641;11101.576;2.5286;25;45;90;200;1000;8.211
35.65729145;34.24789576;11101.576;2.4218;25;45;90;200;1000;8.444
35.6619211;34.25605491;11101.576;2.0691;25;45;90;200;1000;8.686
35.66655165;34.26421389;11101.576;2.5914;25;45;90;200;1000;8.948
35.67118309;34.27237268;11101.576;3.5513;25;45;90;200;1000;9.244
35.67581543;34.28053128;11101.576;2.4387;25;45;90;200;1000;9.57
35.68044867;34.2886897;11101.576;1.7428;25;45;90;200;1000;9.901
35.68508281;34.29684794;11101.576;2.1328;25;45;90;200;1000;10.224
35.68971785;34.30500598;11101.576;1.1259;25;45;90;200;1000;10.62
35.69435379;34.31316385;11101.576;0.328;25;45;90;200;1000;10.887
35.69899063;34.32132152;11101.576;0.46343;25;45;90;200;1000;11.078
35.70362837;34.32947901;11101.576;0.17593;25;45;90;200;1000;11.329
35.70826701;34.33763632;11101.576;0.33263;25;45;90;200;1000;11.555
35.71290656;34.34579344;11101.576;0.51266;25;45;90;200;1000;11.735
35.717547;34.35395037;11101.576;1.8118;25;45;90;200;1000;11.947
35.72218835;34.36210712;11101.576;2.1545;25;45;90;200;1000;12.245
35.7268306;34.37026368;11101.576;1.7814;25;45;90;200;1000;12.579
35.73147375;34.37842005;11101.576;0.39987;25;45;90;200;1000;12.832
35.73611781;34.38657624;11101.576;0;25;45;90;200;1000;13.127
35.74076277;34.39473224;11101.576;0;25;45;90;200;1000;13.433
35.74540864;34.40288806;11101.576;0;25;45;90;200;1000;13.808
35.75005541;34.41104369;11101.576;0;25;45;90;200;1000;14.151
35.75470309;34.41919913;11101.576;0;25;45;90;200;1000;14.513
35.75935167;34.42735438;11101.576;0;25;45;90;200;1000;14.802
35.76400116;34.43550945;11101.576;0;25;45;90;200;1000;15.126
35.76865156;34.44366433;11101.576;0;25;45;90;200;1000;15.393
35.77330286;34.45181903;11101.576;0;25;45;90;200;1000;15.585
35.77795507;34.45997353;11101.576;0;25;45;90;200;1000;15.789
35.78260819;34.46812785;11101.576;0;25;45;90;200;1000;16.034
35.78726222;34.47628198;11101.576;0;25;45;90;200;1000;16.309
35.79191716;34.48443593;11101.576;0;25;45;90;200;1000;16.536
35.796573;34.49258969;11101.576;0;25;45;90;200;1000;16.741
35.80122976;34.50074326;11101.576;0;25;45;90;200;1000;17.034
35.80588743;34.50889664;11101.576;0;25;45;90;200;1000;17.26
35.810546;34.51704983;11101.576;0;25;45;90;200;1000;17.447
35.81520549;34.52520284;11101.576;0;25;45;90;200;1000;17.588
35.81986589;34.53335566;11101.576;0;25;45;90;200;1000;17.807
35.3642232;33.7247885;11242.998;0;25;45;90;200;1000;11.112
35.36879643;33.73295932;11242.998;0.68377;25;45;90;200;1000;10.883
35.37337053;33.74112997;11242.998;3.991;25;45;90;200;1000;10.6
35.3779455;33.74930043;11242.998;3.1578;25;45;90;200;1000;10.354
35.38252135;33.75747072;11242.998;2.2983;25;45;90;200;1000;10.156
35.38709806;33.76564082;11242.998;3.0827;25;45;90;200;1000;9.943
35.39167565;33.77381075;11242.998;2.6309;25;45;90;200;1000;9.723
35.39625411;33.78198049;11242.998;2.8065;25;45;90;200;1000;9.501
35.40083344;33.79015006;11242.998;4.1729;25;45;90;200;1000;9.292
35.40541365;33.79831944;11242.998;2.6028;25;45;90;200;1000;9.119
35.40999473;33.80648865;11242.998;3.3259;25;45;90;200;1000;8.887
35.41457668;33.81465767;11242.998;3.7137;25;45;90;200;1000;8.608
35.41915951;33.82282652;11242.998;3.5831;25;45;90;200;1000;8.364
35.42374321;33.83099518;11242.998;4.8566;25;45;90;200;1000;8.154
35.42832779;33.83916367;11242.998;4.3942;25;45;90;200;1000;8.008
35.43291324;33.84733197;11242.998;4.2827;25;45;90;200;1000;7.803
35.43749957;33.85550009;11242.998;3.4875;25;45;90;200;1000;7.597
35.44208678;33.86366803;11242.998;3.849;25;45;90;200;1000;7.405
35.44667487;33.87183579;11242.998;4.4689;25;45;90;200;1000;7.111
35.45126383;33.88000337;11242.998;5.0775;25;45;90;200;1000;6.88
35.45585367;33.88817077;11242.998;4.5651;25;45;90;200;1000;6.621
35.46044439;33.89633799;11242.998;3.2002;25;45;90;200;1000;6.339
35.46503598;33.90450502;11242.998;2.2707;25;45;90;200;1000;6.1
35.46962846;33.91267188;11242.998;2.4911;25;45;90;200;1000;5.835
35.47422182;33.92083855;11242.998;1.8569;25;45;90;200;1000;5.638
35.47881605;33.92900504;11242.998;2.003;25;45;90;200;1000;5.414
35.48341117;33.93717135;11242.998;1.0359;25;45;90;200;1000;5.268
35.48800717;33.94533748;11242.998;2.2781;25;45;90;200;1000;4.989
35.49260404;33.95350343;11242.998;2.9837;25;45;90;200;1000;4.673
35.4972018;33.96166919;11242.998;3.2935;25;45;90;200;1000;4.447
35.50180045;33.96983477;11242.998;2.5515;25;45;90;200;1000;4.234
35.50639997;33.97800018;11242.998;2.4991;25;45;90;200;1000;4.112
35.51100038;33.98616539;11242.998;5.3872;25;45;90;200;1000;3.969
35.51560167;33.99433043;11242.998;6.7111;25;45;90;200;1000;3.664
35.52020385;34.00249528;11242.998;9.4653;25;45;90;200;1000;3.453
35.5248069;34.01065996;11242.998;9.4109;25;45;90;200;1000;3.484
35.52941085;34.01882444;11242.998;10.441;25;45;90;200;1000;3.179
35.53401568;34.02698875;11242.998;8.2601;25;45;90;200;1000;3.037
35.53862139;34.03515287;11242.998;6.9761;25;45;90;200;1000;3.161
35.54322799;34.04331682;11242.998;4.5992;25;45;90;200;1000;3.04
35.54783548;34.05148057;11242.998;1.918;25;45;90;200;1000;2.909
35.55244385;34.05964415;11242.998;1.9808;25;45;90;200;1000;2.96
35.55705311;34.06780754;11242.998;3.3703;25;45;90;200;1000;2.934
35.56166326;34.07597075;11242.998;1.5497;25;45;90;200;1000;3.13
35.5662743;34.08413378;11242.998;1.1054;25;45;90;200;1000;3.518
35.57088622;34.09229662;11242.998;0.33366;25;45;90;200;1000;3.816
35.57549904;34.10045928;11242.998;0.29047;25;45;90;200;1000;4.001
35.58011274;34.10862176;11242.998;1.9218;25;45;90;200;1000;4.239
35.58472733;34.11678405;11242.998;2.2482;25;45;90;200;1000;4.502
35.58934281;34.12494616;11242.998;1.8388;25;45;90;200;1000;4.908
35.59395919;34.13310809;11242.998;1.2172;25;45;90;200;1000;5.322
35.59857645;34.14126983;11242.998;0.44445;25;45;90;200;1000;5.691
35.60319461;34.14943138;11242.998;1.4052;25;45;90;200;1000;5.995
35.60781366;34.15759276;11242.998;2.411;25;45;90;200;1000;6.35
35.6124336;34.16575395;11242.998;2.5921;25;45;90;200;1000;6.407
35.61705443;34.17391495;11242.998;4.1684;25;45;90;200;1000;6.71
35.62167615;34.18207578;11242.998;2.7881;25;45;90;200;1000;6.872
35.62629877;34.19023641;11242.998;2.2137;25;45;90;200;1000;6.968
35.63092229;34.19839687;11242.998;2.7448;25;45;90;200;1000;7.134
35.63554669;34.20655714;11242.998;1.6584;25;45;90;200;1000;7.348
35.640172;34.21471722;11242.998;1.3547;25;45;90;200;1000;7.61
35.64479819;34.22287712;11242.998;1.5797;25;45;90;200;1000;7.786
35.64942529;34.23103683;11242.998;2.703;25;45;90;200;1000;8.014
35.65405328;34.23919636;11242.998;2.782;25;45;90;200;1000;8.245
35.65868216;34.24735571;11242.998;2.2973;25;45;90;200;1000;8.461
35.66331195;34.25551487;11242.998;2.0642;25;45;90;200;1000;8.729
35.66794263;34.26367384;11242.998;2.3526;25;45;90;200;1000;8.972
35.6725742;34.27183263;11242.998;3.3756;25;45;90;200;1000;9.257
35.67720668;34.27999124;11242.998;2.0819;25;45;90;200;1000;9.579
35.68184006;34.28814966;11242.998;1.421;25;45;90;200;1000;9.91
35.68647433;34.29630789;11242.998;1.6694;25;45;90;200;1000;10.229
35.6911095;34.30446594;11242.998;0.97006;25;45;90;200;1000;10.596
35.69574558;34.3126238;11242.998;0.34497;25;45;90;200;1000;10.857
35.70038255;34.32078148;11242.998;0.4359;25;45;90;200;1000;11.156
35.70502043;34.32893897;11242.998;0.358;25;45;90;200;1000;11.392
35.7096592;34.33709628;11242.998;0.40957;25;45;90;200;1000;11.619
35.71429888;34.3452534;11242.998;0.26925;25;45;90;200;1000;11.796
35.71893946;34.35341033;11242.998;1.8128;25;45;90;200;1000;12.006
35.72358094;34.36156708;11242.998;2.1452;25;45;90;200;1000;12.309
35.72822333;34.36972364;11242.998;1.8418;25;45;90;200;1000;12.598
35.73286662;34.37788001;11242.998;0.53435;25;45;90;200;1000;12.848
35.73751081;34.3860362;11242.998;0;25;45;90;200;1000;13.144
35.74215591;34.3941922;11242.998;0;25;45;90;200;1000;13.491
35.74680191;34.40234802;11242.998;0;25;45;90;200;1000;13.837
35.75144881;34.41050365;11242.998;0;25;45;90;200;1000;14.181
35.75609663;34.41865909;11242.998;0;25;45;90;200;1000;14.505
35.76074535;34.42681434;11242.998;0;25;45;90;200;1000;14.792
35.76539497;34.43496941;11242.998;0;25;45;90;200;1000;15.106
35.7700455;34.44312429;11242.998;0;25;45;90;200;1000;15.329
35.77469694;34.45127899;11242.998;0;25;45;90;200;1000;15.531
35.77934929;34.45943349;11242.998;0;25;45;90;200;1000;15.75
35.78400254;34.46758781;11242.998;0;25;45;90;200;1000;16.013
35.78865671;34.47574195;11242.998;0;25;45;90;200;1000;16.248
35.79331178;34.48389589;11242.998;0;25;45;90;200;1000;16.479
35.79796776;34.49204965;11242.998;0;25;45;90;200;1000;16.7
35.80262465;34.50020322;11242.998;0;25;45;90;200;1000;17.012
35.80728245;34.5083566;11242.998;0;25;45;90;200;1000;17.315
35.81194117;34.5165098;11242.998;0;25;45;90;200;1000;17.475
35.81660079;34.5246628;11242.998;0;25;45;90;200;1000;17.635
35.82126133;34.53281562;11242.998;0;25;45;90;200;1000;17.877
35.36560542;33.72424841;11384.419;0;25;45;90;200;1000;11.167
35.37017878;33.73241924;11384.419;0.69207;25;45;90;200;1000;10.897
35.37475302;33.74058988;11384.419;3.7169;25;45;90;200;1000;10.619
35.37932812;33.74876035;11384.419;2.9274;25;45;90;200;1000;10.377
35.38390409;33.75693063;11384.419;2.273;25;45;90;200;1000;10.202
35.38848094;33.76510074;11384.419;3.1995;25;45;90;200;1000;9.968
35.39305866;33.77327067;11384.419;2.2329;25;45;90;200;1000;9.746
35.39763725;33.78144041;11384.419;2.6052;25;45;90;200;1000;9.534
35.40221671;33.78960998;11384.419;3.6011;25;45;90;200;1000;9.337
35.40679705;33.79777936;11384.419;2.2013;25;45;90;200;1000;9.178
35.41137826;33.80594857;11384.419;2.6205;25;45;90;200;1000;8.917
35.41596034;33.81411759;11384.419;3.6623;25;45;90;200;1000;8.659
35.4205433;33.82228644;11384.419;3.3436;25;45;90;200;1000;8.4
35.42512714;33.8304551;11384.419;4.8774;25;45;90;200;1000;8.198
35.42971185;33.83862359;11384.419;4.3975;25;45;90;200;1000;8.048
35.43429743;33.84679189;11384.419;3.6574;25;45;90;200;1000;7.838
35.4388839;33.85496001;11384.419;3.5671;25;45;90;200;1000;7.628
35.44347123;33.86312796;11384.419;3.4974;25;45;90;200;1000;7.417
35.44805945;33.87129572;11384.419;4.0801;25;45;90;200;1000;7.149
35.45264854;33.8794633;11384.419;4.8319;25;45;90;200;1000;6.907
35.45723852;33.88763069;11384.419;4.2464;25;45;90;200;1000;6.654
35.46182937;33.89579791;11384.419;2.882;25;45;90;200;1000;6.377
35.4664211;33.90396495;11384.419;2.2161;25;45;90;200;1000;6.152
35.4710137;33.9121318;11384.419;2.2191;25;45;90;200;1000;5.879
35.47560719;33.92029848;11384.419;1.5386;25;45;90;200;1000;5.683
35.48020156;33.92846497;11384.419;1.881;25;45;90;200;1000;5.489
35.48479681;33.93663128;11384.419;0.7514;25;45;90;200;1000;5.328
35.48939294;33.94479741;11384.419;1.7055;25;45;90;200;1000;5.015
35.49398995;33.95296335;11384.419;2.3549;25;45;90;200;1000;4.723
35.49858784;33.96112912;11384.419;3.0587;25;45;90;200;1000;4.525
35.50318661;33.9692947;11384.419;2.5952;25;45;90;200;1000;4.316
35.50778627;33.9774601;11384.419;2.3469;25;45;90;200;1000;4.174
35.51238681;33.98562532;11384.419;4.8798;25;45;90;200;1000;4.007
35.51698824;33.99379036;11384.419;5.9313;25;45;90;200;1000;3.695
35.52159054;34.00195521;11384.419;8.523;25;45;90;200;1000;3.534
35.52619373;34.01011988;11384.419;9.1639;25;45;90;200;1000;3.559
35.53079781;34.01828437;11384.419;10.844;25;45;90;200;1000;3.31
35.53540277;34.02644868;11384.419;8.404;25;45;90;200;1000;3.147
35.54000862;34.0346128;11384.419;6.7302;25;45;90;200;1000;3.289
35.54461535;34.04277675;11384.419;4.3995;25;45;90;200;1000;3.155
35.54922297;34.0509405;11384.419;1.3348;25;45;90;200;1000;3.019
35.55383148;34.05910408;11384.419;2.2902;25;45;90;200;1000;3.101
35.55844087;34.06726747;11384.419;3.4873;25;45;90;200;1000;3.022
35.56305115;34.07543068;11384.419;1.3773;25;45;90;200;1000;3.166
35.56766232;34.08359371;11384.419;1.202;25;45;90;200;1000;3.475
35.57227438;34.09175655;11384.419;0.23138;25;45;90;200;1000;3.827
35.57688733;34.09991921;11384.419;0.087965;25;45;90;200;1000;4.06
35.58150116;34.10808169;11384.419;1.588;25;45;90;200;1000;4.33
35.58611589;34.11624398;11384.419;1.6707;25;45;90;200;1000;4.559
35.5907315;34.12440609;11384.419;1.5534;25;45;90;200;1000;5.019
35.59534801;34.13256802;11384.419;1.4323;25;45;90;200;1000;5.412
35.59996541;34.14072976;11384.419;0.27078;25;45;90;200;1000;5.75
35.6045837;34.14889132;11384.419;1.1082;25;45;90;200;1000;6.032
35.60920288;34.15705269;11384.419;2.036;25;45;90;200;1000;6.365
35.61382295;34.16521388;11384.419;2.5672;25;45;90;200;1000;6.484
35.61844392;34.17337489;11384.419;4.0749;25;45;90;200;1000;6.834
35.62306578;34.18153571;11384.419;3.0525;25;45;90;200;1000;6.935
35.62768853;34.18969635;11384.419;2.3779;25;45;90;200;1000;7.048
35.63231218;34.1978568;11384.419;2.8467;25;45;90;200;1000;7.214
35.63693672;34.20601707;11384.419;1.8108;25;45;90;200;1000;7.415
35.64156215;34.21417716;11384.419;1.301;25;45;90;200;1000;7.677
35.64618849;34.22233706;11384.419;1.3522;25;45;90;200;1000;7.848
35.65081571;34.23049677;11384.419;2.6122;25;45;90;200;1000;8.059
35.65544384;34.2386563;11384.419;2.8534;25;45;90;200;1000;8.276
35.66007286;34.24681565;11384.419;2.135;25;45;90;200;1000;8.488
35.66470277;34.25497481;11384.419;2.0022;25;45;90;200;1000;8.756
35.66933359;34.26313378;11384.419;2.5557;25;45;90;200;1000;8.997
35.6739653;34.27129257;11384.419;3.0257;25;45;90;200;1000;9.284
35.67859791;34.27945118;11384.419;1.5626;25;45;90;200;1000;9.614
35.68323142;34.2876096;11384.419;1.1809;25;45;90;200;1000;9.949
35.68786583;34.29576783;11384.419;1.8623;25;45;90;200;1000;10.258
35.69250114;34.30392588;11384.419;0.81345;25;45;90;200;1000;10.526
35.69713735;34.31208374;11384.419;0.328;25;45;90;200;1000;10.817
35.70177445;34.32024142;11384.419;0.48927;25;45;90;200;1000;11.149
35.70641246;34.32839891;11384.419;0.71873;25;45;90;200;1000;11.489
35.71105137;34.33655622;11384.419;0.44945;25;45;90;200;1000;11.676
35.71569119;34.34471334;11384.419;0.24713;25;45;90;200;1000;11.857
35.7203319;34.35287027;11384.419;1.6843;25;45;90;200;1000;12.062
35.72497352;34.36102702;11384.419;2.2308;25;45;90;200;1000;12.354
35.72961604;34.36918358;11384.419;1.8061;25;45;90;200;1000;12.669
35.73425946;34.37733996;11384.419;0.62315;25;45;90;200;1000;12.879
35.73890379;34.38549614;11384.419;0;25;45;90;200;1000;13.158
35.74354902;34.39365215;11384.419;0;25;45;90;200;1000;13.5
35.74819516;34.40180796;11384.419;0;25;45;90;200;1000;13.839
35.7528422;34.40996359;11384.419;0;25;45;90;200;1000;14.188
35.75749015;34.41811903;11384.419;0;25;45;90;200;1000;14.487
35.762139;34.42627429;11384.419;0;25;45;90;200;1000;14.826
35.76678876;34.43442936;11384.419;0;25;45;90;200;1000;15.078
35.77143943;34.44258424;11384.419;0;25;45;90;200;1000;15.282
35.776091;34.45073893;11384.419;0;25;45;90;200;1000;15.508
35.78074348;34.45889344;11384.419;0;25;45;90;200;1000;15.733
35.78539687;34.46704776;11384.419;0;25;45;90;200;1000;15.981
35.79005117;34.47520189;11384.419;0;25;45;90;200;1000;16.209
35.79470638;34.48335584;11384.419;0;25;45;90;200;1000;16.443
35.7993625;34.4915096;11384.419;0;25;45;90;200;1000;16.688
35.80401952;34.49966317;11384.419;0;25;45;90;200;1000;17.01
35.80867746;34.50781655;11384.419;0;25;45;90;200;1000;17.322
35.81333631;34.51596974;11384.419;0;25;45;90;200;1000;17.523
35.81799607;34.52412275;11384.419;0;25;45;90;200;1000;17.67
35.82265674;34.53227557;11384.419;0;25;45;90;200;1000;17.898
35.36698763;33.72370831;11525.841;0;25;45;90;200;1000;11.197
35.37156112;33.73187914;11525.841;0.85897;25;45;90;200;1000;10.901
35.37613548;33.74004978;11525.841;3.584;25;45;90;200;1000;10.659
35.38071072;33.74822025;11525.841;2.7447;25;45;90;200;1000;10.398
35.38528682;33.75639054;11525.841;2.1866;25;45;90;200;1000;10.226
35.3898638;33.76456064;11525.841;3.188;25;45;90;200;1000;9.979
35.39444165;33.77273057;11525.841;2.2803;25;45;90;200;1000;9.774
35.39902037;33.78090031;11525.841;2.4599;25;45;90;200;1000;9.56
35.40359996;33.78906988;11525.841;2.585;25;45;90;200;1000;9.387
35.40818043;33.79723927;11525.841;1.4088;25;45;90;200;1000;9.246
35.41276177;33.80540847;11525.841;2.209;25;45;90;200;1000;8.985
35.41734399;33.8135775;11525.841;3.428;25;45;90;200;1000;8.698
35.42192708;33.82174634;11525.841;3.2567;25;45;90;200;1000;8.437
35.42651105;33.82991501;11525.841;4.6066;25;45;90;200;1000;8.263
35.43109589;33.83808349;11525.841;4.4066;25;45;90;200;1000;8.07
35.43568161;33.8462518;11525.841;3.7991;25;45;90;200;1000;7.899
35.4402682;33.85441992;11525.841;3.6277;25;45;90;200;1000;7.68
35.44485567;33.86258786;11525.841;2.585;25;45;90;200;1000;7.443
35.44944402;33.87075562;11525.841;3.7011;25;45;90;200;1000;7.171
35.45403324;33.8789232;11525.841;4.4273;25;45;90;200;1000;6.969
35.45862335;33.8870906;11525.841;4.0592;25;45;90;200;1000;6.678
35.46321433;33.89525782;11525.841;2.3862;25;45;90;200;1000;6.43
35.46780619;33.90342486;11525.841;2.1336;25;45;90;200;1000;6.206
35.47239893;33.91159171;11525.841;2.013;25;45;90;200;1000;5.951
35.47699255;33.91975838;11525.841;1.2135;25;45;90;200;1000;5.727
35.48158705;33.92792488;11525.841;1.2238;25;45;90;200;1000;5.559
35.48618243;33.93609119;11525.841;0.64425;25;45;90;200;1000;5.407
35.49077869;33.94425732;11525.841;1.528;25;45;90;200;1000;5.035
35.49537583;33.95242326;11525.841;2.3776;25;45;90;200;1000;4.779
35.49997386;33.96058903;11525.841;2.6395;25;45;90;200;1000;4.586
35.50457277;33.96875461;11525.841;2.6165;25;45;90;200;1000;4.387
35.50917255;33.97692001;11525.841;2.2483;25;45;90;200;1000;4.23
35.51377323;33.98508523;11525.841;4.1564;25;45;90;200;1000;4.024
35.51837478;33.99325027;11525.841;5.6513;25;45;90;200;1000;3.747
35.52297722;34.00141512;11525.841;8.1131;25;45;90;200;1000;3.6
35.52758055;34.0095798;11525.841;8.6793;25;45;90;200;1000;3.649
35.53218476;34.01774429;11525.841;10.557;25;45;90;200;1000;3.432
35.53678985;34.02590859;11525.841;8.3665;25;45;90;200;1000;3.294
35.54139583;34.03407272;11525.841;6.8274;25;45;90;200;1000;3.385
35.5460027;34.04223666;11525.841;4.0482;25;45;90;200;1000;3.228
35.55061045;34.05040042;11525.841;0.70284;25;45;90;200;1000;3.128
35.55521909;34.05856399;11525.841;2.2075;25;45;90;200;1000;3.25
35.55982861;34.06672739;11525.841;3.3916;25;45;90;200;1000;3.153
35.56443903;34.0748906;11525.841;1.2148;25;45;90;200;1000;3.233
35.56905033;34.08305362;11525.841;1.0689;25;45;90;200;1000;3.488
35.57366252;34.09121647;11525.841;0.29383;25;45;90;200;1000;3.837
35.5782756;34.09937913;11525.841;0.13841;25;45;90;200;1000;4.1
35.58288957;34.10754161;11525.841;1.3711;25;45;90;200;1000;4.426
35.58750443;34.1157039;11525.841;1.6677;25;45;90;200;1000;4.598
35.59212018;34.12386601;11525.841;1.19;25;45;90;200;1000;5.038
35.59673682;34.13202794;11525.841;1.5604;25;45;90;200;1000;5.453
35.60135435;34.14018968;11525.841;0.12733;25;45;90;200;1000;5.779
35.60597277;34.14835124;11525.841;0.80562;25;45;90;200;1000;6.107
35.61059208;34.15651261;11525.841;1.5899;25;45;90;200;1000;6.407
35.61521229;34.1646738;11525.841;2.528;25;45;90;200;1000;6.588
35.61983339;34.17283481;11525.841;3.851;25;45;90;200;1000;6.936
35.62445538;34.18099563;11525.841;3.0561;25;45;90;200;1000;7.005
35.62907827;34.18915627;11525.841;2.5045;25;45;90;200;1000;7.119
35.63370205;34.19731672;11525.841;2.8634;25;45;90;200;1000;7.309
35.63832673;34.20547699;11525.841;1.7618;25;45;90;200;1000;7.489
35.6429523;34.21363708;11525.841;1.332;25;45;90;200;1000;7.766
35.64757876;34.22179698;11525.841;1.3553;25;45;90;200;1000;7.92
35.65220612;34.22995669;11525.841;2.271;25;45;90;200;1000;8.109
35.65683438;34.23811622;11525.841;2.7766;25;45;90;200;1000;8.306
35.66146353;34.24627557;11525.841;2.0724;25;45;90;200;1000;8.524
35.66609358;34.25443473;11525.841;1.8718;25;45;90;200;1000;8.772
35.67072453;34.2625937;11525.841;2.4363;25;45;90;200;1000;9.016
35.67535638;34.27075249;11525.841;2.4127;25;45;90;200;1000;9.303
35.67998912;34.2789111;11525.841;0.74168;25;45;90;200;1000;9.637
35.68462277;34.28706952;11525.841;0.97125;25;45;90;200;1000;9.968
35.68925731;34.29522775;11525.841;1.8924;25;45;90;200;1000;10.265
35.69389275;34.3033858;11525.841;1.0567;25;45;90;200;1000;10.517
35.6985291;34.31154367;11525.841;0.47572;25;45;90;200;1000;10.791
35.70316634;34.31970134;11525.841;0.65786;25;45;90;200;1000;11.129
35.70780448;34.32785884;11525.841;1.0391;25;45;90;200;1000;11.494
35.71244353;34.33601614;11525.841;0.63096;25;45;90;200;1000;11.725
35.71708347;34.34417326;11525.841;0.16374;25;45;90;200;1000;11.901
35.72172432;34.3523302;11525.841;1.5413;25;45;90;200;1000;12.101
35.72636608;34.36048694;11525.841;2.1265;25;45;90;200;1000;12.417
35.73100873;34.36864351;11525.841;1.8093;25;45;90;200;1000;12.723
35.73565229;34.37679988;11525.841;0.6843;25;45;90;200;1000;12.942
35.74029675;34.38495607;11525.841;0;25;45;90;200;1000;13.182
35.74494212;34.39311207;11525.841;0;25;45;90;200;1000;13.525
35.74958839;34.40126789;11525.841;0;25;45;90;200;1000;13.844
35.75423557;34.40942352;11525.841;0;25;45;90;200;1000;14.132
35.75888365;34.41757896;11525.841;0;25;45;90;200;1000;14.495
35.76353264;34.42573422;11525.841;0;25;45;90;200;1000;14.851
35.76818253;34.43388929;11525.841;0;25;45;90;200;1000;15.036
35.77283333;34.44204417;11525.841;0;25;45;90;200;1000;15.248
35.77748504;34.45019886;11525.841;0;25;45;90;200;1000;15.453
35.78213766;34.45835337;11525.841;0;25;45;90;200;1000;15.701
35.78679119;34.46650769;11525.841;0;25;45;90;200;1000;15.941
35.79144562;34.47466183;11525.841;0;25;45;90;200;1000;16.144
35.79610096;34.48281577;11525.841;0;25;45;90;200;1000;16.41
35.80075722;34.49096953;11525.841;0;25;45;90;200;1000;16.681
35.80541438;34.4991231;11525.841;0;25;45;90;200;1000;17.065
35.81007245;34.50727648;11525.841;0;25;45;90;200;1000;17.296
35.81473144;34.51542968;11525.841;0;25;45;90;200;1000;17.56
35.81939133;34.52358268;11525.841;0;25;45;90;200;1000;17.741
35.82405214;34.5317355;11525.841;0;25;45;90;200;1000;17.952
35.36836982;33.7231682;11667.262;0;25;45;90;200;1000;11.199
35.37294344;33.73133902;11667.262;1.4201;25;45;90;200;1000;10.913
35.37751793;33.73950967;11667.262;3.1983;25;45;90;200;1000;10.672
35.3820933;33.74768014;11667.262;2.7319;25;45;90;200;1000;10.453
35.38666953;33.75585042;11667.262;1.9919;25;45;90;200;1000;10.249
35.39124664;33.76402053;11667.262;2.9255;25;45;90;200;1000;10.02
35.39582462;33.77219046;11667.262;2.4518;25;45;90;200;1000;9.817
35.40040347;33.7803602;11667.262;2.4206;25;45;90;200;1000;9.587
35.4049832;33.78852977;11667.262;2.3622;25;45;90;200;1000;9.457
35.4095638;33.79669916;11667.262;1.1423;25;45;90;200;1000;9.275
35.41414527;33.80486836;11667.262;1.633;25;45;90;200;1000;9.001
35.41872762;33.81303739;11667.262;2.8865;25;45;90;200;1000;8.736
35.42331084;33.82120623;11667.262;3.5532;25;45;90;200;1000;8.483
35.42789494;33.8293749;11667.262;3.9817;25;45;90;200;1000;8.31
35.43247991;33.83754338;11667.262;4.1418;25;45;90;200;1000;8.123
35.43706576;33.84571169;11667.262;3.7516;25;45;90;200;1000;7.968
35.44165249;33.85387981;11667.262;3.5721;25;45;90;200;1000;7.754
35.44624009;33.86204775;11667.262;2.6452;25;45;90;200;1000;7.462
35.45082857;33.87021551;11667.262;3.403;25;45;90;200;1000;7.225
35.45541793;33.87838309;11667.262;4.1657;25;45;90;200;1000;7.007
35.46000816;33.88655049;11667.262;3.7594;25;45;90;200;1000;6.71
35.46459927;33.89471771;11667.262;1.6934;25;45;90;200;1000;6.46
35.46919127;33.90288475;11667.262;2.016;25;45;90;200;1000;6.237
35.47378414;33.9110516;11667.262;1.8673;25;45;90;200;1000;6.05
35.47837789;33.91921828;11667.262;0.85921;25;45;90;200;1000;5.8
35.48297252;33.92738477;11667.262;0.66219;25;45;90;200;1000;5.672
35.48756803;33.93555108;11667.262;0.48074;25;45;90;200;1000;5.45
35.49216443;33.94371721;11667.262;1.242;25;45;90;200;1000;5.057
35.4967617;33.95188316;11667.262;2.3003;25;45;90;200;1000;4.843
35.50135986;33.96004892;11667.262;1.9947;25;45;90;200;1000;4.652
35.5059589;33.96821451;11667.262;2.4726;25;45;90;200;1000;4.454
35.51055882;33.97637991;11667.262;1.9581;25;45;90;200;1000;4.308
35.51515962;33.98454513;11667.262;3.7533;25;45;90;200;1000;4.05
35.51976131;33.99271016;11667.262;5.2076;25;45;90;200;1000;3.814
35.52436389;34.00087502;11667.262;7.7444;25;45;90;200;1000;3.688
35.52896734;34.00903969;11667.262;8.6665;25;45;90;200;1000;3.725
35.53357168;34.01720418;11667.262;10.245;25;45;90;200;1000;3.526
35.53817691;34.02536849;11667.262;8.1999;25;45;90;200;1000;3.439
35.54278302;34.03353261;11667.262;6.8958;25;45;90;200;1000;3.471
35.54739002;34.04169656;11667.262;3.5596;25;45;90;200;1000;3.303
35.55199791;34.04986032;11667.262;0.37419;25;45;90;200;1000;3.209
35.55660668;34.05802389;11667.262;1.9745;25;45;90;200;1000;3.378
35.56121634;34.06618729;11667.262;2.758;25;45;90;200;1000;3.305
35.56582688;34.0743505;11667.262;0.88316;25;45;90;200;1000;3.33
35.57043832;34.08251352;11667.262;0.65828;25;45;90;200;1000;3.572
35.57505064;34.09067637;11667.262;0.29383;25;45;90;200;1000;3.891
35.57966386;34.09883903;11667.262;0.37942;25;45;90;200;1000;4.168
35.58427796;34.10700151;11667.262;0.94862;25;45;90;200;1000;4.507
35.58889295;34.1151638;11667.262;1.6754;25;45;90;200;1000;4.695
35.59350883;34.12332591;11667.262;1.1948;25;45;90;200;1000;5.081
35.59812561;34.13148784;11667.262;1.5873;25;45;90;200;1000;5.611
35.60274327;34.13964958;11667.262;0.38006;25;45;90;200;1000;5.831
35.60736183;34.14781114;11667.262;0.57421;25;45;90;200;1000;6.203
35.61198127;34.15597251;11667.262;1.1765;25;45;90;200;1000;6.473
35.61660161;34.1641337;11667.262;2.3178;25;45;90;200;1000;6.674
35.62122285;34.17229471;11667.262;3.6839;25;45;90;200;1000;7.011
35.62584497;34.18045553;11667.262;2.7864;25;45;90;200;1000;7.09
35.63046799;34.18861617;11667.262;2.7002;25;45;90;200;1000;7.191
35.63509191;34.19677663;11667.262;2.9899;25;45;90;200;1000;7.394
35.63971672;34.2049369;11667.262;1.4402;25;45;90;200;1000;7.578
35.64434242;34.21309698;11667.262;1.2649;25;45;90;200;1000;7.841
35.64896902;34.22125688;11667.262;1.1401;25;45;90;200;1000;8.006
35.65359651;34.2294166;11667.262;1.6711;25;45;90;200;1000;8.165
35.6582249;34.23757613;11667.262;2.3272;25;45;90;200;1000;8.355
35.66285419;34.24573547;11667.262;1.9664;25;45;90;200;1000;8.563
35.66748438;34.25389464;11667.262;1.5927;25;45;90;200;1000;8.805
35.67211546;34.26205361;11667.262;2.0886;25;45;90;200;1000;9.059
35.67674744;34.2702124;11667.262;1.8653;25;45;90;200;1000;9.35
35.68138032;34.27837101;11667.262;0.21374;25;45;90;200;1000;9.655
35.6860141;34.28652943;11667.262;1.3184;25;45;90;200;1000;9.982
35.69064877;34.29468766;11667.262;2.0783;25;45;90;200;1000;10.275
35.69528435;34.30284571;11667.262;1.2339;25;45;90;200;1000;10.524
35.69992083;34.31100358;11667.262;0.68478;25;45;90;200;1000;10.796
35.70455821;34.31916125;11667.262;0.82028;25;45;90;200;1000;11.142
35.70919648;34.32731875;11667.262;1.1376;25;45;90;200;1000;11.513
35.71383566;34.33547605;11667.262;0.64939;25;45;90;200;1000;11.8
35.71847574;34.34363317;11667.262;0;25;45;90;200;1000;11.971
35.72311673;34.35179011;11667.262;1.4292;25;45;90;200;1000;12.191
35.72775862;34.35994686;11667.262;2.0566;25;45;90;200;1000;12.466
35.7324014;34.36810342;11667.262;1.5937;25;45;90;200;1000;12.754
35.7370451;34.37625979;11667.262;0.72482;25;45;90;200;1000;13.01
35.7416897;34.38441598;11667.262;0;25;45;90;200;1000;13.225
35.7463352;34.39257199;11667.262;0;25;45;90;200;1000;13.553
35.7509816;34.4007278;11667.262;0;25;45;90;200;1000;13.866
35.75562891;34.40888343;11667.262;0;25;45;90;200;1000;14.142
35.76027713;34.41703887;11667.262;0;25;45;90;200;1000;14.485
35.76492626;34.42519413;11667.262;0;25;45;90;200;1000;14.786
35.76957629;34.4333492;11667.262;0;25;45;90;200;1000;14.995
35.77422722;34.44150408;11667.262;0;25;45;90;200;1000;15.204
35.77887907;34.44965878;11667.262;0;25;45;90;200;1000;15.413
35.78353182;34.45781329;11667.262;0;25;45;90;200;1000;15.665
35.78818548;34.46596761;11667.262;0;25;45;90;200;1000;15.902
35.79284005;34.47412174;11667.262;0;25;45;90;200;1000;16.12
35.79749553;34.48227569;11667.262;0;25;45;90;200;1000;16.373
35.80215192;34.49042944;11667.262;0;25;45;90;200;1000;16.675
35.80680922;34.49858302;11667.262;0;25;45;90;200;1000;16.981
35.81146742;34.5067364;11667.262;0;25;45;90;200;1000;17.26
35.81612654;34.51488959;11667.262;0;25;45;90;200;1000;17.548
35.82078658;34.5230426;11667.262;0;25;45;90;200;1000;17.816
35.82544752;34.53119542;11667.262;0;25;45;90;200;1000;18.021
35.36975199;33.72262807;11808.683;0.15806;25;45;90;200;1000;11.218
35.37432574;33.73079889;11808.683;1.6273;25;45;90;200;1000;10.924
35.37890036;33.73896954;11808.683;2.9969;25;45;90;200;1000;10.693
35.38347586;33.74714001;11808.683;2.6305;25;45;90;200;1000;10.508
35.38805223;33.75531029;11808.683;1.8454;25;45;90;200;1000;10.278
35.39262947;33.7634804;11808.683;2.6243;25;45;90;200;1000;10.068
35.39720758;33.77165033;11808.683;2.5561;25;45;90;200;1000;9.886
35.40178656;33.77982007;11808.683;2.1664;25;45;90;200;1000;9.631
35.40636642;33.78798964;11808.683;1.8816;25;45;90;200;1000;9.536
35.41094715;33.79615903;11808.683;0.79482;25;45;90;200;1000;9.282
35.41552875;33.80432823;11808.683;1.4633;25;45;90;200;1000;9.02
35.42011123;33.81249726;11808.683;2.4;25;45;90;200;1000;8.781
35.42469458;33.82066611;11808.683;3.7183;25;45;90;200;1000;8.544
35.42927881;33.82883477;11808.683;3.3603;25;45;90;200;1000;8.389
35.43386392;33.83700326;11808.683;3.4892;25;45;90;200;1000;8.18
35.4384499;33.84517156;11808.683;3.5896;25;45;90;200;1000;8.005
35.44303676;33.85333968;11808.683;3.9677;25;45;90;200;1000;7.837
35.44762449;33.86150763;11808.683;2.586;25;45;90;200;1000;7.491
35.4522131;33.86967539;11808.683;2.851;25;45;90;200;1000;7.271
35.45680259;33.87784297;11808.683;3.8866;25;45;90;200;1000;7.027
35.46139296;33.88601037;11808.683;3.3538;25;45;90;200;1000;6.729
35.4659842;33.89417759;11808.683;1.5392;25;45;90;200;1000;6.511
35.47057633;33.90234462;11808.683;1.9742;25;45;90;200;1000;6.305
35.47516933;33.91051148;11808.683;1.5599;25;45;90;200;1000;6.106
35.47976321;33.91867815;11808.683;0.5139;25;45;90;200;1000;5.863
35.48435798;33.92684465;11808.683;0.42921;25;45;90;200;1000;5.729
35.48895362;33.93501096;11808.683;0.43052;25;45;90;200;1000;5.468
35.49355015;33.94317709;11808.683;1.2016;25;45;90;200;1000;5.11
35.49814755;33.95134304;11808.683;2.1664;25;45;90;200;1000;4.911
35.50274584;33.9595088;11808.683;1.6369;25;45;90;200;1000;4.698
35.50734501;33.96767439;11808.683;2.0853;25;45;90;200;1000;4.524
35.51194507;33.97583979;11808.683;1.6413;25;45;90;200;1000;4.381
35.51654601;33.98400501;11808.683;3.1773;25;45;90;200;1000;4.088
35.52114783;33.99217004;11808.683;4.7243;25;45;90;200;1000;3.893
35.52575053;34.0003349;11808.683;7.298;25;45;90;200;1000;3.786
35.53035412;34.00849957;11808.683;8.7844;25;45;90;200;1000;3.831
35.53495859;34.01666406;11808.683;9.6598;25;45;90;200;1000;3.612
35.53956395;34.02482837;11808.683;8.2264;25;45;90;200;1000;3.527
35.5441702;34.0329925;11808.683;6.7874;25;45;90;200;1000;3.549
35.54877733;34.04115644;11808.683;3.1716;25;45;90;200;1000;3.385
35.55338535;34.0493202;11808.683;0.83923;25;45;90;200;1000;3.298
35.55799425;34.05748378;11808.683;1.7513;25;45;90;200;1000;3.458
35.56260404;34.06564717;11808.683;2.3305;25;45;90;200;1000;3.378
35.56721472;34.07381038;11808.683;0.49078;25;45;90;200;1000;3.397
35.57182629;34.08197341;11808.683;0.60771;25;45;90;200;1000;3.663
35.57643875;34.09013625;11808.683;0.23138;25;45;90;200;1000;3.998
35.58105209;34.09829891;11808.683;0.55831;25;45;90;200;1000;4.28
35.58566633;34.10646139;11808.683;1.0462;25;45;90;200;1000;4.551
35.59028145;34.11462368;11808.683;1.8681;25;45;90;200;1000;4.762
35.59489747;34.1227858;11808.683;1.3974;25;45;90;200;1000;5.127
35.59951438;34.13094772;11808.683;1.4086;25;45;90;200;1000;5.573
35.60413217;34.13910947;11808.683;0.61129;25;45;90;200;1000;5.945
35.60875086;34.14727102;11808.683;0.37419;25;45;90;200;1000;6.298
35.61337044;34.1554324;11808.683;1.0261;25;45;90;200;1000;6.519
35.61799092;34.16359359;11808.683;2.1076;25;45;90;200;1000;6.733
35.62261228;34.1717546;11808.683;3.4976;25;45;90;200;1000;7.034
35.62723454;34.17991542;11808.683;2.7253;25;45;90;200;1000;7.16
35.6318577;34.18807606;11808.683;2.7405;25;45;90;200;1000;7.265
35.63648175;34.19623651;11808.683;2.8286;25;45;90;200;1000;7.457
35.64110669;34.20439678;11808.683;1.1216;25;45;90;200;1000;7.664
35.64573252;34.21255687;11808.683;1.2483;25;45;90;200;1000;7.87
35.65035926;34.22071677;11808.683;1.202;25;45;90;200;1000;8.091
35.65498689;34.22887649;11808.683;1.2239;25;45;90;200;1000;8.248
35.65961541;34.23703602;11808.683;2.1288;25;45;90;200;1000;8.406
35.66424483;34.24519536;11808.683;1.8159;25;45;90;200;1000;8.62
35.66887515;34.25335453;11808.683;1.4365;25;45;90;200;1000;8.864
35.67350637;34.2615135;11808.683;1.5767;25;45;90;200;1000;9.1
35.67813848;34.26967229;11808.683;1.7419;25;45;90;200;1000;9.41
35.6827715;34.2778309;11808.683;0.19993;25;45;90;200;1000;9.681
35.68740541;34.28598932;11808.683;1.5282;25;45;90;200;1000;10.01
35.69204022;34.29414755;11808.683;2.124;25;45;90;200;1000;10.314
35.69667593;34.3023056;11808.683;1.2259;25;45;90;200;1000;10.595
35.70131254;34.31046347;11808.683;0.99201;25;45;90;200;1000;10.84
35.70595005;34.31862115;11808.683;1.0488;25;45;90;200;1000;11.141
35.71058847;34.32677864;11808.683;1.0369;25;45;90;200;1000;11.474
35.71522778;34.33493595;11808.683;0.57854;25;45;90;200;1000;11.792
35.719868;34.34309307;11808.683;0;25;45;90;200;1000;12.054
35.72450912;34.35125;11808.683;1.1771;25;45;90;200;1000;12.273
35.72915114;34.35940675;11808.683;1.9042;25;45;90;200;1000;12.496
35.73379406;34.36756331;11808.683;1.3977;25;45;90;200;1000;12.778
35.73843789;34.37571969;11808.683;0.74808;25;45;90;200;1000;13.098
35.74308262;34.38387588;11808.683;0;25;45;90;200;1000;13.274
35.74772826;34.39203188;11808.683;0;25;45;90;200;1000;13.555
35.7523748;34.4001877;11808.683;0;25;45;90;200;1000;13.848
35.75702225;34.40834333;11808.683;0;25;45;90;200;1000;14.157
35.7616706;34.41649877;11808.683;0;25;45;90;200;1000;14.498
35.76631986;34.42465403;11808.683;0;25;45;90;200;1000;14.747
35.77097002;34.4328091;11808.683;0;25;45;90;200;1000;14.964
35.77562109;34.44096398;11808.683;0;25;45;90;200;1000;15.189
35.78027307;34.44911868;11808.683;0;25;45;90;200;1000;15.404
35.78492596;34.45727318;11808.683;0;25;45;90;200;1000;15.652
35.78957976;34.46542751;11808.683;0;25;45;90;200;1000;15.882
35.79423446;34.47358164;11808.683;0;25;45;90;200;1000;16.109
35.79889008;34.48173559;11808.683;0;25;45;90;200;1000;16.357
35.8035466;34.48988934;11808.683;0;25;45;90;200;1000;16.638
35.80820403;34.49804292;11808.683;0;25;45;90;200;1000;16.958
35.81286238;34.5061963;11808.683;0;25;45;90;200;1000;17.248
35.81752163;34.51434949;11808.683;0;25;45;90;200;1000;17.54
35.8221818;34.5225025;11808.683;0;25;45;90;200;1000;17.827
35.82684288;34.53065532;11808.683;0;25;45;90;200;1000;18.09
35.37113414;33.72208792;11950.105;0.38164;25;45;90;200;1000;11.241
35.37570802;33.73025875;11950.105;1.7855;25;45;90;200;1000;10.943
35.38028278;33.73842939;11950.105;2.5415;25;45;90;200;1000;10.728
35.38485841;33.74659986;11950.105;2.4545;25;45;90;200;1000;10.552
35.3894349;33.75477015;11950.105;1.7599;25;45;90;200;1000;10.309
35.39401227;33.76294026;11950.105;2.1293;25;45;90;200;1000;10.118
35.39859052;33.77111018;11950.105;2.5222;25;45;90;200;1000;9.948
35.40316963;33.77927993;11950.105;1.7859;25;45;90;200;1000;9.691
35.40774962;33.7874495;11950.105;1.7059;25;45;90;200;1000;9.599
35.41233048;33.79561889;11950.105;0.65127;25;45;90;200;1000;9.292
35.41691222;33.80378809;11950.105;1.1535;25;45;90;200;1000;9.04
35.42149483;33.81195712;11950.105;1.3931;25;45;90;200;1000;8.799
35.42607831;33.82012596;11950.105;3.422;25;45;90;200;1000;8.61
35.43066267;33.82829463;11950.105;2.4633;25;45;90;200;1000;8.459
35.43524791;33.83646312;11950.105;3.4;25;45;90;200;1000;8.212
35.43983402;33.84463142;11950.105;3.4347;25;45;90;200;1000;8.044
35.44442101;33.85279954;11950.105;3.9941;25;45;90;200;1000;7.868
35.44900887;33.86096749;11950.105;2.3581;25;45;90;200;1000;7.545
35.45359761;33.86913525;11950.105;2.382;25;45;90;200;1000;7.309
35.45818724;33.87730283;11950.105;3.6967;25;45;90;200;1000;7.012
35.46277773;33.88547023;11950.105;3.0875;25;45;90;200;1000;6.753
35.46736911;33.89363745;11950.105;1.5054;25;45;90;200;1000;6.577
35.47196137;33.90180449;11950.105;1.7642;25;45;90;200;1000;6.364
35.4765545;33.90997134;11950.105;1.4243;25;45;90;200;1000;6.125
35.48114852;33.91813802;11950.105;0.45997;25;45;90;200;1000;5.957
35.48574341;33.92630451;11950.105;0.19814;25;45;90;200;1000;5.823
35.49033919;33.93447082;11950.105;0.48257;25;45;90;200;1000;5.553
35.49493585;33.94263695;11950.105;0.98166;25;45;90;200;1000;5.216
35.49953339;33.9508029;11950.105;1.995;25;45;90;200;1000;4.977
35.50413181;33.95896867;11950.105;1.6444;25;45;90;200;1000;4.734
35.50873111;33.96713425;11950.105;1.9585;25;45;90;200;1000;4.602
35.5133313;33.97529965;11950.105;1.1375;25;45;90;200;1000;4.451
35.51793237;33.98346487;11950.105;2.3254;25;45;90;200;1000;4.166
35.52253432;33.99162991;11950.105;4.0933;25;45;90;200;1000;3.982
35.52713716;33.99979477;11950.105;6.9382;25;45;90;200;1000;3.899
35.53174088;34.00795944;11950.105;8.5122;25;45;90;200;1000;3.915
35.53634549;34.01612393;11950.105;9.0499;25;45;90;200;1000;3.69
35.54095098;34.02428824;11950.105;8.0371;25;45;90;200;1000;3.611
35.54555736;34.03245236;11950.105;6.6202;25;45;90;200;1000;3.627
35.55016462;34.04061631;11950.105;2.7181;25;45;90;200;1000;3.462
35.55477277;34.04878007;11950.105;1.0861;25;45;90;200;1000;3.373
35.55938181;34.05694364;11950.105;1.27;25;45;90;200;1000;3.536
35.56399173;34.06510704;11950.105;1.847;25;45;90;200;1000;3.457
35.56860254;34.07327025;11950.105;0.45525;25;45;90;200;1000;3.471
35.57321425;34.08143328;11950.105;0.80192;25;45;90;200;1000;3.711
35.57782684;34.08959612;11950.105;0.20522;25;45;90;200;1000;4.079
35.58244031;34.09775878;11950.105;0.65717;25;45;90;200;1000;4.377
35.58705468;34.10592126;11950.105;1.2467;25;45;90;200;1000;4.62
35.59166994;34.11408355;11950.105;1.8902;25;45;90;200;1000;4.836
35.59628609;34.12224567;11950.105;1.6748;25;45;90;200;1000;5.206
35.60090313;34.13040759;11950.105;1.6705;25;45;90;200;1000;5.561
35.60552106;34.13856934;11950.105;0.70254;25;45;90;200;1000;6.113
35.61013988;34.1467309;11950.105;0.28854;25;45;90;200;1000;6.412
35.6147596;34.15489227;11950.105;0.83595;25;45;90;200;1000;6.631
35.6193802;34.16305346;11950.105;2.066;25;45;90;200;1000;6.848
35.6240017;34.17121447;11950.105;2.8993;25;45;90;200;1000;7.12
35.6286241;34.17937529;11950.105;2.6904;25;45;90;200;1000;7.222
35.63324738;34.18753593;11950.105;2.8047;25;45;90;200;1000;7.33
35.63787157;34.19569639;11950.105;2.6085;25;45;90;200;1000;7.51
35.64249664;34.20385666;11950.105;0.55186;25;45;90;200;1000;7.71
35.64712261;34.21201674;11950.105;1.1637;25;45;90;200;1000;7.892
35.65174948;34.22017664;11950.105;1.1954;25;45;90;200;1000;8.171
35.65637724;34.22833636;11950.105;1.3276;25;45;90;200;1000;8.332
35.6610059;34.23649589;11950.105;1.8103;25;45;90;200;1000;8.46
35.66563546;34.24465524;11950.105;1.6121;25;45;90;200;1000;8.652
35.67026591;34.2528144;11950.105;1.281;25;45;90;200;1000;8.944
35.67489726;34.26097338;11950.105;1.4226;25;45;90;200;1000;9.196
35.67952951;34.26913217;11950.105;1.205;25;45;90;200;1000;9.444
35.68416266;34.27729077;11950.105;0.31157;25;45;90;200;1000;9.722
35.6887967;34.2854492;11950.105;1.7586;25;45;90;200;1000;10.077
35.69343165;34.29360743;11950.105;2.1101;25;45;90;200;1000;10.365
35.69806749;34.30176548;11950.105;1.073;25;45;90;200;1000;10.668
35.70270424;34.30992334;11950.105;1.2384;25;45;90;200;1000;10.873
35.70734189;34.31808102;11950.105;1.0553;25;45;90;200;1000;11.149
35.71198043;34.32623852;11950.105;0.72245;25;45;90;200;1000;11.44
35.71661988;34.33439582;11950.105;0.33263;25;45;90;200;1000;11.753
35.72126023;34.34255294;11950.105;0;25;45;90;200;1000;12.132
35.72590148;34.35070988;11950.105;1.1749;25;45;90;200;1000;12.37
35.73054364;34.35886663;11950.105;1.6675;25;45;90;200;1000;12.586
35.7351867;34.36702319;11950.105;1.3807;25;45;90;200;1000;12.831
35.73983066;34.37517957;11950.105;0.75568;25;45;90;200;1000;13.088
35.74447553;34.38333576;11950.105;0;25;45;90;200;1000;13.316
35.7491213;34.39149176;11950.105;0;25;45;90;200;1000;13.571
35.75376798;34.39964758;11950.105;0;25;45;90;200;1000;13.857
35.75841556;34.40780321;11950.105;0;25;45;90;200;1000;14.165
35.76306405;34.41595865;11950.105;0;25;45;90;200;1000;14.453
35.76771344;34.42411391;11950.105;0;25;45;90;200;1000;14.705
35.77236374;34.43226898;11950.105;0;25;45;90;200;1000;14.948
35.77701495;34.44042386;11950.105;0;25;45;90;200;1000;15.18
35.78166706;34.44857856;11950.105;0;25;45;90;200;1000;15.405
35.78632009;34.45673307;11950.105;0;25;45;90;200;1000;15.634
35.79097402;34.46488739;11950.105;0;25;45;90;200;1000;15.873
35.79562886;34.47304152;11950.105;0;25;45;90;200;1000;16.095
35.80028461;34.48119547;11950.105;0;25;45;90;200;1000;16.343
35.80494127;34.48934923;11950.105;0;25;45;90;200;1000;16.63
35.80959884;34.4975028;11950.105;0;25;45;90;200;1000;16.949
35.81425732;34.50565618;11950.105;0;25;45;90;200;1000;17.269
35.81891671;34.51380938;11950.105;0;25;45;90;200;1000;17.564
35.82357701;34.52196239;11950.105;0;25;45;90;200;1000;17.84
35.82823822;34.53011521;11950.105;0;25;45;90;200;1000;18.123
35.37251628;33.72154776;12091.526;0.44056;25;45;90;200;1000;11.246
35.37709029;33.72971859;12091.526;1.8463;25;45;90;200;1000;10.966
35.38166518;33.73788923;12091.526;2.0635;25;45;90;200;1000;10.765
35.38624093;33.7460597;12091.526;2.1793;25;45;90;200;1000;10.587
35.39081756;33.75422999;12091.526;1.7675;25;45;90;200;1000;10.341
35.39539506;33.7624001;12091.526;2.0118;25;45;90;200;1000;10.179
35.39997344;33.77057002;12091.526;2.2175;25;45;90;200;1000;9.984
35.40455268;33.77873977;12091.526;1.529;25;45;90;200;1000;9.751
35.4091328;33.78690934;12091.526;1.6015;25;45;90;200;1000;9.639
35.41371379;33.79507873;12091.526;0.20522;25;45;90;200;1000;9.332
35.41829566;33.80324793;12091.526;1.0796;25;45;90;200;1000;9.077
35.4228784;33.81141696;12091.526;1.3558;25;45;90;200;1000;8.86
35.42746202;33.81958581;12091.526;2.7446;25;45;90;200;1000;8.676
35.43204651;33.82775447;12091.526;2.1312;25;45;90;200;1000;8.518
35.43663188;33.83592296;12091.526;3.2105;25;45;90;200;1000;8.257
35.44121812;33.84409126;12091.526;3.2806;25;45;90;200;1000;8.081
35.44580524;33.85225939;12091.526;3.6968;25;45;90;200;1000;7.888
35.45039324;33.86042733;12091.526;2.209;25;45;90;200;1000;7.598
35.45498211;33.86859509;12091.526;1.7599;25;45;90;200;1000;7.311
35.45957186;33.87676267;12091.526;3.3937;25;45;90;200;1000;7.026
35.46416249;33.88493007;12091.526;2.9349;25;45;90;200;1000;6.799
35.468754;33.89309729;12091.526;1.4631;25;45;90;200;1000;6.619
35.47334639;33.90126433;12091.526;1.558;25;45;90;200;1000;6.405
35.47793966;33.90943119;12091.526;1.0497;25;45;90;200;1000;6.167
35.48253381;33.91759786;12091.526;0.44597;25;45;90;200;1000;6.035
35.48712883;33.92576436;12091.526;0;25;45;90;200;1000;5.888
35.49172474;33.93393067;12091.526;0.35722;25;45;90;200;1000;5.602
35.49632153;33.9420968;12091.526;0.70147;25;45;90;200;1000;5.32
35.5009192;33.95026275;12091.526;2.0416;25;45;90;200;1000;5.039
35.50551776;33.95842851;12091.526;1.7674;25;45;90;200;1000;4.782
35.51011719;33.9665941;12091.526;1.5562;25;45;90;200;1000;4.669
35.51471751;33.9747595;12091.526;0.66438;25;45;90;200;1000;4.513
35.51931871;33.98292472;12091.526;2.1575;25;45;90;200;1000;4.239
35.5239208;33.99108976;12091.526;4.1153;25;45;90;200;1000;4.096
35.52852377;33.99925461;12091.526;6.5543;25;45;90;200;1000;3.99
35.53312762;34.00741929;12091.526;7.8011;25;45;90;200;1000;3.976
35.53773236;34.01558378;12091.526;8.6324;25;45;90;200;1000;3.75
35.54233799;34.02374809;12091.526;7.6441;25;45;90;200;1000;3.698
35.5469445;34.03191221;12091.526;6.1773;25;45;90;200;1000;3.715
35.55155189;34.04007616;12091.526;2.4938;25;45;90;200;1000;3.587
35.55616017;34.04823992;12091.526;1.0358;25;45;90;200;1000;3.501
35.56076935;34.05640349;12091.526;1.4075;25;45;90;200;1000;3.607
35.5653794;34.06456689;12091.526;1.8074;25;45;90;200;1000;3.551
35.56999035;34.0727301;12091.526;0.56847;25;45;90;200;1000;3.582
35.57460218;34.08089313;12091.526;0.7378;25;45;90;200;1000;3.747
35.5792149;34.08905597;12091.526;0.21705;25;45;90;200;1000;4.097
35.58382852;34.09721863;12091.526;0.65846;25;45;90;200;1000;4.398
35.58844302;34.10538111;12091.526;1.1942;25;45;90;200;1000;4.649
35.59305841;34.11354341;12091.526;1.9991;25;45;90;200;1000;4.898
35.59767469;34.12170552;12091.526;1.8772;25;45;90;200;1000;5.221
35.60229186;34.12986745;12091.526;1.8896;25;45;90;200;1000;5.581
35.60690993;34.13802919;12091.526;0.71144;25;45;90;200;1000;6.167
35.61152888;34.14619075;12091.526;0.27331;25;45;90;200;1000;6.459
35.61614873;34.15435213;12091.526;0.56739;25;45;90;200;1000;6.827
35.62076947;34.16251332;12091.526;1.8438;25;45;90;200;1000;6.945
35.62539111;34.17067433;12091.526;2.4506;25;45;90;200;1000;7.182
35.63001363;34.17883515;12091.526;2.4936;25;45;90;200;1000;7.286
35.63463705;34.18699579;12091.526;2.594;25;45;90;200;1000;7.398
35.63926137;34.19515624;12091.526;2.1834;25;45;90;200;1000;7.577
35.64388658;34.20331651;12091.526;0.51294;25;45;90;200;1000;7.772
35.64851268;34.2114766;12091.526;1.0775;25;45;90;200;1000;7.93
35.65313968;34.2196365;12091.526;0.99408;25;45;90;200;1000;8.209
35.65776758;34.22779622;12091.526;1.3196;25;45;90;200;1000;8.396
35.66239637;34.23595575;12091.526;1.3046;25;45;90;200;1000;8.515
35.66702606;34.2441151;12091.526;1.3319;25;45;90;200;1000;8.698
35.67165665;34.25227426;12091.526;1.0934;25;45;90;200;1000;9.01
35.67628813;34.26043324;12091.526;1.0144;25;45;90;200;1000;9.282
35.68092052;34.26859203;12091.526;0.42339;25;45;90;200;1000;9.5
35.6855538;34.27675063;12091.526;0.49085;25;45;90;200;1000;9.772
35.69018798;34.28490906;12091.526;1.8121;25;45;90;200;1000;10.091
35.69482306;34.29306729;12091.526;2.1236;25;45;90;200;1000;10.427
35.69945904;34.30122534;12091.526;0.93643;25;45;90;200;1000;10.681
35.70409592;34.30938321;12091.526;1.2245;25;45;90;200;1000;10.906
35.7087337;34.31754088;12091.526;0.81888;25;45;90;200;1000;11.164
35.71337238;34.32569838;12091.526;0.36368;25;45;90;200;1000;11.426
35.71801196;34.33385569;12091.526;0.1752;25;45;90;200;1000;11.744
35.72265245;34.34201281;12091.526;0;25;45;90;200;1000;12.109
35.72729384;34.35016974;12091.526;1.3266;25;45;90;200;1000;12.435
35.73193613;34.35832649;12091.526;1.5434;25;45;90;200;1000;12.631
35.73657932;34.36648305;12091.526;1.3965;25;45;90;200;1000;12.881
35.74122342;34.37463943;12091.526;0.74808;25;45;90;200;1000;13.104
35.74586842;34.38279562;12091.526;0;25;45;90;200;1000;13.356
35.75051433;34.39095163;12091.526;0;25;45;90;200;1000;13.611
35.75516114;34.39910744;12091.526;0;25;45;90;200;1000;13.901
35.75980885;34.40726307;12091.526;0;25;45;90;200;1000;14.16
35.76445748;34.41541852;12091.526;0;25;45;90;200;1000;14.401
35.769107;34.42357377;12091.526;0;25;45;90;200;1000;14.667
35.77375744;34.43172885;12091.526;0;25;45;90;200;1000;14.947
35.77840878;34.43988373;12091.526;0;25;45;90;200;1000;15.185
35.78306103;34.44803842;12091.526;0;25;45;90;200;1000;15.419
35.78771419;34.45619293;12091.526;0;25;45;90;200;1000;15.641
35.79236826;34.46434726;12091.526;0;25;45;90;200;1000;15.886
35.79702323;34.47250139;12091.526;0;25;45;90;200;1000;16.103
35.80167912;34.48065534;12091.526;0;25;45;90;200;1000;16.36
35.80633591;34.4888091;12091.526;0;25;45;90;200;1000;16.66
35.81099362;34.49696267;12091.526;0;25;45;90;200;1000;16.948
35.81565223;34.50511605;12091.526;0;25;45;90;200;1000;17.274
35.82031176;34.51326925;12091.526;0;25;45;90;200;1000;17.528
35.8249722;34.52142226;12091.526;0;25;45;90;200;1000;17.825
35.82963355;34.52957508;12091.526;0;25;45;90;200;1000;18.118
35.37389839;33.72100758;12232.947;0.38163;25;45;90;200;1000;11.259
35.37847254;33.72917841;12232.947;1.557;25;45;90;200;1000;11
35.38304756;33.73734906;12232.947;1.3896;25;45;90;200;1000;10.82
35.38762345;33.74551952;12232.947;1.783;25;45;90;200;1000;10.601
35.39220021;33.75368981;12232.947;1.7024;25;45;90;200;1000;10.386
35.39677784;33.76185992;12232.947;1.9955;25;45;90;200;1000;10.221
35.40135634;33.77002985;12232.947;1.8677;25;45;90;200;1000;10.004
35.40593572;33.7781996;12232.947;1.4964;25;45;90;200;1000;9.814
35.41051597;33.78636916;12232.947;1.5146;25;45;90;200;1000;9.651
35.41509709;33.79453855;12232.947;0.22469;25;45;90;200;1000;9.382
35.41967909;33.80270776;12232.947;1.0916;25;45;90;200;1000;9.149
35.42426196;33.81087679;12232.947;1.3086;25;45;90;200;1000;8.899
35.42884571;33.81904563;12232.947;2.3826;25;45;90;200;1000;8.744
35.43343033;33.8272143;12232.947;2.0789;25;45;90;200;1000;8.554
35.43801583;33.83538279;12232.947;2.9736;25;45;90;200;1000;8.309
35.44260221;33.84355109;12232.947;2.8487;25;45;90;200;1000;8.147
35.44718946;33.85171922;12232.947;3.1903;25;45;90;200;1000;7.893
35.45177759;33.85988716;12232.947;2.1717;25;45;90;200;1000;7.59
35.45636659;33.86805492;12232.947;2.1534;25;45;90;200;1000;7.324
35.46095648;33.8762225;12232.947;3.3595;25;45;90;200;1000;7.072
35.46554724;33.8843899;12232.947;2.6046;25;45;90;200;1000;6.842
35.47013888;33.89255712;12232.947;1.4115;25;45;90;200;1000;6.667
35.4747314;33.90072416;12232.947;1.4759;25;45;90;200;1000;6.454
35.4793248;33.90889102;12232.947;0.98279;25;45;90;200;1000;6.252
35.48391908;33.91705769;12232.947;0.328;25;45;90;200;1000;6.128
35.48851424;33.92522419;12232.947;0.15224;25;45;90;200;1000;5.9
35.49311028;33.9333905;12232.947;0.42549;25;45;90;200;1000;5.622
35.4977072;33.94155663;12232.947;0.83816;25;45;90;200;1000;5.36
35.502305;33.94972258;12232.947;1.7677;25;45;90;200;1000;5.095
35.50690369;33.95788834;12232.947;1.7844;25;45;90;200;1000;4.844
35.51150326;33.96605393;12232.947;1.0998;25;45;90;200;1000;4.735
35.51610371;33.97421933;12232.947;0.27989;25;45;90;200;1000;4.569
35.52070504;33.98238455;12232.947;1.7686;25;45;90;200;1000;4.318
35.52530726;33.99054959;12232.947;3.975;25;45;90;200;1000;4.17
35.52991036;33.99871445;12232.947;5.8891;25;45;90;200;1000;4.083
35.53451435;34.00687912;12232.947;6.8306;25;45;90;200;1000;4.058
35.53911922;34.01504361;12232.947;8.0266;25;45;90;200;1000;3.816
35.54372497;34.02320792;12232.947;6.9725;25;45;90;200;1000;3.78
35.54833162;34.03137205;12232.947;5.7835;25;45;90;200;1000;3.813
35.55293915;34.03953599;12232.947;1.9275;25;45;90;200;1000;3.679
35.55754756;34.04769975;12232.947;1.0746;25;45;90;200;1000;3.608
35.56215687;34.05586333;12232.947;1.536;25;45;90;200;1000;3.649
35.56676706;34.06402672;12232.947;1.6677;25;45;90;200;1000;3.608
35.57137813;34.07218994;12232.947;0.45525;25;45;90;200;1000;3.657
35.5759901;34.08035296;12232.947;0.5626;25;45;90;200;1000;3.797
35.58060296;34.08851581;12232.947;0.2253;25;45;90;200;1000;4.111
35.5852167;34.09667847;12232.947;0.51738;25;45;90;200;1000;4.429
35.58983134;34.10484095;12232.947;1.1127;25;45;90;200;1000;4.697
35.59444686;34.11300325;12232.947;1.6778;25;45;90;200;1000;4.976
35.59906328;34.12116536;12232.947;1.9399;25;45;90;200;1000;5.238
35.60368058;34.12932728;12232.947;1.9831;25;45;90;200;1000;5.606
35.60829878;34.13748903;12232.947;0.60599;25;45;90;200;1000;6.131
35.61291787;34.14565059;12232.947;0.14935;25;45;90;200;1000;6.54
35.61753785;34.15381197;12232.947;0;25;45;90;200;1000;6.961
35.62215872;34.16197316;12232.947;1.3552;25;45;90;200;1000;7.029
35.62678049;34.17013417;12232.947;1.9182;25;45;90;200;1000;7.21
35.63140315;34.17829499;12232.947;2.1901;25;45;90;200;1000;7.36
35.6360267;34.18645563;12232.947;2.4094;25;45;90;200;1000;7.46
35.64065115;34.19461608;12232.947;1.7565;25;45;90;200;1000;7.636
35.6452765;34.20277636;12232.947;0.44582;25;45;90;200;1000;7.843
35.64990274;34.21093644;12232.947;0.72281;25;45;90;200;1000;7.958
35.65452987;34.21909634;12232.947;0.47265;25;45;90;200;1000;8.224
35.6591579;34.22725606;12232.947;1.3482;25;45;90;200;1000;8.485
35.66378683;34.23541559;12232.947;0.86465;25;45;90;200;1000;8.577
35.66841665;34.24357494;12232.947;0.96901;25;45;90;200;1000;8.745
35.67304737;34.2517341;12232.947;0.85286;25;45;90;200;1000;9.029
35.67767899;34.25989308;12232.947;0.63485;25;45;90;200;1000;9.301
35.68231151;34.26805187;12232.947;0.19814;25;45;90;200;1000;9.534
35.68694492;34.27621048;12232.947;0.60314;25;45;90;200;1000;9.791
35.69157924;34.2843689;12232.947;1.7195;25;45;90;200;1000;10.113
35.69621445;34.29252714;12232.947;2.3927;25;45;90;200;1000;10.489
35.70085056;34.30068519;12232.947;0.81345;25;45;90;200;1000;10.655
35.70548758;34.30884305;12232.947;0.97895;25;45;90;200;1000;10.906
35.71012549;34.31700073;12232.947;0.7575;25;45;90;200;1000;11.155
35.71476431;34.32515822;12232.947;0;25;45;90;200;1000;11.418
35.71940403;34.33331553;12232.947;0;25;45;90;200;1000;11.74
35.72404465;34.34147265;12232.947;0;25;45;90;200;1000;12.063
35.72868617;34.34962959;12232.947;1.3861;25;45;90;200;1000;12.398
35.73332859;34.35778634;12232.947;1.6081;25;45;90;200;1000;12.663
35.73797192;34.3659429;12232.947;1.2625;25;45;90;200;1000;12.925
35.74261616;34.37409928;12232.947;0.72482;25;45;90;200;1000;13.15
35.74726129;34.38225547;12232.947;0;25;45;90;200;1000;13.406
35.75190733;34.39041147;12232.947;0;25;45;90;200;1000;13.658
35.75655428;34.39856729;12232.947;0;25;45;90;200;1000;13.895
35.76120213;34.40672292;12232.947;0;25;45;90;200;1000;14.127
35.76585089;34.41487837;12232.947;0;25;45;90;200;1000;14.372
35.77050055;34.42303362;12232.947;0;25;45;90;200;1000;14.644
35.77515112;34.43118869;12232.947;0;25;45;90;200;1000;14.955
35.7798026;34.43934358;12232.947;0;25;45;90;200;1000;15.214
35.78445499;34.44749827;12232.947;0;25;45;90;200;1000;15.436
35.78910828;34.45565278;12232.947;0;25;45;90;200;1000;15.657
35.79376248;34.46380711;12232.947;0;25;45;90;200;1000;15.894
35.79841759;34.47196124;12232.947;0;25;45;90;200;1000;16.128
35.80307361;34.48011519;12232.947;0;25;45;90;200;1000;16.397
35.80773054;34.48826895;12232.947;0;25;45;90;200;1000;16.691
35.81238838;34.49642252;12232.947;0;25;45;90;200;1000;16.961
35.81704713;34.5045759;12232.947;0;25;45;90;200;1000;17.277
35.8217068;34.5127291;12232.947;0;25;45;90;200;1000;17.511
35.82636737;34.52088211;12232.947;0;25;45;90;200;1000;17.781
35.83102886;34.52903493;12232.947;0;25;45;90;200;1000;18.043
35.3752805;33.72046739;12374.369;0.44481;25;45;90;200;1000;11.283
35.37985477;33.72863822;12374.369;0.88701;25;45;90;200;1000;11.055
35.38442992;33.73680887;12374.369;1.0142;25;45;90;200;1000;10.844
35.38900594;33.74497933;12374.369;1.4703;25;45;90;200;1000;10.621
35.39358283;33.75314962;12374.369;1.6593;25;45;90;200;1000;10.428
35.39816059;33.76131973;12374.369;1.7941;25;45;90;200;1000;10.261
35.40273923;33.76948966;12374.369;1.8499;25;45;90;200;1000;10.05
35.40731874;33.77765941;12374.369;1.406;25;45;90;200;1000;9.895
35.41189912;33.78582897;12374.369;1.1297;25;45;90;200;1000;9.673
35.41648037;33.79399836;12374.369;0.17303;25;45;90;200;1000;9.434
35.4210625;33.80216757;12374.369;1.0207;25;45;90;200;1000;9.191
35.42564551;33.8103366;12374.369;1.2506;25;45;90;200;1000;8.947
35.43022938;33.81850545;12374.369;2.0149;25;45;90;200;1000;8.805
35.43481414;33.82667411;12374.369;1.9991;25;45;90;200;1000;8.574
35.43939977;33.8348426;12374.369;2.5875;25;45;90;200;1000;8.371
35.44398627;33.8430109;12374.369;2.501;25;45;90;200;1000;8.188
35.44857366;33.85117903;12374.369;2.7453;25;45;90;200;1000;7.884
35.45316192;33.85934697;12374.369;2.0478;25;45;90;200;1000;7.597
35.45775105;33.86751473;12374.369;2.2885;25;45;90;200;1000;7.336
35.46234107;33.87568232;12374.369;3.0654;25;45;90;200;1000;7.108
35.46693196;33.88384972;12374.369;2.01;25;45;90;200;1000;6.899
35.47152374;33.89201694;12374.369;1.3494;25;45;90;200;1000;6.719
35.47611639;33.90018398;12374.369;1.3085;25;45;90;200;1000;6.549
35.48070992;33.90835083;12374.369;0.83236;25;45;90;200;1000;6.325
35.48530433;33.91651751;12374.369;0.34497;25;45;90;200;1000;6.187
35.48989962;33.924684;12374.369;0.18601;25;45;90;200;1000;5.902
35.49449579;33.93285031;12374.369;0.60283;25;45;90;200;1000;5.628
35.49909285;33.94101645;12374.369;0.73274;25;45;90;200;1000;5.36
35.50369078;33.94918239;12374.369;1.5484;25;45;90;200;1000;5.131
35.5082896;33.95734816;12374.369;1.4268;25;45;90;200;1000;4.897
35.5128893;33.96551375;12374.369;0.90806;25;45;90;200;1000;4.796
35.51748988;33.97367915;12374.369;0.13608;25;45;90;200;1000;4.605
35.52209135;33.98184437;12374.369;1.2872;25;45;90;200;1000;4.397
35.5266937;33.99000941;12374.369;3.6157;25;45;90;200;1000;4.243
35.53129693;33.99817427;12374.369;5.1527;25;45;90;200;1000;4.168
35.53590105;34.00633894;12374.369;6.0753;25;45;90;200;1000;4.132
35.54050606;34.01450343;12374.369;7.1956;25;45;90;200;1000;3.87
35.54511195;34.02266774;12374.369;6.4501;25;45;90;200;1000;3.86
35.54971872;34.03083187;12374.369;4.9502;25;45;90;200;1000;3.908
35.55432638;34.03899581;12374.369;1.2677;25;45;90;200;1000;3.856
35.55893493;34.04715957;12374.369;1.0484;25;45;90;200;1000;3.743
35.56354437;34.05532315;12374.369;1.5371;25;45;90;200;1000;3.74
35.56815469;34.06348654;12374.369;1.6311;25;45;90;200;1000;3.671
35.5727659;34.07164976;12374.369;0.16374;25;45;90;200;1000;3.737
35.577378;34.07981279;12374.369;0.46929;25;45;90;200;1000;3.846
35.58199099;34.08797563;12374.369;0.24936;25;45;90;200;1000;4.138
35.58660487;34.09613829;12374.369;0.50622;25;45;90;200;1000;4.469
35.59121964;34.10430077;12374.369;1.0095;25;45;90;200;1000;4.751
35.59583529;34.11246307;12374.369;1.7275;25;45;90;200;1000;5.049
35.60045184;34.12062518;12374.369;1.913;25;45;90;200;1000;5.272
35.60506928;34.12878711;12374.369;1.9444;25;45;90;200;1000;5.621
35.60968761;34.13694885;12374.369;0.6423;25;45;90;200;1000;6.13
35.61430683;34.14511041;12374.369;0.10433;25;45;90;200;1000;6.656
35.61892695;34.15327179;12374.369;0.16375;25;45;90;200;1000;7.055
35.62354796;34.16143298;12374.369;0.88571;25;45;90;200;1000;7.168
35.62816986;34.16959399;12374.369;1.224;25;45;90;200;1000;7.25
35.63279265;34.17775481;12374.369;2.1687;25;45;90;200;1000;7.435
35.63741634;34.18591545;12374.369;2.2821;25;45;90;200;1000;7.533
35.64204092;34.19407591;12374.369;1.2505;25;45;90;200;1000;7.722
35.6466664;34.20223618;12374.369;0.36241;25;45;90;200;1000;7.923
35.65129277;34.21039627;12374.369;0.36174;25;45;90;200;1000;8.035
35.65592004;34.21855617;12374.369;0;25;45;90;200;1000;8.339
35.6605482;34.22671589;12374.369;1.0793;25;45;90;200;1000;8.608
35.66517726;34.23487542;12374.369;0.89386;25;45;90;200;1000;8.661
35.66980722;34.24303477;12374.369;0.44421;25;45;90;200;1000;8.771
35.67443808;34.25119393;12374.369;0.48608;25;45;90;200;1000;9.057
35.67906983;34.25935291;12374.369;0;25;45;90;200;1000;9.366
35.68370248;34.2675117;12374.369;0;25;45;90;200;1000;9.58
35.68833603;34.27567031;12374.369;0.61177;25;45;90;200;1000;9.835
35.69297048;34.28382873;12374.369;1.4434;25;45;90;200;1000;10.173
35.69760583;34.29198696;12374.369;2.3724;25;45;90;200;1000;10.408
35.70224207;34.30014502;12374.369;0.76273;25;45;90;200;1000;10.621
35.70687922;34.30830288;12374.369;0.98166;25;45;90;200;1000;10.893
35.71151727;34.31646056;12374.369;0.9757;25;45;90;200;1000;11.147
35.71615622;34.32461805;12374.369;0;25;45;90;200;1000;11.418
35.72079607;34.33277536;12374.369;0;25;45;90;200;1000;11.734
35.72543683;34.34093248;12374.369;0;25;45;90;200;1000;12.058
35.73007849;34.34908942;12374.369;1.6297;25;45;90;200;1000;12.401
35.73472105;34.35724617;12374.369;1.4176;25;45;90;200;1000;12.634
35.73936451;34.36540273;12374.369;1.1916;25;45;90;200;1000;12.887
35.74400888;34.37355911;12374.369;0.6843;25;45;90;200;1000;13.174
35.74865415;34.3817153;12374.369;0;25;45;90;200;1000;13.397
35.75330032;34.38987131;12374.369;0;25;45;90;200;1000;13.628
35.7579474;34.39802712;12374.369;0;25;45;90;200;1000;13.857
35.76259539;34.40618276;12374.369;0;25;45;90;200;1000;14.114
35.76724428;34.4143382;12374.369;0;25;45;90;200;1000;14.364
35.77189408;34.42249346;12374.369;0;25;45;90;200;1000;14.639
35.77654479;34.43064853;12374.369;0;25;45;90;200;1000;14.944
35.7811964;34.43880341;12374.369;0;25;45;90;200;1000;15.222
35.78584892;34.44695811;12374.369;0;25;45;90;200;1000;15.455
35.79050235;34.45511262;12374.369;0;25;45;90;200;1000;15.683
35.79515669;34.46326694;12374.369;0;25;45;90;200;1000;15.917
35.79981193;34.47142108;12374.369;0;25;45;90;200;1000;16.174
35.80446809;34.47957502;12374.369;0;25;45;90;200;1000;16.434
35.80912515;34.48772878;12374.369;0;25;45;90;200;1000;16.703
35.81378313;34.49588236;12374.369;0;25;45;90;200;1000;16.969
35.81844202;34.50403574;12374.369;0;25;45;90;200;1000;17.253
35.82310181;34.51218894;12374.369;0;25;45;90;200;1000;17.477
35.82776252;34.52034195;12374.369;0;25;45;90;200;1000;17.726
35.83242415;34.52849477;12374.369;0;25;45;90;200;1000;17.99
35.37666258;33.71992718;12515.79;0.47637;25;45;90;200;1000;11.312
35.38123699;33.72809801;12515.79;0.59815;25;45;90;200;1000;11.111
35.38581227;33.73626866;12515.79;0.64519;25;45;90;200;1000;10.882
35.39038842;33.74443913;12515.79;0.98066;25;45;90;200;1000;10.682
35.39496544;33.75260941;12515.79;1.5041;25;45;90;200;1000;10.481
35.39954333;33.76077952;12515.79;1.5568;25;45;90;200;1000;10.32
35.4041221;33.76894945;12515.79;1.6571;25;45;90;200;1000;10.074
35.40870174;33.7771192;12515.79;1.1866;25;45;90;200;1000;9.964
35.41328225;33.78528877;12515.79;0.54681;25;45;90;200;1000;9.74
35.41786363;33.79345816;12515.79;0.13608;25;45;90;200;1000;9.454
35.4224459;33.80162737;12515.79;0.87428;25;45;90;200;1000;9.211
35.42702903;33.80979639;12515.79;1.2844;25;45;90;200;1000;9.019
35.43161304;33.81796524;12515.79;1.9584;25;45;90;200;1000;8.87
35.43619793;33.82613391;12515.79;1.9762;25;45;90;200;1000;8.62
35.44078369;33.83430239;12515.79;2.2098;25;45;90;200;1000;8.415
35.44537032;33.8424707;12515.79;2.2598;25;45;90;200;1000;8.187
35.44995784;33.85063882;12515.79;2.0866;25;45;90;200;1000;7.881
35.45454623;33.85880677;12515.79;1.9687;25;45;90;200;1000;7.614
35.4591355;33.86697453;12515.79;2.1963;25;45;90;200;1000;7.368
35.46372565;33.87514211;12515.79;2.4348;25;45;90;200;1000;7.152
35.46831667;33.88330952;12515.79;1.7945;25;45;90;200;1000;6.948
35.47290858;33.89147674;12515.79;1.2755;25;45;90;200;1000;6.781
35.47750136;33.89964377;12515.79;1.0948;25;45;90;200;1000;6.611
35.48209502;33.90781063;12515.79;0.53487;25;45;90;200;1000;6.372
35.48668957;33.91597731;12515.79;0.328;25;45;90;200;1000;6.179
35.49128499;33.9241438;12515.79;0.15224;25;45;90;200;1000;5.918
35.49588129;33.93231011;12515.79;0.61732;25;45;90;200;1000;5.653
35.50047848;33.94047625;12515.79;0.68592;25;45;90;200;1000;5.377
35.50507655;33.94864219;12515.79;1.0251;25;45;90;200;1000;5.157
35.5096755;33.95680796;12515.79;0.53202;25;45;90;200;1000;4.955
35.51427533;33.96497355;12515.79;0.9862;25;45;90;200;1000;4.889
35.51887604;33.97313895;12515.79;0;25;45;90;200;1000;4.648
35.52347764;33.98130417;12515.79;1.1572;25;45;90;200;1000;4.427
35.52808013;33.98946921;12515.79;2.9978;25;45;90;200;1000;4.324
35.53268349;33.99763407;12515.79;4.1324;25;45;90;200;1000;4.258
35.53728774;34.00579874;12515.79;5.198;25;45;90;200;1000;4.182
35.54189288;34.01396323;12515.79;6.3909;25;45;90;200;1000;3.926
35.5464989;34.02212754;12515.79;5.6244;25;45;90;200;1000;3.932
35.55110581;34.03029167;12515.79;4.1754;25;45;90;200;1000;3.99
35.5557136;34.03845561;12515.79;1.0632;25;45;90;200;1000;3.946
35.56032229;34.04661938;12515.79;1.0723;25;45;90;200;1000;3.853
35.56493185;34.05478295;12515.79;1.445;25;45;90;200;1000;3.828
35.56954231;34.06294635;12515.79;1.6163;25;45;90;200;1000;3.741
35.57415365;34.07110956;12515.79;0;25;45;90;200;1000;3.79
35.57876589;34.07927259;12515.79;0.19814;25;45;90;200;1000;3.906
35.58337901;34.08743544;12515.79;0.2253;25;45;90;200;1000;4.166
35.58799302;34.0955981;12515.79;0.47116;25;45;90;200;1000;4.481
35.59260792;34.10376058;12515.79;0.85607;25;45;90;200;1000;4.821
35.59722371;34.11192287;12515.79;2.0145;25;45;90;200;1000;5.092
35.60184039;34.12008499;12515.79;1.7622;25;45;90;200;1000;5.345
35.60645796;34.12824691;12515.79;1.7598;25;45;90;200;1000;5.69
35.61107643;34.13640866;12515.79;0.64419;25;45;90;200;1000;6.167
35.61569578;34.14457022;12515.79;0;25;45;90;200;1000;6.726
35.62031603;34.1527316;12515.79;0.35147;25;45;90;200;1000;7.104
35.62493717;34.16089279;12515.79;0.58229;25;45;90;200;1000;7.254
35.62955921;34.1690538;12515.79;1.1462;25;45;90;200;1000;7.328
35.63418213;34.17721462;12515.79;1.9841;25;45;90;200;1000;7.504
35.63880595;34.18537526;12515.79;2.0628;25;45;90;200;1000;7.596
35.64343067;34.19353572;12515.79;0.51546;25;45;90;200;1000;7.829
35.64805628;34.20169599;12515.79;0.4658;25;45;90;200;1000;8.054
35.65268279;34.20985608;12515.79;0.023141;25;45;90;200;1000;8.148
35.65731019;34.21801598;12515.79;0;25;45;90;200;1000;8.431
35.66193849;34.2261757;12515.79;0.62757;25;45;90;200;1000;8.803
35.66656768;34.23433523;12515.79;0.82439;25;45;90;200;1000;8.747
35.67119777;34.24249458;12515.79;0.1923;25;45;90;200;1000;8.841
35.67582876;34.25065374;12515.79;0;25;45;90;200;1000;9.095
35.68046065;34.25881272;12515.79;0;25;45;90;200;1000;9.355
35.68509343;34.26697151;12515.79;0;25;45;90;200;1000;9.64
35.68972712;34.27513012;12515.79;0.53687;25;45;90;200;1000;9.859
35.6943617;34.28328854;12515.79;1.1504;25;45;90;200;1000;10.099
35.69899718;34.29144678;12515.79;2.1554;25;45;90;200;1000;10.341
35.70363356;34.29960483;12515.79;0.83031;25;45;90;200;1000;10.608
35.70827085;34.30776269;12515.79;0.86295;25;45;90;200;1000;10.885
35.71290903;34.31592037;12515.79;0.97147;25;45;90;200;1000;11.167
35.71754812;34.32407787;12515.79;0;25;45;90;200;1000;11.457
35.7221881;34.33223518;12515.79;0;25;45;90;200;1000;11.759
35.72682899;34.3403923;12515.79;0;25;45;90;200;1000;12.047
35.73147078;34.34854923;12515.79;1.6635;25;45;90;200;1000;12.335
35.73611348;34.35670598;12515.79;1.3816;25;45;90;200;1000;12.59
35.74075708;34.36486255;12515.79;1.0498;25;45;90;200;1000;12.866
35.74540158;34.37301893;12515.79;0.62315;25;45;90;200;1000;13.127
35.75004698;34.38117512;12515.79;0;25;45;90;200;1000;13.372
35.75469329;34.38933112;12515.79;0;25;45;90;200;1000;13.614
35.75934051;34.39748694;12515.79;0;25;45;90;200;1000;13.847
35.76398863;34.40564257;12515.79;0;25;45;90;200;1000;14.134
35.76863766;34.41379802;12515.79;0;25;45;90;200;1000;14.411
35.77328759;34.42195328;12515.79;0;25;45;90;200;1000;14.676
35.77793843;34.43010835;12515.79;0;25;45;90;200;1000;14.952
35.78259018;34.43826323;12515.79;0;25;45;90;200;1000;15.214
35.78724284;34.44641793;12515.79;0;25;45;90;200;1000;15.459
35.7918964;34.45457244;12515.79;0;25;45;90;200;1000;15.689
35.79655087;34.46272676;12515.79;0;25;45;90;200;1000;15.901
35.80120626;34.4708809;12515.79;0;25;45;90;200;1000;16.134
35.80586255;34.47903484;12515.79;0;25;45;90;200;1000;16.416
35.81051975;34.4871886;12515.79;0;25;45;90;200;1000;16.672
35.81517786;34.49534218;12515.79;0;25;45;90;200;1000;16.933
35.81983688;34.50349556;12515.79;0;25;45;90;200;1000;17.212
35.82449681;34.51164876;12515.79;0;25;45;90;200;1000;17.452
35.82915766;34.51980177;12515.79;0;25;45;90;200;1000;17.696
35.83381942;34.52795459;12515.79;0;25;45;90;200;1000;17.968
35.37804465;33.71938696;12657.211;0.52283;25;45;90;200;1000;11.372
35.38261919;33.72755779;12657.211;0.1752;25;45;90;200;1000;11.146
35.38719459;33.73572844;12657.211;0.12844;25;45;90;200;1000;10.927
35.39177088;33.7438989;12657.211;0.46198;25;45;90;200;1000;10.73
35.39634803;33.75206919;12657.211;1.3506;25;45;90;200;1000;10.541
35.40092605;33.7602393;12657.211;1.4419;25;45;90;200;1000;10.354
35.40550495;33.76840923;12657.211;1.5155;25;45;90;200;1000;10.144
35.41008472;33.77657898;12657.211;0.88571;25;45;90;200;1000;10.032
35.41466536;33.78474855;12657.211;0.36241;25;45;90;200;1000;9.784
35.41924688;33.79291794;12657.211;0;25;45;90;200;1000;9.492
35.42382927;33.80108715;12657.211;0.61001;25;45;90;200;1000;9.234
35.42841254;33.80925617;12657.211;1.2441;25;45;90;200;1000;9.057
35.43299668;33.81742502;12657.211;1.8201;25;45;90;200;1000;8.926
35.4375817;33.82559369;12657.211;1.8776;25;45;90;200;1000;8.652
35.44216759;33.83376217;12657.211;1.4933;25;45;90;200;1000;8.468
35.44675436;33.84193048;12657.211;2.0262;25;45;90;200;1000;8.173
35.451342;33.85009861;12657.211;1.6917;25;45;90;200;1000;7.892
35.45593053;33.85826655;12657.211;1.7473;25;45;90;200;1000;7.643
35.46051993;33.86643431;12657.211;1.9003;25;45;90;200;1000;7.398
35.46511021;33.8746019;12657.211;1.9351;25;45;90;200;1000;7.194
35.46970136;33.8827693;12657.211;1.6714;25;45;90;200;1000;7.003
35.4742934;33.89093652;12657.211;1.1873;25;45;90;200;1000;6.832
35.47888631;33.89910356;12657.211;0.9907;25;45;90;200;1000;6.623
35.48348011;33.90727041;12657.211;0;25;45;90;200;1000;6.407
35.48807478;33.91543709;12657.211;0.27078;25;45;90;200;1000;6.195
35.49267034;33.92360359;12657.211;0;25;45;90;200;1000;5.946
35.49726678;33.9317699;12657.211;0.54376;25;45;90;200;1000;5.706
35.50186409;33.93993603;12657.211;0.51546;25;45;90;200;1000;5.437
35.50646229;33.94810198;12657.211;0.83725;25;45;90;200;1000;5.217
35.51106137;33.95626775;12657.211;0;25;45;90;200;1000;5.044
35.51566134;33.96443333;12657.211;0.71114;25;45;90;200;1000;4.985
35.52026219;33.97259874;12657.211;0;25;45;90;200;1000;4.737
35.52486392;33.98076396;12657.211;0.65245;25;45;90;200;1000;4.498
35.52946653;33.988929;12657.211;2.0028;25;45;90;200;1000;4.441
35.53407003;33.99709385;12657.211;3.3459;25;45;90;200;1000;4.432
35.53867442;34.00525853;12657.211;4.034;25;45;90;200;1000;4.227
35.54327968;34.01342302;12657.211;5.1598;25;45;90;200;1000;4.007
35.54788584;34.02158733;12657.211;4.7048;25;45;90;200;1000;3.996
35.55249288;34.02975146;12657.211;3.6808;25;45;90;200;1000;4.064
35.55710081;34.0379154;12657.211;0.72454;25;45;90;200;1000;4.008
35.56170962;34.04607916;12657.211;1.0323;25;45;90;200;1000;3.895
35.56631932;34.05424274;12657.211;1.2081;25;45;90;200;1000;3.953
35.57092991;34.06240614;12657.211;1.3307;25;45;90;200;1000;3.826
35.57554139;34.07056935;12657.211;0;25;45;90;200;1000;3.841
35.58015375;34.07873238;12657.211;0;25;45;90;200;1000;3.98
35.58476701;34.08689523;12657.211;0.12844;25;45;90;200;1000;4.209
35.58938115;34.09505789;12657.211;0.40607;25;45;90;200;1000;4.499
35.59399618;34.10322037;12657.211;0.39385;25;45;90;200;1000;4.865
35.59861211;34.11138266;12657.211;2.0522;25;45;90;200;1000;5.172
35.60322892;34.11954478;12657.211;1.6056;25;45;90;200;1000;5.42
35.60784663;34.12770671;12657.211;1.3699;25;45;90;200;1000;5.774
35.61246523;34.13586845;12657.211;0.54215;25;45;90;200;1000;6.288
35.61708471;34.14403001;12657.211;0;25;45;90;200;1000;6.764
35.6217051;34.15219139;12657.211;0.41861;25;45;90;200;1000;7.131
35.62632637;34.16035258;12657.211;0;25;45;90;200;1000;7.331
35.63094854;34.16851359;12657.211;0.9254;25;45;90;200;1000;7.454
35.6355716;34.17667442;12657.211;1.7761;25;45;90;200;1000;7.583
35.64019555;34.18483506;12657.211;1.6977;25;45;90;200;1000;7.676
35.6448204;34.19299551;12657.211;0.45672;25;45;90;200;1000;7.925
35.64944615;34.20115578;12657.211;0.50083;25;45;90;200;1000;8.158
35.65407279;34.20931587;12657.211;0;25;45;90;200;1000;8.218
35.65870032;34.21747577;12657.211;0;25;45;90;200;1000;8.54
35.66332875;34.22563549;12657.211;0.023141;25;45;90;200;1000;8.885
35.66795808;34.23379502;12657.211;0.6327;25;45;90;200;1000;8.835
35.67258831;34.24195437;12657.211;0.14935;25;45;90;200;1000;8.893
35.67721943;34.25011354;12657.211;0;25;45;90;200;1000;9.118
35.68185145;34.25827251;12657.211;0;25;45;90;200;1000;9.361
35.68648437;34.26643131;12657.211;0;25;45;90;200;1000;9.576
35.69111819;34.27458991;12657.211;0.32837;25;45;90;200;1000;9.793
35.6957529;34.28274834;12657.211;0.80615;25;45;90;200;1000;10.055
35.70038852;34.29090657;12657.211;1.7552;25;45;90;200;1000;10.318
35.70502504;34.29906463;12657.211;0.76915;25;45;90;200;1000;10.598
35.70966246;34.30722249;12657.211;0.5837;25;45;90;200;1000;10.887
35.71430077;34.31538017;12657.211;0.83093;25;45;90;200;1000;11.188
35.71893999;34.32353767;12657.211;0;25;45;90;200;1000;11.442
35.72358011;34.33169497;12657.211;0;25;45;90;200;1000;11.719
35.72822114;34.3398521;12657.211;0;25;45;90;200;1000;12.027
35.73286306;34.34800903;12657.211;1.6108;25;45;90;200;1000;12.305
35.73750589;34.35616578;12657.211;1.3121;25;45;90;200;1000;12.542
35.74214962;34.36432235;12657.211;0.99967;25;45;90;200;1000;12.842
35.74679426;34.37247873;12657.211;0.53434;25;45;90;200;1000;13.098
35.7514398;34.38063492;12657.211;0;25;45;90;200;1000;13.351
35.75608625;34.38879092;12657.211;0;25;45;90;200;1000;13.6
35.7607336;34.39694674;12657.211;0;25;45;90;200;1000;13.856
35.76538185;34.40510237;12657.211;0;25;45;90;200;1000;14.157
35.77003102;34.41325782;12657.211;0;25;45;90;200;1000;14.449
35.77468109;34.42141308;12657.211;0;25;45;90;200;1000;14.705
35.77933206;34.42956815;12657.211;0;25;45;90;200;1000;14.938
35.78398394;34.43772303;12657.211;0;25;45;90;200;1000;15.195
35.78863674;34.44587773;12657.211;0;25;45;90;200;1000;15.412
35.79329044;34.45403224;12657.211;0;25;45;90;200;1000;15.661
35.79794504;34.46218656;12657.211;0;25;45;90;200;1000;15.873
35.80260056;34.4703407;12657.211;0;25;45;90;200;1000;16.122
35.80725699;34.47849465;12657.211;0;25;45;90;200;1000;16.403
35.81191432;34.48664841;12657.211;0;25;45;90;200;1000;16.663
35.81657257;34.49480198;12657.211;0;25;45;90;200;1000;16.927
35.82123173;34.50295537;12657.211;0;25;45;90;200;1000;17.166
35.8258918;34.51110856;12657.211;0;25;45;90;200;1000;17.42
35.83055278;34.51926157;12657.211;0;25;45;90;200;1000;17.684
35.83521467;34.52741439;12657.211;0;25;45;90;200;1000;17.959
35.3794267;33.71884672;12798.633;0.47637;25;45;90;200;1000;11.428
35.38400137;33.72701755;12798.633;0;25;45;90;200;1000;11.217
35.38857691;33.7351882;12798.633;0;25;45;90;200;1000;10.985
35.39315332;33.74335867;12798.633;0;25;45;90;200;1000;10.752
35.3977306;33.75152895;12798.633;1.1013;25;45;90;200;1000;10.577
35.40230876;33.75969906;12798.633;1.2137;25;45;90;200;1000;10.393
35.40688778;33.76786899;12798.633;1.2972;25;45;90;200;1000;10.193
35.41146768;33.77603874;12798.633;0.58229;25;45;90;200;1000;10.054
35.41604846;33.78420831;12798.633;0.31157;25;45;90;200;1000;9.821
35.42063011;33.7923777;12798.633;0;25;45;90;200;1000;9.553
35.42521263;33.80054691;12798.633;0;25;45;90;200;1000;9.284
35.42979603;33.80871594;12798.633;1.095;25;45;90;200;1000;9.121
35.4343803;33.81688479;12798.633;1.5004;25;45;90;200;1000;8.974
35.43896545;33.82505345;12798.633;1.6242;25;45;90;200;1000;8.701
35.44355147;33.83322194;12798.633;1.2907;25;45;90;200;1000;8.508
35.44813837;33.84139025;12798.633;1.639;25;45;90;200;1000;8.186
35.45272615;33.84955837;12798.633;1.3405;25;45;90;200;1000;7.928
35.45731481;33.85772632;12798.633;1.4193;25;45;90;200;1000;7.657
35.46190434;33.86589408;12798.633;1.5922;25;45;90;200;1000;7.447
35.46649475;33.87406166;12798.633;1.3348;25;45;90;200;1000;7.254
35.47108604;33.88222906;12798.633;1.5041;25;45;90;200;1000;7.044
35.4756782;33.89039629;12798.633;1.0816;25;45;90;200;1000;6.885
35.48027125;33.89856332;12798.633;0.86119;25;45;90;200;1000;6.646
35.48486518;33.90673018;12798.633;0;25;45;90;200;1000;6.449
35.48945998;33.91489686;12798.633;0.12733;25;45;90;200;1000;6.218
35.49405567;33.92306335;12798.633;0;25;45;90;200;1000;5.969
35.49865224;33.93122967;12798.633;0.28866;25;45;90;200;1000;5.722
35.50324969;33.9393958;12798.633;0.45672;25;45;90;200;1000;5.472
35.50784802;33.94756175;12798.633;0.59275;25;45;90;200;1000;5.25
35.51244724;33.95572752;12798.633;0;25;45;90;200;1000;5.089
35.51704733;33.9638931;12798.633;0.16897;25;45;90;200;1000;5.052
35.52164831;33.97205851;12798.633;0;25;45;90;200;1000;4.808
35.52625017;33.98022373;12798.633;0.15224;25;45;90;200;1000;4.59
35.53085292;33.98838877;12798.633;1.3187;25;45;90;200;1000;4.611
35.53545655;33.99655363;12798.633;2.8639;25;45;90;200;1000;4.584
35.54006107;34.0047183;12798.633;3.0738;25;45;90;200;1000;4.284
35.54466647;34.01288279;12798.633;4.3796;25;45;90;200;1000;4.081
35.54927276;34.0210471;12798.633;4.2601;25;45;90;200;1000;4.054
35.55387993;34.02921123;12798.633;2.8987;25;45;90;200;1000;4.133
35.55848799;34.03737517;12798.633;0.14875;25;45;90;200;1000;4.098
35.56309694;34.04553894;12798.633;0.84794;25;45;90;200;1000;3.967
35.56770677;34.05370252;12798.633;0.88315;25;45;90;200;1000;4.01
35.57231749;34.06186591;12798.633;1.1306;25;45;90;200;1000;3.988
35.5769291;34.07002912;12798.633;0;25;45;90;200;1000;3.921
35.5815416;34.07819215;12798.633;0;25;45;90;200;1000;4.074
35.58615499;34.086355;12798.633;0;25;45;90;200;1000;4.282
35.59076927;34.09451766;12798.633;0.29145;25;45;90;200;1000;4.561
35.59538443;34.10268014;12798.633;0;25;45;90;200;1000;4.875
35.60000049;34.11084244;12798.633;1.7649;25;45;90;200;1000;5.257
35.60461744;34.11900455;12798.633;1.5;25;45;90;200;1000;5.497
35.60923527;34.12716648;12798.633;1.0658;25;45;90;200;1000;5.814
35.61385401;34.13532823;12798.633;0.29145;25;45;90;200;1000;6.228
35.61847363;34.14348979;12798.633;0;25;45;90;200;1000;6.718
35.62309414;34.15165117;12798.633;0.35147;25;45;90;200;1000;7.074
35.62771555;34.15981236;12798.633;0;25;45;90;200;1000;7.409
35.63233785;34.16797337;12798.633;0.42594;25;45;90;200;1000;7.519
35.63696104;34.17613419;12798.633;1.3767;25;45;90;200;1000;7.668
35.64158513;34.18429483;12798.633;1.0687;25;45;90;200;1000;7.761
35.64621012;34.19245529;12798.633;0.35867;25;45;90;200;1000;8.025
35.65083599;34.20061556;12798.633;0.39954;25;45;90;200;1000;8.363
35.65546277;34.20877565;12798.633;0;25;45;90;200;1000;8.339
35.66009044;34.21693555;12798.633;0;25;45;90;200;1000;8.63
35.664719;34.22509527;12798.633;0;25;45;90;200;1000;8.91
35.66934846;34.2332548;12798.633;0.36241;25;45;90;200;1000;8.921
35.67397882;34.24141415;12798.633;0.10433;25;45;90;200;1000;8.945
35.67861008;34.24957332;12798.633;0;25;45;90;200;1000;9.136
35.68324224;34.25773229;12798.633;0;25;45;90;200;1000;9.354
35.68787529;34.26589109;12798.633;0;25;45;90;200;1000;9.555
35.69250924;34.2740497;12798.633;0;25;45;90;200;1000;9.774
35.69714409;34.28220812;12798.633;0.49064;25;45;90;200;1000;10.041
35.70177984;34.29036636;12798.633;1.3049;25;45;90;200;1000;10.306
35.70641649;34.29852441;12798.633;0.59085;25;45;90;200;1000;10.582
35.71105405;34.30668227;12798.633;0.40957;25;45;90;200;1000;10.861
35.7156925;34.31483995;12798.633;0.42202;25;45;90;200;1000;11.152
35.72033185;34.32299745;12798.633;0;25;45;90;200;1000;11.417
35.72497211;34.33115476;12798.633;0;25;45;90;200;1000;11.704
35.72961326;34.33931188;12798.633;0;25;45;90;200;1000;12.004
35.73425533;34.34746882;12798.633;1.4744;25;45;90;200;1000;12.283
35.73889829;34.35562557;12798.633;1.1663;25;45;90;200;1000;12.526
35.74354216;34.36378213;12798.633;0.93472;25;45;90;200;1000;12.816
35.74818693;34.37193851;12798.633;0.39987;25;45;90;200;1000;13.059
35.7528326;34.3800947;12798.633;0;25;45;90;200;1000;13.319
35.75747918;34.38825071;12798.633;0;25;45;90;200;1000;13.594
35.76212667;34.39640653;12798.633;0;25;45;90;200;1000;13.879
35.76677506;34.40456216;12798.633;0;25;45;90;200;1000;14.177
35.77142436;34.4127176;12798.633;0;25;45;90;200;1000;14.423
35.77607456;34.42087286;12798.633;0;25;45;90;200;1000;14.647
35.78072567;34.42902793;12798.633;0;25;45;90;200;1000;14.902
35.78537769;34.43718282;12798.633;0;25;45;90;200;1000;15.16
35.79003062;34.44533752;12798.633;0;25;45;90;200;1000;15.354
35.79468445;34.45349203;12798.633;0;25;45;90;200;1000;15.624
35.79933919;34.46164635;12798.633;0;25;45;90;200;1000;15.844
35.80399485;34.46980049;12798.633;0;25;45;90;200;1000;16.113
35.80865141;34.47795443;12798.633;0;25;45;90;200;1000;16.398
35.81330888;34.4861082;12798.633;0;25;45;90;200;1000;16.682
35.81796726;34.49426177;12798.633;0;25;45;90;200;1000;16.946
35.82262656;34.50241515;12798.633;0;25;45;90;200;1000;17.175
35.82728676;34.51056835;12798.633;0;25;45;90;200;1000;17.419
35.83194788;34.51872136;12798.633;0;25;45;90;200;1000;17.697
35.83660991;34.52687418;12798.633;0;25;45;90;200;1000;17.929
35.38080873;33.71830647;12940.054;0.28675;25;45;90;200;1000;11.479
35.38538353;33.72647729;12940.054;0;25;45;90;200;1000;11.245
35.3899592;33.73464794;12940.054;0;25;45;90;200;1000;11.024
35.39453574;33.74281841;12940.054;0;25;45;90;200;1000;10.796
35.39911316;33.7509887;12940.054;0.67532;25;45;90;200;1000;10.62
35.40369144;33.75915881;12940.054;0.85286;25;45;90;200;1000;10.441
35.4082706;33.76732874;12940.054;0.96274;25;45;90;200;1000;10.241
35.41285063;33.77549849;12940.054;0;25;45;90;200;1000;10.082
35.41743154;33.78366806;12940.054;0.19993;25;45;90;200;1000;9.872
35.42201332;33.79183745;12940.054;0;25;45;90;200;1000;9.642
35.42659597;33.80000666;12940.054;0;25;45;90;200;1000;9.343
35.4311795;33.80817569;12940.054;0.86119;25;45;90;200;1000;9.216
35.4357639;33.81634453;12940.054;1.0816;25;45;90;200;1000;9.001
35.44034918;33.8245132;12940.054;1.2208;25;45;90;200;1000;8.776
35.44493534;33.83268169;12940.054;1.0028;25;45;90;200;1000;8.519
35.44952237;33.84085;12940.054;1.1646;25;45;90;200;1000;8.222
35.45411028;33.84901812;12940.054;1.0261;25;45;90;200;1000;7.952
35.45869907;33.85718607;12940.054;1.0934;25;45;90;200;1000;7.71
35.46328873;33.86535383;12940.054;1.2332;25;45;90;200;1000;7.507
35.46787927;33.87352141;12940.054;0.35936;25;45;90;200;1000;7.284
35.47247069;33.88168882;12940.054;1.2753;25;45;90;200;1000;7.132
35.47706299;33.88985604;12940.054;0.9525;25;45;90;200;1000;6.967
35.48165617;33.89802308;12940.054;0.69207;25;45;90;200;1000;6.693
35.48625023;33.90618993;12940.054;0;25;45;90;200;1000;6.517
35.49084517;33.91435661;12940.054;0;25;45;90;200;1000;6.24
35.49544099;33.92252311;12940.054;0;25;45;90;200;1000;6.016
35.50003769;33.93068942;12940.054;0;25;45;90;200;1000;5.741
35.50463527;33.93885555;12940.054;0.35867;25;45;90;200;1000;5.53
35.50923373;33.9470215;12940.054;0.52097;25;45;90;200;1000;5.307
35.51383308;33.95518727;12940.054;0;25;45;90;200;1000;5.145
35.51843331;33.96335286;12940.054;0;25;45;90;200;1000;5.097
35.52303442;33.97151826;12940.054;0;25;45;90;200;1000;4.851
35.52763641;33.97968348;12940.054;0;25;45;90;200;1000;4.67
35.53223929;33.98784852;12940.054;0.56738;25;45;90;200;1000;4.656
35.53684306;33.99601338;12940.054;2.1413;25;45;90;200;1000;4.688
35.54144771;34.00417806;12940.054;2.5494;25;45;90;200;1000;4.371
35.54605324;34.01234255;12940.054;3.8035;25;45;90;200;1000;4.157
35.55065966;34.02050686;12940.054;3.6881;25;45;90;200;1000;4.112
35.55526697;34.02867099;12940.054;1.8736;25;45;90;200;1000;4.2
35.55987516;34.03683493;12940.054;0;25;45;90;200;1000;4.177
35.56448424;34.04499869;12940.054;0.4079;25;45;90;200;1000;4.028
35.5690942;34.05316227;12940.054;0.66472;25;45;90;200;1000;4.083
35.57370506;34.06132567;12940.054;0.75422;25;45;90;200;1000;4.087
35.5783168;34.06948888;12940.054;0;25;45;90;200;1000;4.062
35.58292943;34.07765191;12940.054;0;25;45;90;200;1000;4.302
35.58754295;34.08581476;12940.054;0;25;45;90;200;1000;4.421
35.59215736;34.09397742;12940.054;0;25;45;90;200;1000;4.652
35.59677266;34.1021399;12940.054;0;25;45;90;200;1000;4.905
35.60138885;34.1103022;12940.054;1.0635;25;45;90;200;1000;5.281
35.60600593;34.11846431;12940.054;1.348;25;45;90;200;1000;5.548
35.6106239;34.12662624;12940.054;0.78792;25;45;90;200;1000;5.902
35.61524277;34.13478799;12940.054;0;25;45;90;200;1000;6.243
35.61986252;34.14294955;12940.054;0;25;45;90;200;1000;6.672
35.62448317;34.15111093;12940.054;0.16374;25;45;90;200;1000;7.021
35.62910471;34.15927212;12940.054;0;25;45;90;200;1000;7.394
35.63372715;34.16743313;12940.054;0;25;45;90;200;1000;7.604
35.63835047;34.17559395;12940.054;0.76755;25;45;90;200;1000;7.761
35.6429747;34.1837546;12940.054;0.92609;25;45;90;200;1000;7.885
35.64759981;34.19191505;12940.054;0.1608;25;45;90;200;1000;8.112
35.65222582;34.20007532;12940.054;0.19993;25;45;90;200;1000;8.482
35.65685273;34.20823541;12940.054;0;25;45;90;200;1000;8.472
35.66148053;34.21639532;12940.054;0;25;45;90;200;1000;8.718
35.66610923;34.22455503;12940.054;0;25;45;90;200;1000;8.939
35.67073883;34.23271457;12940.054;0.31157;25;45;90;200;1000;8.979
35.67536932;34.24087392;12940.054;0;25;45;90;200;1000;8.995
35.68000071;34.24903308;12940.054;0;25;45;90;200;1000;9.151
35.684633;34.25719206;12940.054;0;25;45;90;200;1000;9.36
35.68926619;34.26535085;12940.054;0;25;45;90;200;1000;9.559
35.69390028;34.27350946;12940.054;0;25;45;90;200;1000;9.776
35.69853526;34.28166788;12940.054;0.40098;25;45;90;200;1000;10.046
35.70317115;34.28982612;12940.054;0.91136;25;45;90;200;1000;10.301
35.70780793;34.29798417;12940.054;0.18316;25;45;90;200;1000;10.574
35.71244562;34.30614204;12940.054;0.33263;25;45;90;200;1000;10.856
35.7170842;34.31429972;12940.054;0;25;45;90;200;1000;11.139
35.72172369;34.32245721;12940.054;0;25;45;90;200;1000;11.403
35.72636408;34.33061452;12940.054;0;25;45;90;200;1000;11.705
35.73100537;34.33877165;12940.054;0;25;45;90;200;1000;11.987
35.73564757;34.34692858;12940.054;1.2291;25;45;90;200;1000;12.249
35.74029067;34.35508534;12940.054;0.93166;25;45;90;200;1000;12.509
35.74493467;34.3632419;12940.054;0.85161;25;45;90;200;1000;12.79
35.74957958;34.37139828;12940.054;0.10686;25;45;90;200;1000;13.048
35.75422539;34.37955447;12940.054;0;25;45;90;200;1000;13.311
35.7588721;34.38771048;12940.054;0;25;45;90;200;1000;13.585
35.76351972;34.3958663;12940.054;0;25;45;90;200;1000;13.854
35.76816825;34.40402193;12940.054;0;25;45;90;200;1000;14.115
35.77281768;34.41217737;12940.054;0;25;45;90;200;1000;14.366
35.77746802;34.42033263;12940.054;0;25;45;90;200;1000;14.627
35.78211926;34.4284877;12940.054;0;25;45;90;200;1000;14.864
35.78677142;34.43664259;12940.054;0;25;45;90;200;1000;15.089
35.79142448;34.44479729;12940.054;0;25;45;90;200;1000;15.311
35.79607845;34.4529518;12940.054;0;25;45;90;200;1000;15.583
35.80073333;34.46110612;12940.054;0;25;45;90;200;1000;15.823
35.80538912;34.46926026;12940.054;0;25;45;90;200;1000;16.106
35.81004581;34.47741421;12940.054;0;25;45;90;200;1000;16.427
35.81470342;34.48556797;12940.054;0;25;45;90;200;1000;16.701
35.81936194;34.49372154;12940.054;0;25;45;90;200;1000;16.976
35.82402137;34.50187493;12940.054;0;25;45;90;200;1000;17.198
35.82868171;34.51002813;12940.054;0;25;45;90;200;1000;17.434
35.83334296;34.51818114;12940.054;0;25;45;90;200;1000;17.711
35.83800512;34.52633396;12940.054;0;25;45;90;200;1000;17.9
35.38219074;33.7177662;13081.475;0;25;45;90;200;1000;11.514
35.38676567;33.72593703;13081.475;0;25;45;90;200;1000;11.259
35.39134148;33.73410767;13081.475;0;25;45;90;200;1000;11.05
35.39591815;33.74227814;13081.475;0;25;45;90;200;1000;10.847
35.40049569;33.75044843;13081.475;0;25;45;90;200;1000;10.666
35.40507411;33.75861854;13081.475;0.48608;25;45;90;200;1000;10.461
35.4096534;33.76678847;13081.475;0.30579;25;45;90;200;1000;10.283
35.41423356;33.77495822;13081.475;0;25;45;90;200;1000;10.134
35.4188146;33.78312779;13081.475;0;25;45;90;200;1000;9.899
35.42339651;33.79129718;13081.475;0;25;45;90;200;1000;9.707
35.4279793;33.79946639;13081.475;0;25;45;90;200;1000;9.447
35.43256296;33.80763542;13081.475;0.69207;25;45;90;200;1000;9.286
35.43714749;33.81580427;13081.475;0.9525;25;45;90;200;1000;9.084
35.4417329;33.82397294;13081.475;0.87435;25;45;90;200;1000;8.832
35.44631919;33.83214142;13081.475;0.49095;25;45;90;200;1000;8.544
35.45090635;33.84030973;13081.475;0.46198;25;45;90;200;1000;8.274
35.45549439;33.84847786;13081.475;0.7646;25;45;90;200;1000;8.001
35.46008331;33.8566458;13081.475;0.85286;25;45;90;200;1000;7.752
35.46467311;33.86481357;13081.475;0.81241;25;45;90;200;1000;7.563
35.46926378;33.87298115;13081.475;0;25;45;90;200;1000;7.356
35.47385533;33.88114855;13081.475;0.9329;25;45;90;200;1000;7.214
35.47844776;33.88931577;13081.475;0.7885;25;45;90;200;1000;7.016
35.48304107;33.89748281;13081.475;0.43982;25;45;90;200;1000;6.766
35.48763526;33.90564967;13081.475;0;25;45;90;200;1000;6.567
35.49223033;33.91381635;13081.475;0;25;45;90;200;1000;6.281
35.49682628;33.92198284;13081.475;0;25;45;90;200;1000;6.052
35.50142312;33.93014916;13081.475;0;25;45;90;200;1000;5.779
35.50602083;33.93831529;13081.475;0.1608;25;45;90;200;1000;5.547
35.51061943;33.94648124;13081.475;0.41063;25;45;90;200;1000;5.347
35.5152189;33.95464701;13081.475;0;25;45;90;200;1000;5.191
35.51981927;33.96281259;13081.475;0;25;45;90;200;1000;5.119
35.52442051;33.970978;13081.475;0;25;45;90;200;1000;4.875
35.52902264;33.97914322;13081.475;0;25;45;90;200;1000;4.731
35.53362565;33.98730826;13081.475;0;25;45;90;200;1000;4.711
35.53822954;33.99547312;13081.475;1.0987;25;45;90;200;1000;4.757
35.54283433;34.0036378;13081.475;2.1505;25;45;90;200;1000;4.453
35.54743999;34.01180229;13081.475;2.9815;25;45;90;200;1000;4.241
35.55204654;34.0199666;13081.475;2.8279;25;45;90;200;1000;4.177
35.55665398;34.02813073;13081.475;1.4373;25;45;90;200;1000;4.264
35.56126231;34.03629467;13081.475;0;25;45;90;200;1000;4.262
35.56587152;34.04445843;13081.475;0;25;45;90;200;1000;4.111
35.57048162;34.05262201;13081.475;0.58229;25;45;90;200;1000;4.154
35.57509261;34.06078541;13081.475;0.44305;25;45;90;200;1000;4.165
35.57970448;34.06894862;13081.475;0;25;45;90;200;1000;4.279
35.58431725;34.07711165;13081.475;0;25;45;90;200;1000;4.443
35.5889309;34.0852745;13081.475;0;25;45;90;200;1000;4.537
35.59354544;34.09343716;13081.475;0;25;45;90;200;1000;4.715
35.59816087;34.10159965;13081.475;0;25;45;90;200;1000;5.031
35.6027772;34.10976194;13081.475;0.37784;25;45;90;200;1000;5.343
35.60739441;34.11792406;13081.475;1.1271;25;45;90;200;1000;5.656
35.61201252;34.12608598;13081.475;0.45672;25;45;90;200;1000;5.958
35.61663151;34.13424773;13081.475;0;25;45;90;200;1000;6.269
35.6212514;34.14240929;13081.475;0;25;45;90;200;1000;6.659
35.62587218;34.15057067;13081.475;0;25;45;90;200;1000;6.946
35.63049386;34.15873186;13081.475;0;25;45;90;200;1000;7.311
35.63511642;34.16689287;13081.475;0;25;45;90;200;1000;7.655
35.63973989;34.1750537;13081.475;0.59275;25;45;90;200;1000;7.838
35.64436424;34.18321434;13081.475;0.66406;25;45;90;200;1000;7.987
35.64898949;34.1913748;13081.475;0;25;45;90;200;1000;8.166
35.65361564;34.19953507;13081.475;0;25;45;90;200;1000;8.599
35.65824268;34.20769516;13081.475;0;25;45;90;200;1000;8.585
35.66287061;34.21585506;13081.475;0;25;45;90;200;1000;8.757
35.66749945;34.22401478;13081.475;0;25;45;90;200;1000;8.964
35.67212918;34.23217431;13081.475;0.19993;25;45;90;200;1000;9.039
35.6767598;34.24033366;13081.475;0;25;45;90;200;1000;9.04
35.68139133;34.24849283;13081.475;0;25;45;90;200;1000;9.175
35.68602375;34.25665181;13081.475;0;25;45;90;200;1000;9.371
35.69065707;34.2648106;13081.475;0;25;45;90;200;1000;9.591
35.69529129;34.27296921;13081.475;0;25;45;90;200;1000;9.794
35.69992641;34.28112763;13081.475;0.24082;25;45;90;200;1000;10.056
35.70456243;34.28928587;13081.475;0.26552;25;45;90;200;1000;10.313
35.70919935;34.29744392;13081.475;0;25;45;90;200;1000;10.596
35.71383717;34.30560179;13081.475;0.1752;25;45;90;200;1000;10.877
35.71847589;34.31375947;13081.475;0;25;45;90;200;1000;11.152
35.72311551;34.32191697;13081.475;0;25;45;90;200;1000;11.421
35.72775604;34.33007427;13081.475;0;25;45;90;200;1000;11.715
35.73239747;34.3382314;13081.475;0;25;45;90;200;1000;11.977
35.7370398;34.34638834;13081.475;0.69326;25;45;90;200;1000;12.234
35.74168303;34.35454509;13081.475;0.83467;25;45;90;200;1000;12.499
35.74632717;34.36270165;13081.475;0.74426;25;45;90;200;1000;12.783
35.75097221;34.37085803;13081.475;0;25;45;90;200;1000;13.052
35.75561815;34.37901422;13081.475;0;25;45;90;200;1000;13.326
35.760265;34.38717023;13081.475;0;25;45;90;200;1000;13.591
35.76491276;34.39532605;13081.475;0;25;45;90;200;1000;13.835
35.76956142;34.40348168;13081.475;0;25;45;90;200;1000;14.087
35.77421098;34.41163713;13081.475;0;25;45;90;200;1000;14.344
35.77886146;34.41979239;13081.475;0;25;45;90;200;1000;14.603
35.78351284;34.42794746;13081.475;0;25;45;90;200;1000;14.813
35.78816513;34.43610234;13081.475;0;25;45;90;200;1000;15.045
35.79281832;34.44425704;13081.475;0;25;45;90;200;1000;15.28
35.79747243;34.45241155;13081.475;0;25;45;90;200;1000;15.534
35.80212744;34.46056588;13081.475;0;25;45;90;200;1000;15.783
35.80678337;34.46872001;13081.475;0;25;45;90;200;1000;16.099
35.8114402;34.47687396;13081.475;0;25;45;90;200;1000;16.445
35.81609794;34.48502772;13081.475;0;25;45;90;200;1000;16.715
35.82075659;34.4931813;13081.475;0;25;45;90;200;1000;16.947
35.82541616;34.50133468;13081.475;0;25;45;90;200;1000;17.214
35.83007663;34.50948788;13081.475;0;25;45;90;200;1000;17.448
35.83473802;34.51764089;13081.475;0;25;45;90;200;1000;17.688
35.83940032;34.52579371;13081.475;0;25;45;90;200;1000;17.881
35.38357274;33.71722591;13222.897;0;25;45;90;200;1000;11.525
35.3881478;33.72539674;13222.897;0;25;45;90;200;1000;11.28
35.39272374;33.73356739;13222.897;0;25;45;90;200;1000;11.12
35.39730054;33.74173786;13222.897;0;25;45;90;200;1000;10.919
35.40187821;33.74990815;13222.897;0;25;45;90;200;1000;10.7
35.40645676;33.75807826;13222.897;0;25;45;90;200;1000;10.493
35.41103618;33.76624819;13222.897;0;25;45;90;200;1000;10.353
35.41561648;33.77441794;13222.897;0;25;45;90;200;1000;10.177
35.42019765;33.78258751;13222.897;0;25;45;90;200;1000;9.956
35.42477969;33.7907569;13222.897;0;25;45;90;200;1000;9.78
35.4293626;33.79892611;13222.897;0;25;45;90;200;1000;9.55
35.43394639;33.80709514;13222.897;0.43982;25;45;90;200;1000;9.36
35.43853106;33.81526399;13222.897;0.7885;25;45;90;200;1000;9.119
35.4431166;33.82343265;13222.897;0.69207;25;45;90;200;1000;8.876
35.44770302;33.83160114;13222.897;0;25;45;90;200;1000;8.57
35.45229032;33.83976945;13222.897;0.25486;25;45;90;200;1000;8.312
35.45687849;33.84793758;13222.897;0.30579;25;45;90;200;1000;8.038
35.46146754;33.85610552;13222.897;0.48607;25;45;90;200;1000;7.788
35.46605746;33.86427329;13222.897;0;25;45;90;200;1000;7.612
35.47064827;33.87244087;13222.897;0;25;45;90;200;1000;7.437
35.47523995;33.88060827;13222.897;0.41303;25;45;90;200;1000;7.26
35.47983251;33.88877549;13222.897;0.55979;25;45;90;200;1000;7.07
35.48442596;33.89694253;13222.897;0;25;45;90;200;1000;6.834
35.48902028;33.90510939;13222.897;0;25;45;90;200;1000;6.547
35.49361548;33.91327607;13222.897;0;25;45;90;200;1000;6.301
35.49821156;33.92144256;13222.897;0;25;45;90;200;1000;6.063
35.50280853;33.92960888;13222.897;0;25;45;90;200;1000;5.83
35.50740637;33.93777501;13222.897;0;25;45;90;200;1000;5.578
35.5120051;33.94594096;13222.897;0.20733;25;45;90;200;1000;5.394
35.51660471;33.95410673;13222.897;0;25;45;90;200;1000;5.245
35.52120521;33.96227232;13222.897;0;25;45;90;200;1000;5.175
35.52580658;33.97043772;13222.897;0;25;45;90;200;1000;4.916
35.53040884;33.97860294;13222.897;0;25;45;90;200;1000;4.809
35.53501199;33.98676799;13222.897;0;25;45;90;200;1000;4.792
35.53961601;33.99493284;13222.897;0.88571;25;45;90;200;1000;4.827
35.54422093;34.00309752;13222.897;1.5298;25;45;90;200;1000;4.539
35.54882673;34.01126201;13222.897;2.3615;25;45;90;200;1000;4.332
35.55343341;34.01942632;13222.897;1.8056;25;45;90;200;1000;4.258
35.55804098;34.02759045;13222.897;0.72238;25;45;90;200;1000;4.345
35.56264944;34.0357544;13222.897;0;25;45;90;200;1000;4.348
35.56725878;34.04391816;13222.897;0;25;45;90;200;1000;4.196
35.57186902;34.05208174;13222.897;0.46198;25;45;90;200;1000;4.212
35.57648014;34.06024514;13222.897;0.26583;25;45;90;200;1000;4.269
35.58109214;34.06840835;13222.897;0;25;45;90;200;1000;4.388
35.58570504;34.07657138;13222.897;0;25;45;90;200;1000;4.562
35.59031883;34.08473423;13222.897;0;25;45;90;200;1000;4.7
35.5949335;34.09289689;13222.897;0;25;45;90;200;1000;4.813
35.59954907;34.10105937;13222.897;0;25;45;90;200;1000;5.075
35.60416552;34.10922167;13222.897;0;25;45;90;200;1000;5.419
35.60878287;34.11738378;13222.897;0.7347;25;45;90;200;1000;5.719
35.61340111;34.12554571;13222.897;0.35867;25;45;90;200;1000;6.006
35.61802024;34.13370746;13222.897;0;25;45;90;200;1000;6.294
35.62264026;34.14186902;13222.897;0;25;45;90;200;1000;6.618
35.62726118;34.1500304;13222.897;0;25;45;90;200;1000;6.912
35.63188298;34.15819159;13222.897;0;25;45;90;200;1000;7.255
35.63650568;34.1663526;13222.897;0;25;45;90;200;1000;7.614
35.64112928;34.17451343;13222.897;0.52097;25;45;90;200;1000;7.894
35.64575377;34.18267407;13222.897;0.35867;25;45;90;200;1000;8.061
35.65037915;34.19083453;13222.897;0;25;45;90;200;1000;8.317
35.65500543;34.1989948;13222.897;0;25;45;90;200;1000;8.683
35.65963261;34.20715489;13222.897;0;25;45;90;200;1000;8.686
35.66426068;34.21531479;13222.897;0;25;45;90;200;1000;8.854
35.66888964;34.22347451;13222.897;0;25;45;90;200;1000;9.035
35.67351951;34.23163405;13222.897;0;25;45;90;200;1000;9.093
35.67815027;34.2397934;13222.897;0;25;45;90;200;1000;9.083
35.68278193;34.24795256;13222.897;0;25;45;90;200;1000;9.197
35.68741448;34.25611154;13222.897;0;25;45;90;200;1000;9.39
35.69204794;34.26427033;13222.897;0;25;45;90;200;1000;9.619
35.69668229;34.27242894;13222.897;0;25;45;90;200;1000;9.822
35.70131755;34.28058737;13222.897;0;25;45;90;200;1000;10.067
35.7059537;34.2887456;13222.897;0;25;45;90;200;1000;10.344
35.71059075;34.29690366;13222.897;0;25;45;90;200;1000;10.622
35.71522871;34.30506152;13222.897;0;25;45;90;200;1000;10.923
35.71986756;34.3132192;13222.897;0;25;45;90;200;1000;11.191
35.72450732;34.3213767;13222.897;0;25;45;90;200;1000;11.45
35.72914798;34.32953401;13222.897;0;25;45;90;200;1000;11.735
35.73378954;34.33769113;13222.897;0;25;45;90;200;1000;11.991
35.738432;34.34584807;13222.897;0.27246;25;45;90;200;1000;12.247
35.74307537;34.35400482;13222.897;0.70889;25;45;90;200;1000;12.51
35.74771964;34.36216139;13222.897;0.5998;25;45;90;200;1000;12.798
35.75236482;34.37031777;13222.897;0;25;45;90;200;1000;13.066
35.7570109;34.37847396;13222.897;0;25;45;90;200;1000;13.335
35.76165788;34.38662997;13222.897;0;25;45;90;200;1000;13.608
35.76630577;34.39478579;13222.897;0;25;45;90;200;1000;13.824
35.77095457;34.40294142;13222.897;0;25;45;90;200;1000;14.069
35.77560427;34.41109686;13222.897;0;25;45;90;200;1000;14.334
35.78025488;34.41925212;13222.897;0;25;45;90;200;1000;14.565
35.7849064;34.4274072;13222.897;0;25;45;90;200;1000;14.788
35.78955882;34.43556208;13222.897;0;25;45;90;200;1000;15.01
35.79421215;34.44371678;13222.897;0;25;45;90;200;1000;15.25
35.79886639;34.45187129;13222.897;0;25;45;90;200;1000;15.506
35.80352154;34.46002562;13222.897;0;25;45;90;200;1000;15.763
35.8081776;34.46817975;13222.897;0;25;45;90;200;1000;16.074
35.81283457;34.4763337;13222.897;0;25;45;90;200;1000;16.415
35.81749245;34.48448746;13222.897;0;25;45;90;200;1000;16.679
35.82215123;34.49264104;13222.897;0;25;45;90;200;1000;16.919
35.82681093;34.50079442;13222.897;0;25;45;90;200;1000;17.181
35.83147155;34.50894762;13222.897;0;25;45;90;200;1000;17.437
35.83613307;34.51710063;13222.897;0;25;45;90;200;1000;17.663
35.8407955;34.52525346;13222.897;0;25;45;90;200;1000;17.873
35.38495472;33.71668561;13364.318;0;25;45;90;200;1000;11.54
35.38952991;33.72485644;13364.318;0;25;45;90;200;1000;11.33
35.39410598;33.73302709;13364.318;0;25;45;90;200;1000;11.176
35.39868291;33.74119756;13364.318;0;25;45;90;200;1000;10.978
35.40326072;33.74936785;13364.318;0;25;45;90;200;1000;10.737
35.4078394;33.75753796;13364.318;0;25;45;90;200;1000;10.531
35.41241895;33.76570789;13364.318;0;25;45;90;200;1000;10.417
35.41699937;33.77387764;13364.318;0;25;45;90;200;1000;10.219
35.42158067;33.78204721;13364.318;0;25;45;90;200;1000;10.025
35.42616285;33.7902166;13364.318;0;25;45;90;200;1000;9.839
35.43074589;33.79838581;13364.318;0;25;45;90;200;1000;9.636
35.43532982;33.80655484;13364.318;0;25;45;90;200;1000;9.441
35.43991461;33.81472369;13364.318;0.55979;25;45;90;200;1000;9.176
35.44450029;33.82289236;13364.318;0.41304;25;45;90;200;1000;8.9
35.44908684;33.83106084;13364.318;0;25;45;90;200;1000;8.584
35.45367426;33.83922915;13364.318;0;25;45;90;200;1000;8.336
35.45826256;33.84739728;13364.318;0;25;45;90;200;1000;8.057
35.46285175;33.85556522;13364.318;0;25;45;90;200;1000;7.832
35.4674418;33.86373299;13364.318;0;25;45;90;200;1000;7.661
35.47203274;33.87190057;13364.318;0;25;45;90;200;1000;7.496
35.47662456;33.88006798;13364.318;0;25;45;90;200;1000;7.327
35.48121725;33.8882352;13364.318;0;25;45;90;200;1000;7.088
35.48581082;33.89640224;13364.318;0;25;45;90;200;1000;6.81
35.49040528;33.9045691;13364.318;0;25;45;90;200;1000;6.54
35.49500061;33.91273577;13364.318;0;25;45;90;200;1000;6.297
35.49959683;33.92090227;13364.318;0;25;45;90;200;1000;6.076
35.50419392;33.92906858;13364.318;0;25;45;90;200;1000;5.843
35.5087919;33.93723472;13364.318;0;25;45;90;200;1000;5.622
35.51339076;33.94540067;13364.318;0;25;45;90;200;1000;5.434
35.5179905;33.95356644;13364.318;0;25;45;90;200;1000;5.32
35.52259113;33.96173202;13364.318;0;25;45;90;200;1000;5.226
35.52719264;33.96989743;13364.318;0;25;45;90;200;1000;4.984
35.53179503;33.97806265;13364.318;0;25;45;90;200;1000;4.883
35.53639831;33.98622769;13364.318;0;25;45;90;200;1000;4.864
35.54100247;33.99439255;13364.318;0.58229;25;45;90;200;1000;4.894
35.54560751;34.00255723;13364.318;1.0261;25;45;90;200;1000;4.6
35.55021344;34.01072172;13364.318;1.5461;25;45;90;200;1000;4.418
35.55482026;34.01888603;13364.318;1.4656;25;45;90;200;1000;4.381
35.55942796;34.02705016;13364.318;0;25;45;90;200;1000;4.471
35.56403655;34.03521411;13364.318;0;25;45;90;200;1000;4.44
35.56864603;34.04337787;13364.318;0;25;45;90;200;1000;4.269
35.5732564;34.05154145;13364.318;0.25486;25;45;90;200;1000;4.271
35.57786765;34.05970485;13364.318;0;25;45;90;200;1000;4.351
35.58247979;34.06786806;13364.318;0;25;45;90;200;1000;4.549
35.58709282;34.07603109;13364.318;0;25;45;90;200;1000;4.687
35.59170674;34.08419394;13364.318;0;25;45;90;200;1000;4.79
35.59632155;34.0923566;13364.318;0;25;45;90;200;1000;4.928
35.60093725;34.10051908;13364.318;0;25;45;90;200;1000;5.144
35.60555383;34.10868138;13364.318;0;25;45;90;200;1000;5.456
35.61017131;34.1168435;13364.318;0.41063;25;45;90;200;1000;5.761
35.61478969;34.12500543;13364.318;0.1608;25;45;90;200;1000;6.04
35.61940895;34.13316717;13364.318;0;25;45;90;200;1000;6.327
35.6240291;34.14132873;13364.318;0;25;45;90;200;1000;6.631
35.62865015;34.14949011;13364.318;0;25;45;90;200;1000;6.917
35.63327209;34.15765131;13364.318;0;25;45;90;200;1000;7.249
35.63789493;34.16581232;13364.318;0;25;45;90;200;1000;7.566
35.64251866;34.17397314;13364.318;0.41063;25;45;90;200;1000;7.87
35.64714328;34.18213379;13364.318;0.1608;25;45;90;200;1000;8.157
35.6517688;34.19029424;13364.318;0;25;45;90;200;1000;8.371
35.65639521;34.19845452;13364.318;0;25;45;90;200;1000;8.796
35.66102252;34.2066146;13364.318;0;25;45;90;200;1000;8.774
35.66565072;34.21477451;13364.318;0;25;45;90;200;1000;8.927
35.67027982;34.22293423;13364.318;0;25;45;90;200;1000;9.093
35.67490982;34.23109376;13364.318;0;25;45;90;200;1000;9.148
35.67954071;34.23925311;13364.318;0;25;45;90;200;1000;9.141
35.68417251;34.24741228;13364.318;0;25;45;90;200;1000;9.242
35.6888052;34.25557126;13364.318;0;25;45;90;200;1000;9.432
35.69343879;34.26373005;13364.318;0;25;45;90;200;1000;9.646
35.69807327;34.27188866;13364.318;0;25;45;90;200;1000;9.863
35.70270866;34.28004708;13364.318;0;25;45;90;200;1000;10.08
35.70734495;34.28820532;13364.318;0;25;45;90;200;1000;10.397
35.71198214;34.29636337;13364.318;0;25;45;90;200;1000;10.642
35.71662023;34.30452124;13364.318;0;25;45;90;200;1000;10.934
35.72125922;34.31267892;13364.318;0;25;45;90;200;1000;11.201
35.72589911;34.32083642;13364.318;0;25;45;90;200;1000;11.472
35.7305399;34.32899373;13364.318;0;25;45;90;200;1000;11.754
35.7351816;34.33715085;13364.318;0;25;45;90;200;1000;12.006
35.73982419;34.34530779;13364.318;0;25;45;90;200;1000;12.259
35.7444677;34.35346454;13364.318;0.53434;25;45;90;200;1000;12.544
35.7491121;34.36162111;13364.318;0.37784;25;45;90;200;1000;12.828
35.75375741;34.36977749;13364.318;0;25;45;90;200;1000;13.075
35.75840363;34.37793368;13364.318;0;25;45;90;200;1000;13.334
35.76305075;34.38608969;13364.318;0;25;45;90;200;1000;13.614
35.76769877;34.39424551;13364.318;0;25;45;90;200;1000;13.832
35.7723477;34.40240114;13364.318;0;25;45;90;200;1000;14.07
35.77699754;34.41055659;13364.318;0;25;45;90;200;1000;14.314
35.78164828;34.41871185;13364.318;0;25;45;90;200;1000;14.555
35.78629993;34.42686692;13364.318;0;25;45;90;200;1000;14.776
35.79095249;34.43502181;13364.318;0;25;45;90;200;1000;15
35.79560596;34.4431765;13364.318;0;25;45;90;200;1000;15.228
35.80026034;34.45133102;13364.318;0;25;45;90;200;1000;15.481
35.80491562;34.45948534;13364.318;0;25;45;90;200;1000;15.753
35.80957181;34.46763948;13364.318;0;25;45;90;200;1000;16.055
35.81422892;34.47579343;13364.318;0;25;45;90;200;1000;16.392
35.81888693;34.48394719;13364.318;0;25;45;90;200;1000;16.657
35.82354585;34.49210076;13364.318;0;25;45;90;200;1000;16.91
35.82820569;34.50025415;13364.318;0;25;45;90;200;1000;17.167
35.83286644;34.50840735;13364.318;0;25;45;90;200;1000;17.411
35.8375281;34.51656036;13364.318;0;25;45;90;200;1000;17.64
35.84219067;34.52471318;13364.318;0;25;45;90;200;1000;17.861
35.38633669;33.71614529;13505.74;0;25;45;90;200;1000;11.561
35.39091201;33.72431612;13505.74;0;25;45;90;200;1000;11.388
35.3954882;33.73248677;13505.74;0;25;45;90;200;1000;11.215
35.40006527;33.74065724;13505.74;0;25;45;90;200;1000;11.033
35.4046432;33.74882753;13505.74;0;25;45;90;200;1000;10.784
35.40922201;33.75699764;13505.74;0;25;45;90;200;1000;10.584
35.4138017;33.76516757;13505.74;0;25;45;90;200;1000;10.476
35.41838225;33.77333732;13505.74;0;25;45;90;200;1000;10.268
35.42296368;33.7815069;13505.74;0;25;45;90;200;1000;10.058
35.42754599;33.78967629;13505.74;0;25;45;90;200;1000;9.866
35.43212916;33.7978455;13505.74;0;25;45;90;200;1000;9.731
35.43671322;33.80601453;13505.74;0;25;45;90;200;1000;9.513
35.44129815;33.81418337;13505.74;0;25;45;90;200;1000;9.254
35.44588395;33.82235204;13505.74;0;25;45;90;200;1000;8.953
35.45047063;33.83052053;13505.74;0;25;45;90;200;1000;8.622
35.45505819;33.83868884;13505.74;0;25;45;90;200;1000;8.362
35.45964662;33.84685697;13505.74;0;25;45;90;200;1000;8.102
35.46423594;33.85502491;13505.74;0;25;45;90;200;1000;7.863
35.46882613;33.86319268;13505.74;0;25;45;90;200;1000;7.678
35.47341719;33.87136026;13505.74;0;25;45;90;200;1000;7.54
35.47800914;33.87952766;13505.74;0;25;45;90;200;1000;7.381
35.48260197;33.88769489;13505.74;0;25;45;90;200;1000;7.112
35.48719567;33.89586193;13505.74;0;25;45;90;200;1000;6.818
35.49179026;33.90402879;13505.74;0;25;45;90;200;1000;6.554
35.49638572;33.91219546;13505.74;0;25;45;90;200;1000;6.311
35.50098207;33.92036196;13505.74;0;25;45;90;200;1000;6.088
35.5055793;33.92852828;13505.74;0;25;45;90;200;1000;5.856
35.51017741;33.93669441;13505.74;0;25;45;90;200;1000;5.65
35.5147764;33.94486036;13505.74;0;25;45;90;200;1000;5.479
35.51937628;33.95302613;13505.74;0;25;45;90;200;1000;5.372
35.52397703;33.96119172;13505.74;0;25;45;90;200;1000;5.257
35.52857867;33.96935712;13505.74;0;25;45;90;200;1000;5.061
35.5331812;33.97752234;13505.74;0;25;45;90;200;1000;4.955
35.53778461;33.98568739;13505.74;0;25;45;90;200;1000;4.928
35.5423889;33.99385224;13505.74;0;25;45;90;200;1000;4.931
35.54699408;34.00201692;13505.74;0.7646;25;45;90;200;1000;4.667
35.55160014;34.01018141;13505.74;1.036;25;45;90;200;1000;4.506
35.55620709;34.01834573;13505.74;0.96678;25;45;90;200;1000;4.494
35.56081493;34.02650985;13505.74;0;25;45;90;200;1000;4.543
35.56542365;34.0346738;13505.74;0;25;45;90;200;1000;4.508
35.57003326;34.04283756;13505.74;0;25;45;90;200;1000;4.332
35.57464376;34.05100114;13505.74;0;25;45;90;200;1000;4.349
35.57925514;34.05916454;13505.74;0;25;45;90;200;1000;4.47
35.58386742;34.06732776;13505.74;0;25;45;90;200;1000;4.763
35.58848058;34.07549079;13505.74;0;25;45;90;200;1000;4.86
35.59309463;34.08365363;13505.74;0;25;45;90;200;1000;4.974
35.59770957;34.0918163;13505.74;0;25;45;90;200;1000;5.041
35.6023254;34.09997878;13505.74;0;25;45;90;200;1000;5.246
35.60694213;34.10814108;13505.74;0;25;45;90;200;1000;5.531
35.61155974;34.11630319;13505.74;0.20734;25;45;90;200;1000;5.863
35.61617824;34.12446512;13505.74;0;25;45;90;200;1000;6.094
35.62079764;34.13262687;13505.74;0;25;45;90;200;1000;6.386
35.62541793;34.14078843;13505.74;0;25;45;90;200;1000;6.666
35.63003911;34.14894981;13505.74;0;25;45;90;200;1000;6.942
35.63466118;34.157111;13505.74;0;25;45;90;200;1000;7.255
35.63928415;34.16527202;13505.74;0;25;45;90;200;1000;7.561
35.64390801;34.17343284;13505.74;0.20734;25;45;90;200;1000;7.882
35.64853277;34.18159348;13505.74;0;25;45;90;200;1000;8.213
35.65315842;34.18975394;13505.74;0;25;45;90;200;1000;8.416
35.65778497;34.19791422;13505.74;0;25;45;90;200;1000;8.798
35.66241241;34.2060743;13505.74;0;25;45;90;200;1000;8.879
35.66704075;34.21423421;13505.74;0;25;45;90;200;1000;8.995
35.67166998;34.22239393;13505.74;0;25;45;90;200;1000;9.153
35.67630011;34.23055346;13505.74;0;25;45;90;200;1000;9.212
35.68093114;34.23871281;13505.74;0;25;45;90;200;1000;9.207
35.68556307;34.24687198;13505.74;0;25;45;90;200;1000;9.297
35.69019589;34.25503096;13505.74;0;25;45;90;200;1000;9.483
35.69482962;34.26318975;13505.74;0;25;45;90;200;1000;9.681
35.69946424;34.27134836;13505.74;0;25;45;90;200;1000;9.909
35.70409976;34.27950678;13505.74;0;25;45;90;200;1000;10.116
35.70873618;34.28766502;13505.74;0;25;45;90;200;1000;10.42
35.7133735;34.29582308;13505.74;0;25;45;90;200;1000;10.689
35.71801173;34.30398094;13505.74;0;25;45;90;200;1000;10.945
35.72265085;34.31213863;13505.74;0;25;45;90;200;1000;11.227
35.72729088;34.32029612;13505.74;0;25;45;90;200;1000;11.508
35.7319318;34.32845343;13505.74;0;25;45;90;200;1000;11.792
35.73657363;34.33661056;13505.74;0;25;45;90;200;1000;12.021
35.74121637;34.34476749;13505.74;0;25;45;90;200;1000;12.28
35.74586;34.35292425;13505.74;0.21374;25;45;90;200;1000;12.572
35.75050454;34.36108081;13505.74;0;25;45;90;200;1000;12.848
35.75514999;34.36923719;13505.74;0;25;45;90;200;1000;13.091
35.75979634;34.37739339;13505.74;0;25;45;90;200;1000;13.343
35.76444359;34.38554939;13505.74;0;25;45;90;200;1000;13.622
35.76909175;34.39370521;13505.74;0;25;45;90;200;1000;13.856
35.77374082;34.40186085;13505.74;0;25;45;90;200;1000;14.079
35.77839079;34.41001629;13505.74;0;25;45;90;200;1000;14.32
35.78304167;34.41817155;13505.74;0;25;45;90;200;1000;14.583
35.78769346;34.42632663;13505.74;0;25;45;90;200;1000;14.789
35.79234615;34.43448151;13505.74;0;25;45;90;200;1000;15.01
35.79699975;34.44263621;13505.74;0;25;45;90;200;1000;15.236
35.80165426;34.45079072;13505.74;0;25;45;90;200;1000;15.487
35.80630968;34.45894505;13505.74;0;25;45;90;200;1000;15.777
35.81096601;34.46709918;13505.74;0;25;45;90;200;1000;16.065
35.81562325;34.47525313;13505.74;0;25;45;90;200;1000;16.364
35.8202814;34.4834069;13505.74;0;25;45;90;200;1000;16.641
35.82494046;34.49156047;13505.74;0;25;45;90;200;1000;16.891
35.82960043;34.49971386;13505.74;0;25;45;90;200;1000;17.141
35.83426131;34.50786706;13505.74;0;25;45;90;200;1000;17.401
35.83892311;34.51602007;13505.74;0;25;45;90;200;1000;17.627
35.84358581;34.52417289;13505.74;0;25;45;90;200;1000;17.853
35.38771863;33.71560496;13647.161;0;25;45;90;200;1000;11.589
35.39229408;33.72377579;13647.161;0;25;45;90;200;1000;11.429
35.39687041;33.73194644;13647.161;0;25;45;90;200;1000;11.282
35.4014476;33.74011691;13647.161;0;25;45;90;200;1000;11.091
35.40602567;33.7482872;13647.161;0;25;45;90;200;1000;10.828
35.41060461;33.75645731;13647.161;0;25;45;90;200;1000;10.632
35.41518443;33.76462724;13647.161;0;25;45;90;200;1000;10.534
35.41976511;33.77279699;13647.161;0;25;45;90;200;1000;10.303
35.42434668;33.78096657;13647.161;0;25;45;90;200;1000;10.122
35.42892911;33.78913596;13647.161;0;25;45;90;200;1000;9.94
35.43351242;33.79730517;13647.161;0;25;45;90;200;1000;9.79
35.4380966;33.8054742;13647.161;0;25;45;90;200;1000;9.584
35.44268166;33.81364305;13647.161;0;25;45;90;200;1000;9.316
35.4472676;33.82181172;13647.161;0;25;45;90;200;1000;9.013
35.45185441;33.8299802;13647.161;0;25;45;90;200;1000;8.665
35.4564421;33.83814851;13647.161;0;25;45;90;200;1000;8.385
35.46103067;33.84631664;13647.161;0;25;45;90;200;1000;8.133
35.46562011;33.85448458;13647.161;0;25;45;90;200;1000;7.906
35.47021043;33.86265235;13647.161;0;25;45;90;200;1000;7.703
35.47480163;33.87081993;13647.161;0;25;45;90;200;1000;7.579
35.47939371;33.87898734;13647.161;0;25;45;90;200;1000;7.44
35.48398667;33.88715456;13647.161;0;25;45;90;200;1000;7.114
35.48858051;33.8953216;13647.161;0;25;45;90;200;1000;6.838
35.49317522;33.90348846;13647.161;0;25;45;90;200;1000;6.588
35.49777082;33.91165514;13647.161;0;25;45;90;200;1000;6.342
35.5023673;33.91982163;13647.161;0;25;45;90;200;1000;6.118
35.50696466;33.92798795;13647.161;0;25;45;90;200;1000;5.874
35.5115629;33.93615408;13647.161;0;25;45;90;200;1000;5.669
35.51616203;33.94432003;13647.161;0;25;45;90;200;1000;5.534
35.52076203;33.9524858;13647.161;0;25;45;90;200;1000;5.428
35.52536292;33.96065139;13647.161;0;25;45;90;200;1000;5.278
35.52996469;33.9688168;13647.161;0;25;45;90;200;1000;5.128
35.53456735;33.97698202;13647.161;0;25;45;90;200;1000;5.017
35.53917089;33.98514706;13647.161;0;25;45;90;200;1000;4.986
35.54377532;33.99331192;13647.161;0;25;45;90;200;1000;4.957
35.54838063;34.0014766;13647.161;0.30578;25;45;90;200;1000;4.741
35.55298682;34.00964109;13647.161;0.48607;25;45;90;200;1000;4.62
35.55759391;34.0178054;13647.161;0;25;45;90;200;1000;4.597
35.56220187;34.02596953;13647.161;0;25;45;90;200;1000;4.628
35.56681073;34.03413348;13647.161;0;25;45;90;200;1000;4.611
35.57142047;34.04229724;13647.161;0;25;45;90;200;1000;4.446
35.5760311;34.05046082;13647.161;0;25;45;90;200;1000;4.412
35.58064262;34.05862422;13647.161;0;25;45;90;200;1000;4.567
35.58525503;34.06678743;13647.161;0;25;45;90;200;1000;4.799
35.58986832;34.07495047;13647.161;0;25;45;90;200;1000;5.061
35.59448251;34.08311331;13647.161;0;25;45;90;200;1000;5.25
35.59909758;34.09127598;13647.161;0;25;45;90;200;1000;5.188
35.60371355;34.09943846;13647.161;0;25;45;90;200;1000;5.363
35.6083304;34.10760076;13647.161;0;25;45;90;200;1000;5.6
35.61294815;34.11576287;13647.161;0;25;45;90;200;1000;5.926
35.61756679;34.1239248;13647.161;0;25;45;90;200;1000;6.149
35.62218631;34.13208655;13647.161;0;25;45;90;200;1000;6.451
35.62680674;34.14024811;13647.161;0;25;45;90;200;1000;6.7
35.63142805;34.14840949;13647.161;0;25;45;90;200;1000;6.972
35.63605026;34.15657069;13647.161;0;25;45;90;200;1000;7.258
35.64067336;34.1647317;13647.161;0;25;45;90;200;1000;7.574
35.64529736;34.17289252;13647.161;0;25;45;90;200;1000;7.925
35.64992225;34.18105317;13647.161;0;25;45;90;200;1000;8.261
35.65454803;34.18921362;13647.161;0;25;45;90;200;1000;8.463
35.65917471;34.1973739;13647.161;0;25;45;90;200;1000;8.813
35.66380228;34.20553399;13647.161;0;25;45;90;200;1000;8.956
35.66843076;34.21369389;13647.161;0;25;45;90;200;1000;9.054
35.67306012;34.22185361;13647.161;0;25;45;90;200;1000;9.206
35.67769039;34.23001315;13647.161;0;25;45;90;200;1000;9.279
35.68232155;34.2381725;13647.161;0;25;45;90;200;1000;9.261
35.68695361;34.24633166;13647.161;0;25;45;90;200;1000;9.347
35.69158657;34.25449064;13647.161;0;25;45;90;200;1000;9.503
35.69622043;34.26264944;13647.161;0;25;45;90;200;1000;9.719
35.70085518;34.27080805;13647.161;0;25;45;90;200;1000;9.964
35.70549084;34.27896647;13647.161;0;25;45;90;200;1000;10.132
35.7101274;34.28712471;13647.161;0;25;45;90;200;1000;10.404
35.71476485;34.29528276;13647.161;0;25;45;90;200;1000;10.731
35.71940321;34.30344063;13647.161;0;25;45;90;200;1000;10.958
35.72404247;34.31159831;13647.161;0;25;45;90;200;1000;11.263
35.72868263;34.31975581;13647.161;0;25;45;90;200;1000;11.549
35.73332369;34.32791312;13647.161;0;25;45;90;200;1000;11.821
35.73796565;34.33607024;13647.161;0;25;45;90;200;1000;12.064
35.74260852;34.34422718;13647.161;0;25;45;90;200;1000;12.331
35.74725229;34.35238393;13647.161;0;25;45;90;200;1000;12.641
35.75189697;34.3605405;13647.161;0;25;45;90;200;1000;12.894
35.75654255;34.36869688;13647.161;0;25;45;90;200;1000;13.121
35.76118903;34.37685307;13647.161;0;25;45;90;200;1000;13.382
35.76583642;34.38500908;13647.161;0;25;45;90;200;1000;13.646
35.77048472;34.3931649;13647.161;0;25;45;90;200;1000;13.891
35.77513392;34.40132054;13647.161;0;25;45;90;200;1000;14.097
35.77978402;34.40947598;13647.161;0;25;45;90;200;1000;14.342
35.78443504;34.41763124;13647.161;0;25;45;90;200;1000;14.613
35.78908696;34.42578632;13647.161;0;25;45;90;200;1000;14.816
35.79373979;34.4339412;13647.161;0;25;45;90;200;1000;15.019
35.79839352;34.4420959;13647.161;0;25;45;90;200;1000;15.252
35.80304817;34.45025041;13647.161;0;25;45;90;200;1000;15.508
35.80770372;34.45840474;13647.161;0;25;45;90;200;1000;15.794
35.81236019;34.46655888;13647.161;0;25;45;90;200;1000;16.077
35.81701756;34.47471283;13647.161;0;25;45;90;200;1000;16.363
35.82167585;34.48286659;13647.161;0;25;45;90;200;1000;16.64
35.82633504;34.49102016;13647.161;0;25;45;90;200;1000;16.874
35.83099515;34.49917355;13647.161;0;25;45;90;200;1000;17.128
35.83565617;34.50732675;13647.161;0;25;45;90;200;1000;17.398
35.8403181;34.51547976;13647.161;0;25;45;90;200;1000;17.614
35.84498094;34.52363258;13647.161;0;25;45;90;200;1000;17.88
35.38910056;33.71506461;13788.582;0;25;45;90;200;1000;11.624
35.39367614;33.72323544;13788.582;0;25;45;90;200;1000;11.477
35.3982526;33.73140609;13788.582;0;25;45;90;200;1000;11.344
35.40282993;33.73957657;13788.582;0;25;45;90;200;1000;11.18
35.40740812;33.74774686;13788.582;0;25;45;90;200;1000;10.897
35.4119872;33.75591697;13788.582;0;25;45;90;200;1000;10.686
35.41656714;33.7640869;13788.582;0;25;45;90;200;1000;10.588
35.42114796;33.77225665;13788.582;0;25;45;90;200;1000;10.377
35.42572965;33.78042622;13788.582;0;25;45;90;200;1000;10.19
35.43031222;33.78859561;13788.582;0;25;45;90;200;1000;9.999
35.43489566;33.79676482;13788.582;0;25;45;90;200;1000;9.844
35.43947997;33.80493385;13788.582;0;25;45;90;200;1000;9.649
35.44406516;33.8131027;13788.582;0;25;45;90;200;1000;9.351
35.44865123;33.82127137;13788.582;0;25;45;90;200;1000;9.015
35.45323817;33.82943986;13788.582;0;25;45;90;200;1000;8.681
35.45782599;33.83760817;13788.582;0;25;45;90;200;1000;8.409
35.46241469;33.8457763;13788.582;0;25;45;90;200;1000;8.178
35.46700427;33.85394424;13788.582;0;25;45;90;200;1000;7.963
35.47159472;33.86211201;13788.582;0;25;45;90;200;1000;7.755
35.47618605;33.87027959;13788.582;0;25;45;90;200;1000;7.637
35.48077826;33.878447;13788.582;0;25;45;90;200;1000;7.432
35.48537135;33.88661422;13788.582;0;25;45;90;200;1000;7.118
35.48996532;33.89478126;13788.582;0;25;45;90;200;1000;6.877
35.49456017;33.90294812;13788.582;0;25;45;90;200;1000;6.636
35.4991559;33.9111148;13788.582;0;25;45;90;200;1000;6.377
35.50375251;33.91928129;13788.582;0;25;45;90;200;1000;6.147
35.50835;33.92744761;13788.582;0;25;45;90;200;1000;5.901
35.51294838;33.93561374;13788.582;0;25;45;90;200;1000;5.708
35.51754763;33.94377969;13788.582;0;25;45;90;200;1000;5.587
35.52214777;33.95194546;13788.582;0;25;45;90;200;1000;5.469
35.52674879;33.96011105;13788.582;0;25;45;90;200;1000;5.321
35.5313507;33.96827646;13788.582;0;25;45;90;200;1000;5.184
35.53595349;33.97644168;13788.582;0;25;45;90;200;1000;5.059
35.54055716;33.98460672;13788.582;0;25;45;90;200;1000;5.05
35.54516172;33.99277158;13788.582;0;25;45;90;200;1000;5.008
35.54976716;34.00093626;13788.582;0;25;45;90;200;1000;4.827
35.55437349;34.00910075;13788.582;0;25;45;90;200;1000;4.697
35.5589807;34.01726507;13788.582;0;25;45;90;200;1000;4.717
35.5635888;34.02542919;13788.582;0;25;45;90;200;1000;4.711
35.56819779;34.03359314;13788.582;0;25;45;90;200;1000;4.745
35.57280767;34.0417569;13788.582;0;25;45;90;200;1000;4.566
35.57741843;34.04992049;13788.582;0;25;45;90;200;1000;4.498
35.58203008;34.05808388;13788.582;0;25;45;90;200;1000;4.643
35.58664262;34.0662471;13788.582;0;25;45;90;200;1000;4.83
35.59125605;34.07441013;13788.582;0;25;45;90;200;1000;5.118
35.59587037;34.08257298;13788.582;0;25;45;90;200;1000;5.342
35.60048557;34.09073564;13788.582;0;25;45;90;200;1000;5.332
35.60510167;34.09889812;13788.582;0;25;45;90;200;1000;5.479
35.60971866;34.10706042;13788.582;0;25;45;90;200;1000;5.71
35.61433654;34.11522254;13788.582;0;25;45;90;200;1000;5.96
35.61895531;34.12338447;13788.582;0;25;45;90;200;1000;6.21
35.62357497;34.13154622;13788.582;0;25;45;90;200;1000;6.476
35.62819553;34.13970778;13788.582;0;25;45;90;200;1000;6.769
35.63281697;34.14786916;13788.582;0;25;45;90;200;1000;6.997
35.63743932;34.15603035;13788.582;0;25;45;90;200;1000;7.285
35.64206255;34.16419136;13788.582;0;25;45;90;200;1000;7.588
35.64668668;34.17235219;13788.582;0;25;45;90;200;1000;7.952
35.6513117;34.18051283;13788.582;0;25;45;90;200;1000;8.281
35.65593762;34.18867329;13788.582;0;25;45;90;200;1000;8.534
35.66056443;34.19683357;13788.582;0;25;45;90;200;1000;8.846
35.66519214;34.20499366;13788.582;0;25;45;90;200;1000;9.064
35.66982075;34.21315356;13788.582;0;25;45;90;200;1000;9.134
35.67445025;34.22131328;13788.582;0;25;45;90;200;1000;9.274
35.67908065;34.22947282;13788.582;0;25;45;90;200;1000;9.349
35.68371194;34.23763217;13788.582;0;25;45;90;200;1000;9.326
35.68834414;34.24579133;13788.582;0;25;45;90;200;1000;9.402
35.69297723;34.25395031;13788.582;0;25;45;90;200;1000;9.548
35.69761122;34.26210911;13788.582;0;25;45;90;200;1000;9.749
35.70224611;34.27026772;13788.582;0;25;45;90;200;1000;10.001
35.7068819;34.27842614;13788.582;0;25;45;90;200;1000;10.156
35.71151859;34.28658438;13788.582;0;25;45;90;200;1000;10.41
35.71615618;34.29474243;13788.582;0;25;45;90;200;1000;10.713
35.72079467;34.3029003;13788.582;0;25;45;90;200;1000;10.983
35.72543407;34.31105798;13788.582;0;25;45;90;200;1000;11.297
35.73007436;34.31921548;13788.582;0;25;45;90;200;1000;11.612
35.73471556;34.32737279;13788.582;0;25;45;90;200;1000;11.835
35.73935766;34.33552992;13788.582;0;25;45;90;200;1000;12.104
35.74400066;34.34368685;13788.582;0;25;45;90;200;1000;12.371
35.74864457;34.35184361;13788.582;0;25;45;90;200;1000;12.657
35.75328937;34.36000017;13788.582;0;25;45;90;200;1000;12.941
35.75793509;34.36815655;13788.582;0;25;45;90;200;1000;13.208
35.76258171;34.37631275;13788.582;0;25;45;90;200;1000;13.421
35.76722923;34.38446875;13788.582;0;25;45;90;200;1000;13.682
35.77187766;34.39262458;13788.582;0;25;45;90;200;1000;13.926
35.776527;34.40078021;13788.582;0;25;45;90;200;1000;14.126
35.78117724;34.40893566;13788.582;0;25;45;90;200;1000;14.384
35.78582839;34.41709092;13788.582;0;25;45;90;200;1000;14.622
35.79048044;34.42524599;13788.582;0;25;45;90;200;1000;14.841
35.79513341;34.43340088;13788.582;0;25;45;90;200;1000;15.034
35.79978728;34.44155558;13788.582;0;25;45;90;200;1000;15.277
35.80444206;34.44971009;13788.582;0;25;45;90;200;1000;15.526
35.80909775;34.45786441;13788.582;0;25;45;90;200;1000;15.816
35.81375435;34.46601855;13788.582;0;25;45;90;200;1000;16.092
35.81841186;34.4741725;13788.582;0;25;45;90;200;1000;16.356
35.82307028;34.48232626;13788.582;0;25;45;90;200;1000;16.613
35.82772961;34.49047984;13788.582;0;25;45;90;200;1000;16.852
35.83238985;34.49863323;13788.582;0;25;45;90;200;1000;17.097
35.83705101;34.50678643;13788.582;0;25;45;90;200;1000;17.34
35.84171307;34.51493944;13788.582;0;25;45;90;200;1000;17.612
35.84637605;34.52309226;13788.582;0;25;45;90;200;1000;17.902
35.39048247;33.71452425;13930.004;0;25;45;90;200;1000;11.667
35.39505819;33.72269508;13930.004;0;25;45;90;200;1000;11.524
35.39963477;33.73086573;13930.004;0;25;45;90;200;1000;11.4
35.40421223;33.7390362;13930.004;0;25;45;90;200;1000;11.222
35.40879056;33.74720649;13930.004;0;25;45;90;200;1000;10.941
35.41336976;33.75537661;13930.004;0;25;45;90;200;1000;10.751
35.41794984;33.76354654;13930.004;0;25;45;90;200;1000;10.639
35.42253079;33.77171629;13930.004;0;25;45;90;200;1000;10.434
35.42711261;33.77988586;13930.004;0;25;45;90;200;1000;10.251
35.43169531;33.78805525;13930.004;0;25;45;90;200;1000;10.025
35.43627888;33.79622446;13930.004;0;25;45;90;200;1000;9.906
35.44086332;33.80439349;13930.004;0;25;45;90;200;1000;9.708
35.44544865;33.81256234;13930.004;0;25;45;90;200;1000;9.38
35.45003484;33.82073101;13930.004;0;25;45;90;200;1000;9.023
35.45462192;33.8288995;13930.004;0;25;45;90;200;1000;8.693
35.45920987;33.83706781;13930.004;0;25;45;90;200;1000;8.433
35.4637987;33.84523594;13930.004;0;25;45;90;200;1000;8.228
35.46838841;33.85340388;13930.004;0;25;45;90;200;1000;8.019
35.47297899;33.86157165;13930.004;0;25;45;90;200;1000;7.812
35.47757045;33.86973923;13930.004;0;25;45;90;200;1000;7.68
35.4821628;33.87790664;13930.004;0;25;45;90;200;1000;7.478
35.48675602;33.88607386;13930.004;0;25;45;90;200;1000;7.131
35.49135012;33.8942409;13930.004;0;25;45;90;200;1000;6.901
35.4959451;33.90240776;13930.004;0;25;45;90;200;1000;6.665
35.50054096;33.91057444;13930.004;0;25;45;90;200;1000;6.435
35.5051377;33.91874094;13930.004;0;25;45;90;200;1000;6.187
35.50973533;33.92690725;13930.004;0;25;45;90;200;1000;5.961
35.51433383;33.93507339;13930.004;0;25;45;90;200;1000;5.761
35.51893322;33.94323934;13930.004;0;25;45;90;200;1000;5.647
35.52353349;33.95140511;13930.004;0;25;45;90;200;1000;5.516
35.52813464;33.9595707;13930.004;0;25;45;90;200;1000;5.35
35.53273668;33.9677361;13930.004;0;25;45;90;200;1000;5.235
35.5373396;33.97590133;13930.004;0;25;45;90;200;1000;5.102
35.54194341;33.98406637;13930.004;0;25;45;90;200;1000;5.112
35.5465481;33.99223123;13930.004;0;25;45;90;200;1000;5.074
35.55115367;34.0003959;13930.004;0;25;45;90;200;1000;4.881
35.55576013;34.0085604;13930.004;0;25;45;90;200;1000;4.758
35.56036748;34.01672471;13930.004;0;25;45;90;200;1000;4.801
35.56497571;34.02488884;13930.004;0;25;45;90;200;1000;4.878
35.56958484;34.03305279;13930.004;0;25;45;90;200;1000;4.883
35.57419484;34.04121655;13930.004;0;25;45;90;200;1000;4.662
35.57880574;34.04938013;13930.004;0;25;45;90;200;1000;4.577
35.58341752;34.05754353;13930.004;0;25;45;90;200;1000;4.711
35.58803019;34.06570675;13930.004;0;25;45;90;200;1000;4.878
35.59264376;34.07386978;13930.004;0;25;45;90;200;1000;5.158
35.59725821;34.08203263;13930.004;0;25;45;90;200;1000;5.443
35.60187355;34.09019529;13930.004;0;25;45;90;200;1000;5.497
35.60648978;34.09835777;13930.004;0;25;45;90;200;1000;5.765
35.6111069;34.10652007;13930.004;0;25;45;90;200;1000;5.824
35.61572491;34.11468219;13930.004;0;25;45;90;200;1000;6.015
35.62034381;34.12284412;13930.004;0;25;45;90;200;1000;6.295
35.62496361;34.13100586;13930.004;0;25;45;90;200;1000;6.542
35.6295843;34.13916743;13930.004;0;25;45;90;200;1000;6.819
35.63420588;34.14732881;13930.004;0;25;45;90;200;1000;7.036
35.63882835;34.15549;13930.004;0;25;45;90;200;1000;7.32
35.64345172;34.16365101;13930.004;0;25;45;90;200;1000;7.612
35.64807598;34.17181184;13930.004;0;25;45;90;200;1000;7.931
35.65270114;34.17997249;13930.004;0;25;45;90;200;1000;8.296
35.65732719;34.18813294;13930.004;0;25;45;90;200;1000;8.611
35.66195414;34.19629322;13930.004;0;25;45;90;200;1000;8.883
35.66658198;34.20445331;13930.004;0;25;45;90;200;1000;9.149
35.67121072;34.21261321;13930.004;0;25;45;90;200;1000;9.22
35.67584036;34.22077293;13930.004;0;25;45;90;200;1000;9.344
35.68047089;34.22893247;13930.004;0;25;45;90;200;1000;9.415
35.68510232;34.23709182;13930.004;0;25;45;90;200;1000;9.389
35.68973465;34.24525098;13930.004;0;25;45;90;200;1000;9.468
35.69436787;34.25340996;13930.004;0;25;45;90;200;1000;9.584
35.699002;34.26156876;13930.004;0;25;45;90;200;1000;9.804
35.70363702;34.26972737;13930.004;0;25;45;90;200;1000;10.025
35.70827295;34.27788579;13930.004;0;25;45;90;200;1000;10.214
35.71290977;34.28604403;13930.004;0;25;45;90;200;1000;10.432
35.7175475;34.29420209;13930.004;0;25;45;90;200;1000;10.714
35.72218612;34.30235996;13930.004;0;25;45;90;200;1000;11.031
35.72682565;34.31051764;13930.004;0;25;45;90;200;1000;11.3
35.73146608;34.31867514;13930.004;0;25;45;90;200;1000;11.626
35.73610741;34.32683245;13930.004;0;25;45;90;200;1000;11.882
35.74074964;34.33498957;13930.004;0;25;45;90;200;1000;12.113
35.74539278;34.34314651;13930.004;0;25;45;90;200;1000;12.344
35.75003682;34.35130326;13930.004;0;25;45;90;200;1000;12.638
35.75468176;34.35945983;13930.004;0;25;45;90;200;1000;12.905
35.75932761;34.36761621;13930.004;0;25;45;90;200;1000;13.164
35.76397437;34.3757724;13930.004;0;25;45;90;200;1000;13.407
35.76862202;34.38392841;13930.004;0;25;45;90;200;1000;13.645
35.77327059;34.39208423;13930.004;0;25;45;90;200;1000;13.92
35.77792006;34.40023987;13930.004;0;25;45;90;200;1000;14.165
35.78257044;34.40839531;13930.004;0;25;45;90;200;1000;14.414
35.78722172;34.41655058;13930.004;0;25;45;90;200;1000;14.635
35.79187391;34.42470565;13930.004;0;25;45;90;200;1000;14.856
35.79652701;34.43286054;13930.004;0;25;45;90;200;1000;15.078
35.80118102;34.44101524;13930.004;0;25;45;90;200;1000;15.311
35.80583593;34.44916975;13930.004;0;25;45;90;200;1000;15.557
35.81049176;34.45732407;13930.004;0;25;45;90;200;1000;15.818
35.81514849;34.46547821;13930.004;0;25;45;90;200;1000;16.063
35.81980614;34.47363216;13930.004;0;25;45;90;200;1000;16.332
35.82446469;34.48178593;13930.004;0;25;45;90;200;1000;16.564
35.82912416;34.4899395;13930.004;0;25;45;90;200;1000;16.823
35.83378454;34.49809289;13930.004;0;25;45;90;200;1000;17.051
35.83844583;34.50624609;13930.004;0;25;45;90;200;1000;17.317
35.84310803;34.5143991;13930.004;0;25;45;90;200;1000;17.606
35.84777114;34.52255192;13930.004;0;25;45;90;200;1000;17.909
35.39186436;33.71398387;14071.425;0;25;45;90;200;1000;11.711
35.39644021;33.7221547;14071.425;0;25;45;90;200;1000;11.578
35.40101693;33.73032535;14071.425;0;25;45;90;200;1000;11.456
35.40559451;33.73849583;14071.425;0;25;45;90;200;1000;11.243
35.41017298;33.74666612;14071.425;0;25;45;90;200;1000;10.988
35.41475231;33.75483623;14071.425;0;25;45;90;200;1000;10.821
35.41933251;33.76300616;14071.425;0;25;45;90;200;1000;10.736
35.42391359;33.77117591;14071.425;0;25;45;90;200;1000;10.505
35.42849555;33.77934548;14071.425;0;25;45;90;200;1000;10.302
35.43307838;33.78751487;14071.425;0;25;45;90;200;1000;10.086
35.43766208;33.79568408;14071.425;0;25;45;90;200;1000;9.981
35.44224666;33.80385312;14071.425;0;25;45;90;200;1000;9.748
35.44683211;33.81202197;14071.425;0;25;45;90;200;1000;9.43
35.45141844;33.82019064;14071.425;0;25;45;90;200;1000;9.066
35.45600565;33.82835913;14071.425;0;25;45;90;200;1000;8.73
35.46059373;33.83652743;14071.425;0;25;45;90;200;1000;8.495
35.46518269;33.84469556;14071.425;0;25;45;90;200;1000;8.27
35.46977253;33.85286351;14071.425;0;25;45;90;200;1000;8.085
35.47436324;33.86103127;14071.425;0;25;45;90;200;1000;7.878
35.47895484;33.86919886;14071.425;0;25;45;90;200;1000;7.744
35.48354731;33.87736626;14071.425;0;25;45;90;200;1000;7.508
35.48814066;33.88553349;14071.425;0;25;45;90;200;1000;7.186
35.4927349;33.89370053;14071.425;0;25;45;90;200;1000;6.944
35.49733001;33.90186739;14071.425;0;25;45;90;200;1000;6.743
35.501926;33.91003407;14071.425;0;25;45;90;200;1000;6.48
35.50652288;33.91820056;14071.425;0;25;45;90;200;1000;6.226
35.51112063;33.92636688;14071.425;0;25;45;90;200;1000;6.012
35.51571927;33.93453301;14071.425;0;25;45;90;200;1000;5.813
35.52031879;33.94269897;14071.425;0;25;45;90;200;1000;5.703
35.52491919;33.95086474;14071.425;0;25;45;90;200;1000;5.566
35.52952048;33.95903033;14071.425;0;25;45;90;200;1000;5.396
35.53412265;33.96719573;14071.425;0;25;45;90;200;1000;5.283
35.5387257;33.97536096;14071.425;0;25;45;90;200;1000;5.146
35.54332964;33.983526;14071.425;0;25;45;90;200;1000;5.154
35.54793446;33.99169086;14071.425;0;25;45;90;200;1000;5.136
35.55254017;33.99985553;14071.425;0;25;45;90;200;1000;4.938
35.55714676;34.00802003;14071.425;0;25;45;90;200;1000;4.834
35.56175424;34.01618434;14071.425;0;25;45;90;200;1000;4.874
35.56636261;34.02434847;14071.425;0;25;45;90;200;1000;4.987
35.57097186;34.03251242;14071.425;0;25;45;90;200;1000;4.969
35.575582;34.04067618;14071.425;0;25;45;90;200;1000;4.758
35.58019303;34.04883976;14071.425;0;25;45;90;200;1000;4.689
35.58480495;34.05700316;14071.425;0;25;45;90;200;1000;4.798
35.58941775;34.06516638;14071.425;0;25;45;90;200;1000;4.971
35.59403144;34.07332941;14071.425;0;25;45;90;200;1000;5.262
35.59864603;34.08149226;14071.425;0;25;45;90;200;1000;5.555
35.6032615;34.08965492;14071.425;0;25;45;90;200;1000;5.587
35.60787787;34.09781741;14071.425;0;25;45;90;200;1000;5.945
35.61249512;34.1059797;14071.425;0;25;45;90;200;1000;5.938
35.61711326;34.11414182;14071.425;0;25;45;90;200;1000;6.084
35.6217323;34.12230375;14071.425;0;25;45;90;200;1000;6.372
35.62635223;34.1304655;14071.425;0;25;45;90;200;1000;6.558
35.63097305;34.13862706;14071.425;0;25;45;90;200;1000;6.87
35.63559477;34.14678844;14071.425;0;25;45;90;200;1000;7.104
35.64021737;34.15494964;14071.425;0;25;45;90;200;1000;7.403
35.64484088;34.16311065;14071.425;0;25;45;90;200;1000;7.642
35.64946527;34.17127148;14071.425;0;25;45;90;200;1000;7.937
35.65409056;34.17943212;14071.425;0;25;45;90;200;1000;8.266
35.65871675;34.18759258;14071.425;0;25;45;90;200;1000;8.582
35.66334383;34.19575285;14071.425;0;25;45;90;200;1000;8.9
35.6679718;34.20391294;14071.425;0;25;45;90;200;1000;9.228
35.67260068;34.21207285;14071.425;0;25;45;90;200;1000;9.31
35.67723045;34.22023257;14071.425;0;25;45;90;200;1000;9.421
35.68186111;34.2283921;14071.425;0;25;45;90;200;1000;9.471
35.68649268;34.23655146;14071.425;0;25;45;90;200;1000;9.45
35.69112514;34.24471062;14071.425;0;25;45;90;200;1000;9.525
35.6957585;34.2528696;14071.425;0;25;45;90;200;1000;9.644
35.70039276;34.2610284;14071.425;0;25;45;90;200;1000;9.848
35.70502792;34.26918701;14071.425;0;25;45;90;200;1000;10.066
35.70966397;34.27734543;14071.425;0;25;45;90;200;1000;10.266
35.71430093;34.28550367;14071.425;0;25;45;90;200;1000;10.464
35.71893879;34.29366173;14071.425;0;25;45;90;200;1000;10.726
35.72357755;34.3018196;14071.425;0;25;45;90;200;1000;11.008
35.72821721;34.30997728;14071.425;0;25;45;90;200;1000;11.312
35.73285778;34.31813478;14071.425;0;25;45;90;200;1000;11.58
35.73749924;34.32629209;14071.425;0;25;45;90;200;1000;11.842
35.74214161;34.33444921;14071.425;0;25;45;90;200;1000;12.081
35.74678488;34.34260615;14071.425;0;25;45;90;200;1000;12.316
35.75142906;34.3507629;14071.425;0;25;45;90;200;1000;12.596
35.75607413;34.35891947;14071.425;0;25;45;90;200;1000;12.889
35.76072012;34.36707585;14071.425;0;25;45;90;200;1000;13.129
35.76536701;34.37523205;14071.425;0;25;45;90;200;1000;13.376
35.7700148;34.38338805;14071.425;0;25;45;90;200;1000;13.609
35.7746635;34.39154387;14071.425;0;25;45;90;200;1000;13.881
35.7793131;34.39969951;14071.425;0;25;45;90;200;1000;14.151
35.78396361;34.40785496;14071.425;0;25;45;90;200;1000;14.402
35.78861503;34.41601022;14071.425;0;25;45;90;200;1000;14.627
35.79326736;34.42416529;14071.425;0;25;45;90;200;1000;14.858
35.79792059;34.43232018;14071.425;0;25;45;90;200;1000;15.101
35.80257474;34.44047488;14071.425;0;25;45;90;200;1000;15.337
35.80722979;34.44862939;14071.425;0;25;45;90;200;1000;15.579
35.81188575;34.45678372;14071.425;0;25;45;90;200;1000;15.828
35.81654262;34.46493786;14071.425;0;25;45;90;200;1000;16.062
35.8212004;34.47309181;14071.425;0;25;45;90;200;1000;16.304
35.82585909;34.48124557;14071.425;0;25;45;90;200;1000;16.551
35.83051869;34.48939915;14071.425;0;25;45;90;200;1000;16.787
35.8351792;34.49755253;14071.425;0;25;45;90;200;1000;17.034
35.83984063;34.50570573;14071.425;0;25;45;90;200;1000;17.304
35.84450296;34.51385875;14071.425;0;25;45;90;200;1000;17.632
35.84916621;34.52201157;14071.425;0;25;45;90;200;1000;17.899
